FILHO,0,0,29171,73.9905,1
FILHO,0,2,29173,75.3755,1
FILHO,0,1,29172,76.8622,1
FILHO,0,3,29174,77.8628,1
FILHO,0,4,29175,78.7940,1
FILHO,0,6,29177,79.7279,1
FILHO,0,5,29176,80.6970,1
FILHO,0,7,29178,81.7843,1
WAIT,0,0,0,29171,81.9495,1
WAIT,0,1,1,29172,81.9736,1
WAIT,0,2,2,29173,81.9800,1
WAIT,0,3,3,29174,81.9878,1
WAIT,0,4,4,29175,81.9933,1
WAIT,0,5,5,29176,82.0016,1
WAIT,0,6,6,29177,82.0072,1
WAIT,0,7,7,29178,82.0148,1
FILHO,1,0,29181,73.5347,1
FILHO,1,2,29183,74.5979,1
FILHO,1,4,29185,76.0549,1
FILHO,1,1,29182,77.0473,1
FILHO,1,3,29184,77.8982,1
FILHO,1,7,29188,78.7451,1
FILHO,1,6,29187,79.6916,1
FILHO,1,5,29186,80.7525,1
WAIT,1,0,0,29181,80.9080,1
WAIT,1,1,1,29182,80.9365,1
WAIT,1,2,2,29183,80.9408,1
WAIT,1,3,3,29184,80.9450,1
WAIT,1,4,4,29185,80.9515,1
WAIT,1,5,5,29186,80.9551,1
WAIT,1,6,6,29187,80.9587,1
WAIT,1,7,7,29188,80.9628,1
FILHO,2,2,29193,75.2185,1
FILHO,2,7,29198,85.0413,1
FILHO,2,0,29191,90.2046,1
WAIT,2,0,0,29191,93.5848,1
WAIT,2,1,2,29193,93.6294,1
WAIT,2,2,7,29198,93.6379,1
FILHO,2,3,29194,94.8346,1
WAIT,2,3,3,29194,95.0363,1
FILHO,2,5,29196,95.4242,1
FILHO,2,1,29192,95.8864,1
WAIT,2,4,1,29192,96.0827,1
WAIT,2,5,5,29196,96.1259,1
FILHO,2,4,29195,96.2254,1
WAIT,2,6,4,29195,96.4096,1
FILHO,2,6,29197,96.5783,1
WAIT,2,7,6,29197,96.7690,1
FILHO,3,0,29208,73.5955,1
FILHO,3,1,29209,74.7775,1
FILHO,3,2,29210,75.7215,1
FILHO,3,3,29211,76.8145,1
FILHO,3,4,29212,77.7449,1
FILHO,3,6,29214,78.7318,1
FILHO,3,5,29213,80.2241,1
FILHO,3,7,29215,81.9368,1
WAIT,3,0,0,29208,82.1178,1
WAIT,3,1,1,29209,82.1483,1
WAIT,3,2,2,29210,82.1548,1
WAIT,3,3,3,29211,82.1611,1
WAIT,3,4,4,29212,82.1662,1
WAIT,3,5,5,29213,82.1737,1
WAIT,3,6,6,29214,82.1795,1
WAIT,3,7,7,29215,82.1852,1
FILHO,4,0,29218,73.3252,1
FILHO,4,2,29220,74.4531,1
FILHO,4,1,29219,75.4822,1
FILHO,4,3,29221,76.3731,1
FILHO,4,4,29222,77.3804,1
FILHO,4,5,29223,78.4320,1
FILHO,4,7,29225,80.6194,1
WAIT,4,0,0,29218,80.7783,1
WAIT,4,1,1,29219,80.8142,1
WAIT,4,2,2,29220,80.8193,1
WAIT,4,3,3,29221,80.8244,1
WAIT,4,4,4,29222,80.8289,1
WAIT,4,5,5,29223,80.8325,1
WAIT,4,6,7,29225,80.8362,1
FILHO,4,6,29224,81.1238,1
WAIT,4,7,6,29224,81.2569,1
FILHO,5,0,29229,73.4848,1
FILHO,5,2,29231,74.8362,1
FILHO,5,3,29232,75.8983,1
FILHO,5,1,29230,76.8617,1
FILHO,5,4,29233,78.0547,1
FILHO,5,5,29234,79.4678,1
FILHO,5,6,29235,80.5254,1
FILHO,5,7,29236,81.4963,1
WAIT,5,0,0,29229,81.6566,1
WAIT,5,1,1,29230,81.6862,1
WAIT,5,2,2,29231,81.6959,1
WAIT,5,3,3,29232,81.7065,1
WAIT,5,4,4,29233,81.7143,1
WAIT,5,5,5,29234,81.7224,1
WAIT,5,6,6,29235,81.7310,1
WAIT,5,7,7,29236,81.7411,1
FILHO,6,0,29239,73.3205,1
FILHO,6,1,29240,74.4882,1
FILHO,6,3,29242,75.4753,1
FILHO,6,2,29241,76.4419,1
FILHO,6,5,29244,77.5566,1
FILHO,6,6,29245,78.8031,1
FILHO,6,7,29246,80.1382,1
FILHO,6,4,29243,81.4070,1
WAIT,6,0,0,29239,81.5676,1
WAIT,6,1,1,29240,81.5910,1
WAIT,6,2,2,29241,81.5971,1
WAIT,6,3,3,29242,81.6058,1
WAIT,6,4,4,29243,81.6130,1
WAIT,6,5,5,29244,81.6187,1
WAIT,6,6,6,29245,81.6274,1
WAIT,6,7,7,29246,81.6338,1
FILHO,7,0,29249,73.2206,1
FILHO,7,1,29250,74.3382,1
FILHO,7,2,29251,75.2292,1
FILHO,7,3,29252,76.1578,1
FILHO,7,4,29253,77.2139,1
FILHO,7,6,29255,78.4167,1
FILHO,7,7,29256,79.6493,1
FILHO,7,5,29254,80.4573,1
WAIT,7,0,0,29249,80.6044,1
WAIT,7,1,1,29250,80.6329,1
WAIT,7,2,2,29251,80.6376,1
WAIT,7,3,3,29252,80.6415,1
WAIT,7,4,4,29253,80.6479,1
WAIT,7,5,5,29254,80.6515,1
WAIT,7,6,6,29255,80.6551,1
WAIT,7,7,7,29256,80.6589,1
FILHO,8,0,29259,73.2517,1
FILHO,8,1,29260,74.2286,1
FILHO,8,3,29262,75.2113,1
FILHO,8,4,29263,76.1397,1
FILHO,8,2,29261,77.8053,1
FILHO,8,5,29264,80.3825,1
FILHO,8,7,29266,81.3512,1
WAIT,8,0,0,29259,81.5051,1
WAIT,8,1,1,29260,81.5383,1
WAIT,8,2,2,29261,81.5436,1
WAIT,8,3,3,29262,81.5497,1
WAIT,8,4,4,29263,81.5538,1
WAIT,8,5,5,29264,81.5579,1
WAIT,8,6,7,29266,81.5639,1
FILHO,8,6,29265,81.9308,1
WAIT,8,7,6,29265,82.0684,1
FILHO,9,0,29269,73.2666,1
FILHO,9,3,29272,74.3207,1
FILHO,9,2,29271,75.2516,1
FILHO,9,1,29270,76.1882,1
FILHO,9,5,29274,77.2529,1
FILHO,9,4,29273,78.7170,1
FILHO,9,7,29276,80.0591,1
FILHO,9,6,29275,80.6558,1
WAIT,9,0,0,29269,80.8045,1
WAIT,9,1,1,29270,80.8321,1
WAIT,9,2,2,29271,80.8374,1
WAIT,9,3,3,29272,80.8414,1
WAIT,9,4,4,29273,80.8475,1
WAIT,9,5,5,29274,80.8512,1
WAIT,9,6,6,29275,80.8570,1
WAIT,9,7,7,29276,80.8611,1
FILHO,10,0,29279,73.3559,1
FILHO,10,2,29281,74.4831,1
FILHO,10,1,29280,75.9419,1
FILHO,10,3,29282,77.0471,1
FILHO,10,4,29283,78.1901,1
FILHO,10,7,29286,80.2462,1
FILHO,10,6,29285,81.2237,1
WAIT,10,0,0,29279,81.4035,1
WAIT,10,1,1,29280,81.4326,1
WAIT,10,2,2,29281,81.4393,1
WAIT,10,3,3,29282,81.4490,1
WAIT,10,4,4,29283,81.4568,1
WAIT,10,5,6,29285,81.4626,1
WAIT,10,6,7,29286,81.4713,1
FILHO,10,5,29284,81.9682,1
WAIT,10,7,5,29284,82.1102,1
FILHO,11,0,29289,74.1011,1
FILHO,11,2,29291,75.3243,1
FILHO,11,3,29292,76.5383,1
FILHO,11,1,29290,78.1632,1
FILHO,11,4,29293,79.7170,1
FILHO,11,5,29294,81.3297,1
FILHO,11,7,29296,83.3748,1
WAIT,11,0,0,29289,83.8765,1
WAIT,11,1,1,29290,83.9179,1
WAIT,11,2,2,29291,83.9387,1
WAIT,11,3,3,29292,83.9566,1
WAIT,11,4,4,29293,83.9751,1
WAIT,11,5,5,29294,83.9939,1
WAIT,11,6,7,29296,84.0120,1
FILHO,11,6,29295,84.5038,1
WAIT,11,7,6,29295,84.6546,1
FILHO,12,0,29319,73.2197,1
FILHO,12,1,29320,74.2768,1
FILHO,12,4,29323,75.7641,1
FILHO,12,2,29321,76.6256,1
FILHO,12,3,29322,77.7742,1
FILHO,12,5,29324,78.7094,1
FILHO,12,6,29325,79.6416,1
FILHO,12,7,29326,80.4609,1
WAIT,12,0,0,29319,80.6086,1
WAIT,12,1,1,29320,80.6386,1
WAIT,12,2,2,29321,80.6444,1
WAIT,12,3,3,29322,80.6503,1
WAIT,12,4,4,29323,80.6541,1
WAIT,12,5,5,29324,80.6579,1
WAIT,12,6,6,29325,80.6620,1
WAIT,12,7,7,29326,80.6674,1
FILHO,13,0,29329,73.6028,1
FILHO,13,3,29332,74.7436,1
FILHO,13,1,29330,75.8686,1
FILHO,13,2,29331,76.8676,1
FILHO,13,4,29333,77.8887,1
FILHO,13,5,29334,79.4178,1
FILHO,13,7,29336,80.3046,1
FILHO,13,6,29335,81.2733,1
WAIT,13,0,0,29329,81.4236,1
WAIT,13,1,1,29330,81.4530,1
WAIT,13,2,2,29331,81.4575,1
WAIT,13,3,3,29332,81.4764,1
WAIT,13,4,4,29333,81.4822,1
WAIT,13,5,6,29335,81.4864,1
WAIT,13,6,7,29336,81.4904,1
WAIT,13,7,5,29334,81.5954,1
FILHO,14,0,29339,73.3937,1
FILHO,14,1,29340,74.4833,1
FILHO,14,3,29342,75.5107,1
FILHO,14,4,29343,77.0473,1
FILHO,14,2,29341,78.2988,1
FILHO,14,5,29344,80.3800,1
FILHO,14,7,29346,81.5250,1
WAIT,14,0,0,29339,81.6749,1
WAIT,14,1,1,29340,81.7054,1
WAIT,14,2,2,29341,81.7110,1
WAIT,14,3,3,29342,81.7152,1
WAIT,14,4,4,29343,81.7209,1
WAIT,14,5,5,29344,81.7247,1
WAIT,14,6,7,29346,81.7288,1
FILHO,14,6,29345,81.8902,1
WAIT,14,7,6,29345,82.0192,1
FILHO,15,0,29349,73.6636,1
FILHO,15,2,29351,75.7776,1
FILHO,15,1,29350,77.2629,1
FILHO,15,3,29352,78.2158,1
FILHO,15,4,29353,80.8207,1
FILHO,15,6,29355,82.1823,1
FILHO,15,7,29356,83.2993,1
WAIT,15,0,0,29349,83.4614,1
WAIT,15,1,1,29350,83.4922,1
WAIT,15,2,2,29351,83.4984,1
WAIT,15,3,3,29352,83.5056,1
WAIT,15,4,4,29353,83.5122,1
WAIT,15,5,6,29355,83.5185,1
WAIT,15,6,7,29356,83.5241,1
FILHO,15,5,29354,79.6620,1
WAIT,15,7,5,29354,83.6677,1
FILHO,16,1,29360,73.4916,1
FILHO,16,3,29362,74.6240,1
FILHO,16,4,29363,75.8002,1
FILHO,16,2,29361,76.8386,1
FILHO,16,5,29364,78.3043,1
FILHO,16,0,29359,79.2233,1
FILHO,16,6,29365,80.2299,1
FILHO,16,7,29366,81.2059,1
WAIT,16,0,0,29359,81.3728,1
WAIT,16,1,1,29360,81.4035,1
WAIT,16,2,2,29361,81.4104,1
WAIT,16,3,3,29362,81.4162,1
WAIT,16,4,4,29363,81.4257,1
WAIT,16,5,5,29364,81.4322,1
WAIT,16,6,6,29365,81.4382,1
WAIT,16,7,7,29366,81.4435,1
FILHO,17,1,29371,73.9494,1
FILHO,17,3,29373,75.9861,1
FILHO,17,2,29372,78.0952,1
FILHO,17,4,29374,81.5029,1
FILHO,17,5,29375,82.5806,1
FILHO,17,7,29377,84.9831,1
FILHO,17,6,29376,85.9178,1
WAIT,17,0,1,29371,86.0810,1
WAIT,17,1,2,29372,86.1151,1
WAIT,17,2,3,29373,86.1271,1
WAIT,17,3,4,29374,86.1352,1
WAIT,17,4,5,29375,86.1456,1
WAIT,17,5,6,29376,86.1541,1
WAIT,17,6,7,29377,86.1648,1
FILHO,17,0,29370,86.7928,1
WAIT,17,7,0,29370,86.9414,1
FILHO,18,0,29380,73.2921,1
FILHO,18,2,29382,74.4093,1
FILHO,18,1,29381,75.5397,1
FILHO,18,3,29383,77.1337,1
FILHO,18,4,29384,78.7739,1
FILHO,18,5,29385,79.7451,1
FILHO,18,6,29386,80.7093,1
FILHO,18,7,29387,81.7424,1
WAIT,18,0,0,29380,81.8892,1
WAIT,18,1,1,29381,81.9171,1
WAIT,18,2,2,29382,81.9217,1
WAIT,18,3,3,29383,81.9267,1
WAIT,18,4,4,29384,81.9311,1
WAIT,18,5,5,29385,81.9349,1
WAIT,18,6,6,29386,81.9386,1
WAIT,18,7,7,29387,81.9444,1
FILHO,19,0,29390,73.2773,1
FILHO,19,4,29394,74.3271,1
FILHO,19,1,29391,75.5050,1
FILHO,19,2,29392,77.0339,1
FILHO,19,6,29396,78.0412,1
FILHO,19,5,29395,79.9887,1
FILHO,19,7,29397,80.9600,1
WAIT,19,0,0,29390,81.1091,1
WAIT,19,1,1,29391,81.1378,1
WAIT,19,2,2,29392,81.1423,1
WAIT,19,3,4,29394,81.1461,1
WAIT,19,4,5,29395,81.1506,1
WAIT,19,5,6,29396,81.1562,1
WAIT,19,6,7,29397,81.1601,1
FILHO,19,3,29393,81.6577,1
WAIT,19,7,3,29393,81.7981,1
FILHO,20,5,29405,83.9923,1
FILHO,20,6,29406,91.8516,1
FILHO,20,7,29407,93.7949,1
WAIT,20,0,5,29405,93.9740,1
WAIT,20,1,6,29406,94.0173,1
WAIT,20,2,7,29407,94.0425,1
FILHO,20,1,29401,95.5784,1
WAIT,20,3,1,29401,95.7587,1
FILHO,20,0,29400,95.9374,1
WAIT,20,4,0,29400,96.1058,1
FILHO,20,2,29402,96.5516,1
WAIT,20,5,2,29402,96.7235,1
FILHO,20,4,29404,96.9463,1
WAIT,20,6,4,29404,97.1179,1
FILHO,20,3,29403,97.6395,1
WAIT,20,7,3,29403,97.8041,1
FILHO,21,0,29416,73.4063,1
FILHO,21,3,29419,74.8169,1
FILHO,21,1,29417,76.2396,1
FILHO,21,2,29418,77.5591,1
FILHO,21,5,29421,78.4511,1
FILHO,21,4,29420,79.4513,1
FILHO,21,7,29423,81.8281,1
WAIT,21,0,0,29416,81.9768,1
WAIT,21,1,1,29417,82.0007,1
WAIT,21,2,2,29418,82.0051,1
WAIT,21,3,3,29419,82.0091,1
WAIT,21,4,4,29420,82.0127,1
WAIT,21,5,5,29421,82.0195,1
WAIT,21,6,7,29423,82.0239,1
FILHO,21,6,29422,82.7823,1
WAIT,21,7,6,29422,82.9525,1
FILHO,22,1,29427,73.9302,1
FILHO,22,0,29426,75.9280,1
FILHO,22,2,29428,77.6473,1
FILHO,22,4,29430,79.4547,1
FILHO,22,3,29429,80.9238,1
WAIT,22,0,0,29426,81.0740,1
WAIT,22,1,1,29427,81.1082,1
WAIT,22,2,2,29428,81.1131,1
WAIT,22,3,3,29429,81.1192,1
WAIT,22,4,4,29430,81.1230,1
FILHO,22,5,29431,82.2788,1
FILHO,22,6,29432,83.3588,1
FILHO,22,7,29433,84.2973,1
WAIT,22,5,5,29431,84.4530,1
WAIT,22,6,6,29432,84.4653,1
WAIT,22,7,7,29433,84.4714,1
FILHO,23,0,29436,73.9414,1
FILHO,23,3,29439,75.7329,1
FILHO,23,1,29437,77.1499,1
FILHO,23,2,29438,78.5704,1
FILHO,23,5,29441,80.0337,1
FILHO,23,7,29443,81.2984,1
FILHO,23,6,29442,82.5741,1
WAIT,23,0,0,29436,83.2245,1
WAIT,23,1,1,29437,83.2457,1
WAIT,23,2,2,29438,83.2500,1
WAIT,23,3,3,29439,83.2548,1
WAIT,23,4,5,29441,83.2609,1
WAIT,23,5,6,29442,83.2646,1
WAIT,23,6,7,29443,83.2685,1
FILHO,23,4,29440,83.4327,1
WAIT,23,7,4,29440,83.5680,1
FILHO,24,0,29462,73.3605,1
FILHO,24,1,29463,74.5411,1
FILHO,24,2,29464,75.6945,1
FILHO,24,3,29465,76.9586,1
FILHO,24,4,29466,78.1386,1
FILHO,24,5,29467,79.1545,1
FILHO,24,6,29468,80.0975,1
FILHO,24,7,29469,81.0796,1
WAIT,24,0,0,29462,81.2431,1
WAIT,24,1,1,29463,81.2682,1
WAIT,24,2,2,29464,81.2755,1
WAIT,24,3,3,29465,81.2811,1
WAIT,24,4,4,29466,81.2876,1
WAIT,24,5,5,29467,81.2943,1
WAIT,24,6,6,29468,81.3007,1
WAIT,24,7,7,29469,81.3061,1
FILHO,25,3,29475,80.1456,1
FILHO,25,4,29476,83.0490,1
FILHO,25,2,29474,86.0055,1
FILHO,25,6,29478,91.2595,1
WAIT,25,0,2,29474,94.3573,1
WAIT,25,1,4,29476,94.3973,1
FILHO,25,5,29477,95.8720,1
WAIT,25,2,5,29477,96.0938,1
FILHO,25,1,29473,96.5755,1
WAIT,25,3,1,29473,96.7851,1
WAIT,25,4,3,29475,96.8658,1
FILHO,25,0,29472,75.2561,1
WAIT,25,5,0,29472,97.0419,1
WAIT,25,6,6,29478,97.2000,1
FILHO,25,7,29479,97.5794,1
WAIT,25,7,7,29479,97.7742,1
FILHO,26,0,29482,74.6786,1
FILHO,26,1,29483,77.2287,1
FILHO,26,2,29484,79.9121,1
FILHO,26,4,29486,82.0174,1
FILHO,26,6,29488,85.8969,1
FILHO,26,5,29487,87.8041,1
FILHO,26,7,29489,89.7236,1
WAIT,26,0,0,29482,89.8711,1
WAIT,26,1,2,29484,89.8940,1
WAIT,26,2,4,29486,89.8983,1
WAIT,26,3,5,29487,89.9023,1
WAIT,26,4,6,29488,89.9085,1
WAIT,26,5,7,29489,89.9123,1
FILHO,26,3,29485,90.1232,1
WAIT,26,6,3,29485,90.2537,1
WAIT,26,7,1,29483,90.3878,1
FILHO,27,0,29492,73.3571,1
FILHO,27,2,29494,74.5716,1
FILHO,27,1,29493,76.0869,1
FILHO,27,3,29495,77.0682,1
FILHO,27,4,29496,78.6838,1
FILHO,27,6,29498,79.9925,1
FILHO,27,7,29499,81.1226,1
FILHO,27,5,29497,81.9897,1
WAIT,27,0,0,29492,82.1355,1
WAIT,27,1,1,29493,82.1609,1
WAIT,27,2,2,29494,82.1654,1
WAIT,27,3,3,29495,82.1873,1
WAIT,27,4,4,29496,82.1973,1
WAIT,27,5,5,29497,82.2011,1
WAIT,27,6,6,29498,82.2052,1
WAIT,27,7,7,29499,82.2120,1
FILHO,28,3,29506,84.0332,1
FILHO,28,0,29503,96.2519,1
FILHO,28,4,29507,96.7848,1
FILHO,28,1,29504,97.5688,1
FILHO,28,2,29505,98.6710,1
FILHO,28,6,29509,98.8778,1
FILHO,28,5,29508,99.6601,1
FILHO,28,7,29510,99.9605,1
WAIT,28,0,0,29503,100.1955,1
WAIT,28,1,1,29504,100.2314,1
WAIT,28,2,2,29505,100.2500,1
WAIT,28,3,3,29506,100.2651,1
WAIT,28,4,4,29507,100.2789,1
WAIT,28,5,5,29508,100.2926,1
WAIT,28,6,6,29509,100.3075,1
WAIT,28,7,7,29510,100.3226,1
FILHO,29,0,29513,73.9255,1
FILHO,29,2,29515,76.2060,1
FILHO,29,1,29514,77.4618,1
FILHO,29,4,29517,78.4435,1
FILHO,29,5,29518,80.8481,1
FILHO,29,6,29519,81.8827,1
WAIT,29,0,0,29513,83.9850,1
WAIT,29,1,1,29514,84.0214,1
WAIT,29,2,2,29515,84.0383,1
WAIT,29,3,4,29517,84.0529,1
WAIT,29,4,5,29518,84.0679,1
WAIT,29,5,6,29519,84.0823,1
FILHO,29,3,29516,84.4131,1
WAIT,29,6,3,29516,84.5908,1
FILHO,29,7,29520,84.7714,1
WAIT,29,7,7,29520,84.9369,1
FILHO,30,0,29539,73.5494,1
FILHO,30,2,29541,74.6587,1
FILHO,30,3,29542,75.6369,1
FILHO,30,1,29540,76.6605,1
FILHO,30,4,29543,77.9283,1
FILHO,30,6,29545,79.1484,1
FILHO,30,5,29544,80.7164,1
FILHO,30,7,29546,81.7731,1
WAIT,30,0,0,29539,81.9364,1
WAIT,30,1,1,29540,81.9605,1
WAIT,30,2,2,29541,81.9683,1
WAIT,30,3,3,29542,81.9780,1
WAIT,30,4,4,29543,81.9838,1
WAIT,30,5,5,29544,81.9928,1
WAIT,30,6,6,29545,81.9994,1
WAIT,30,7,7,29546,82.0093,1
FILHO,31,0,29549,73.4610,1
FILHO,31,2,29551,74.5844,1
FILHO,31,1,29550,75.6028,1
FILHO,31,3,29552,76.5495,1
FILHO,31,4,29553,77.8544,1
FILHO,31,5,29554,79.4884,1
FILHO,31,7,29556,80.9547,1
FILHO,31,6,29555,81.6839,1
WAIT,31,0,0,29549,81.8462,1
WAIT,31,1,1,29550,81.8735,1
WAIT,31,2,2,29551,81.8799,1
WAIT,31,3,3,29552,81.8871,1
WAIT,31,4,4,29553,81.8936,1
WAIT,31,5,5,29554,81.8982,1
WAIT,31,6,6,29555,81.9021,1
WAIT,31,7,7,29556,81.9063,1
FILHO,32,3,29562,73.8609,1
FILHO,32,1,29560,75.3456,1
FILHO,32,0,29559,76.7294,1
FILHO,32,2,29561,77.7727,1
FILHO,32,5,29564,80.2845,1
FILHO,32,6,29565,84.4029,1
FILHO,32,7,29566,85.9681,1
FILHO,32,4,29563,86.8121,1
WAIT,32,0,0,29559,87.0132,1
WAIT,32,1,1,29560,87.0437,1
WAIT,32,2,2,29561,87.0495,1
WAIT,32,3,3,29562,87.0552,1
WAIT,32,4,4,29563,87.0613,1
WAIT,32,5,5,29564,87.0666,1
WAIT,32,6,7,29566,87.0724,1
WAIT,32,7,6,29565,87.1528,1
FILHO,33,0,29569,74.3811,1
FILHO,33,2,29571,76.5910,1
FILHO,33,3,29572,77.6048,1
FILHO,33,4,29573,78.7779,1
FILHO,33,1,29570,81.7949,1
FILHO,33,5,29574,83.7771,1
FILHO,33,7,29576,84.8357,1
WAIT,33,0,0,29569,84.9981,1
WAIT,33,1,1,29570,85.0289,1
WAIT,33,2,2,29571,85.0355,1
WAIT,33,3,3,29572,85.0411,1
WAIT,33,4,4,29573,85.0544,1
WAIT,33,5,5,29574,85.0605,1
WAIT,33,6,7,29576,85.0665,1
FILHO,33,6,29575,85.3581,1
WAIT,33,7,6,29575,85.4939,1
FILHO,34,0,29585,73.3441,1
FILHO,34,1,29586,74.3291,1
FILHO,34,3,29588,75.4057,1
FILHO,34,2,29587,76.9965,1
FILHO,34,5,29590,77.8338,1
FILHO,34,4,29589,78.9586,1
FILHO,34,6,29591,79.9963,1
FILHO,34,7,29592,81.0260,1
WAIT,34,0,0,29585,81.1962,1
WAIT,34,1,1,29586,81.2224,1
WAIT,34,2,2,29587,81.2314,1
WAIT,34,3,3,29588,81.2416,1
WAIT,34,4,4,29589,81.2492,1
WAIT,34,5,5,29590,81.2591,1
WAIT,34,6,6,29591,81.2677,1
WAIT,34,7,7,29592,81.2776,1
FILHO,35,3,29598,73.4668,1
FILHO,35,1,29596,74.7393,1
FILHO,35,2,29597,76.7179,1
FILHO,35,0,29595,78.7549,1
FILHO,35,5,29600,80.9881,1
FILHO,35,6,29601,83.4603,1
FILHO,35,7,29602,84.4777,1
WAIT,35,0,0,29595,84.6774,1
WAIT,35,1,1,29596,84.7155,1
WAIT,35,2,2,29597,84.7370,1
WAIT,35,3,3,29598,84.7589,1
WAIT,35,4,5,29600,84.7787,1
WAIT,35,5,6,29601,84.7978,1
WAIT,35,6,7,29602,84.8174,1
FILHO,35,4,29599,82.5246,1
WAIT,35,7,4,29599,84.9698,1
FILHO,36,2,29607,73.6362,1
FILHO,36,1,29606,74.9818,1
FILHO,36,0,29605,76.0578,1
FILHO,36,3,29608,77.0709,1
FILHO,36,6,29611,78.0292,1
FILHO,36,4,29609,79.1761,1
FILHO,36,5,29610,80.1565,1
FILHO,36,7,29612,81.1749,1
WAIT,36,0,0,29605,81.3226,1
WAIT,36,1,1,29606,81.3506,1
WAIT,36,2,2,29607,81.3549,1
WAIT,36,3,3,29608,81.3601,1
WAIT,36,4,4,29609,81.3644,1
WAIT,36,5,5,29610,81.3679,1
WAIT,36,6,6,29611,81.3715,1
WAIT,36,7,7,29612,81.3761,1
FILHO,37,0,29615,74.0029,1
FILHO,37,1,29616,75.6757,1
FILHO,37,2,29617,77.2761,1
FILHO,37,5,29620,84.3604,1
FILHO,37,7,29622,86.3502,1
FILHO,37,6,29621,88.2586,1
WAIT,37,0,1,29616,88.4123,1
WAIT,37,1,2,29617,88.4460,1
WAIT,37,2,5,29620,88.4572,1
WAIT,37,3,6,29621,88.4678,1
WAIT,37,4,7,29622,88.4777,1
WAIT,37,5,0,29615,88.9080,1
FILHO,37,3,29618,89.3426,1
WAIT,37,6,3,29618,89.4882,1
FILHO,37,4,29619,89.8429,1
WAIT,37,7,4,29619,89.9839,1
FILHO,38,0,29625,73.5365,1
FILHO,38,1,29626,74.8288,1
FILHO,38,2,29627,76.3125,1
FILHO,38,3,29628,78.1699,1
FILHO,38,4,29629,79.1563,1
FILHO,38,5,29630,80.1595,1
FILHO,38,6,29631,81.0927,1
FILHO,38,7,29632,82.0353,1
WAIT,38,0,0,29625,82.1913,1
WAIT,38,1,1,29626,82.2192,1
WAIT,38,2,2,29627,82.2252,1
WAIT,38,3,3,29628,82.2330,1
WAIT,38,4,4,29629,82.2388,1
WAIT,38,5,5,29630,82.2446,1
WAIT,38,6,6,29631,82.2536,1
WAIT,38,7,7,29632,82.2598,1
FILHO,39,0,29636,73.4315,1
FILHO,39,1,29637,74.5868,1
FILHO,39,3,29639,75.5652,1
FILHO,39,2,29638,76.4072,1
FILHO,39,4,29640,77.3747,1
FILHO,39,5,29641,78.3906,1
FILHO,39,7,29643,79.5206,1
FILHO,39,6,29642,80.1030,1
WAIT,39,0,0,29636,80.2446,1
WAIT,39,1,1,29637,80.2697,1
WAIT,39,2,2,29638,80.2755,1
WAIT,39,3,3,29639,80.2815,1
WAIT,39,4,4,29640,80.2883,1
WAIT,39,5,5,29641,80.2922,1
WAIT,39,6,6,29642,80.2956,1
WAIT,39,7,7,29643,80.2989,1
FILHO,40,0,29646,74.1298,1
FILHO,40,4,29650,75.1342,1
FILHO,40,1,29647,76.5477,1
FILHO,40,2,29648,77.6087,1
FILHO,40,6,29652,79.6114,1
FILHO,40,5,29651,81.9914,1
FILHO,40,7,29653,83.9243,1
FILHO,40,3,29649,84.6323,1
WAIT,40,0,0,29646,84.7980,1
WAIT,40,1,1,29647,84.8264,1
WAIT,40,2,2,29648,84.8348,1
WAIT,40,3,3,29649,84.8461,1
WAIT,40,4,4,29650,84.8539,1
WAIT,40,5,5,29651,84.8619,1
WAIT,40,6,6,29652,84.8698,1
WAIT,40,7,7,29653,84.8802,1
FILHO,41,0,29656,73.2751,1
FILHO,41,1,29657,74.4584,1
FILHO,41,3,29659,75.6114,1
FILHO,41,5,29661,77.0497,1
FILHO,41,4,29660,78.4960,1
FILHO,41,2,29658,79.9863,1
FILHO,41,6,29662,80.9003,1
FILHO,41,7,29663,81.8506,1
WAIT,41,0,0,29656,82.0151,1
WAIT,41,1,1,29657,82.0383,1
WAIT,41,2,2,29658,82.0447,1
WAIT,41,3,3,29659,82.0506,1
WAIT,41,4,4,29660,82.0565,1
WAIT,41,5,5,29661,82.0633,1
WAIT,41,6,6,29662,82.0708,1
WAIT,41,7,7,29663,82.0764,1
FILHO,42,0,29681,73.2322,1
WAIT,42,0,0,29681,73.4043,1
FILHO,42,3,29684,74.5590,1
FILHO,42,2,29683,75.5647,1
FILHO,42,1,29682,76.9388,1
FILHO,42,6,29687,79.4367,1
FILHO,42,4,29685,80.8001,1
WAIT,42,1,1,29682,80.9355,1
WAIT,42,2,2,29683,80.9479,1
WAIT,42,3,3,29684,80.9545,1
WAIT,42,4,4,29685,80.9629,1
WAIT,42,5,6,29687,80.9686,1
FILHO,42,7,29688,81.7777,1
WAIT,42,6,7,29688,81.9109,1
FILHO,42,5,29686,82.2712,1
WAIT,42,7,5,29686,82.4022,1
FILHO,43,0,29691,73.8385,1
FILHO,43,3,29694,76.1482,1
FILHO,43,1,29692,78.4529,1
FILHO,43,4,29695,81.5241,1
FILHO,43,5,29696,83.2172,1
FILHO,43,6,29697,84.4380,1
FILHO,43,7,29698,85.9230,1
WAIT,43,0,0,29691,86.1565,1
WAIT,43,1,1,29692,86.2059,1
WAIT,43,2,3,29694,86.2309,1
WAIT,43,3,4,29695,86.2527,1
WAIT,43,4,5,29696,86.2726,1
WAIT,43,5,6,29697,86.2934,1
WAIT,43,6,7,29698,86.3164,1
FILHO,43,2,29693,86.4380,1
WAIT,43,7,2,29693,86.6721,1
FILHO,44,0,29704,73.2717,1
FILHO,44,2,29706,74.5357,1
FILHO,44,5,29709,75.5103,1
FILHO,44,1,29705,76.9831,1
FILHO,44,3,29707,78.9631,1
FILHO,44,4,29708,80.0781,1
FILHO,44,6,29710,81.0441,1
FILHO,44,7,29711,81.9786,1
WAIT,44,0,0,29704,82.1513,1
WAIT,44,1,1,29705,82.1857,1
WAIT,44,2,2,29706,82.2005,1
WAIT,44,3,3,29707,82.2144,1
WAIT,44,4,4,29708,82.2288,1
WAIT,44,5,5,29709,82.2405,1
WAIT,44,6,6,29710,82.2552,1
WAIT,44,7,7,29711,82.2675,1
FILHO,45,0,29717,73.2785,1
FILHO,45,2,29719,74.8524,1
FILHO,45,1,29718,76.3372,1
FILHO,45,3,29720,77.3248,1
FILHO,45,5,29722,78.2854,1
FILHO,45,6,29723,79.9901,1
FILHO,45,7,29724,80.9452,1
WAIT,45,0,0,29717,81.1128,1
WAIT,45,1,1,29718,81.1440,1
WAIT,45,2,2,29719,81.1503,1
WAIT,45,3,3,29720,81.1563,1
WAIT,45,4,5,29722,81.1630,1
WAIT,45,5,6,29723,81.1893,1
WAIT,45,6,7,29724,81.1967,1
FILHO,45,4,29721,81.8068,1
WAIT,45,7,4,29721,81.9620,1
FILHO,46,0,29727,73.2443,1
FILHO,46,3,29730,74.3627,1
FILHO,46,1,29728,75.8314,1
FILHO,46,2,29729,76.8070,1
FILHO,46,4,29731,79.7460,1
FILHO,46,6,29733,80.6545,1
FILHO,46,7,29734,81.6570,1
WAIT,46,0,0,29727,81.8360,1
WAIT,46,1,1,29728,81.8653,1
WAIT,46,2,2,29729,81.8723,1
WAIT,46,3,3,29730,81.8780,1
WAIT,46,4,4,29731,81.8871,1
WAIT,46,5,6,29733,81.8938,1
WAIT,46,6,7,29734,81.9000,1
FILHO,46,5,29732,82.0826,1
WAIT,46,7,5,29732,82.2353,1
FILHO,47,0,29737,73.9117,1
FILHO,47,3,29740,75.6327,1
FILHO,47,1,29738,76.7993,1
FILHO,47,5,29742,77.9750,1
FILHO,47,4,29741,78.8973,1
FILHO,47,7,29744,80.2257,1
FILHO,47,6,29743,81.2321,1
FILHO,47,2,29739,82.2441,1
WAIT,47,0,0,29737,82.3992,1
WAIT,47,1,1,29738,82.4394,1
WAIT,47,2,2,29739,82.4470,1
WAIT,47,3,3,29740,82.4549,1
WAIT,47,4,4,29741,82.4607,1
WAIT,47,5,5,29742,82.4677,1
WAIT,47,6,6,29743,82.4743,1
WAIT,47,7,7,29744,82.4805,1
FILHO,48,4,29751,72.3091,1
FILHO,48,0,29747,73.9579,1
FILHO,48,3,29750,76.0060,1
FILHO,48,1,29748,77.0031,1
FILHO,48,2,29749,78.0164,1
FILHO,48,7,29754,79.1850,1
FILHO,48,5,29752,80.6423,1
FILHO,48,6,29753,81.3956,1
WAIT,48,0,0,29747,81.5443,1
WAIT,48,1,1,29748,81.5752,1
WAIT,48,2,2,29749,81.5798,1
WAIT,48,3,3,29750,81.5845,1
WAIT,48,4,4,29751,81.5904,1
WAIT,48,5,5,29752,81.5942,1
WAIT,48,6,6,29753,81.5977,1
WAIT,48,7,7,29754,81.6018,1
FILHO,49,0,29757,73.3964,1
FILHO,49,1,29758,74.6501,1
FILHO,49,2,29759,75.8292,1
FILHO,49,3,29760,76.9008,1
FILHO,49,4,29761,77.8569,1
FILHO,49,5,29762,80.4379,1
FILHO,49,7,29764,81.5309,1
WAIT,49,0,0,29757,81.6938,1
WAIT,49,1,1,29758,81.7211,1
WAIT,49,2,2,29759,81.7284,1
WAIT,49,3,3,29760,81.7375,1
WAIT,49,4,4,29761,81.7430,1
WAIT,49,5,5,29762,81.7504,1
WAIT,49,6,7,29764,81.7592,1
FILHO,49,6,29763,82.2068,1
WAIT,49,7,6,29763,82.3533,1
FILHO,50,0,29767,73.3260,1
FILHO,50,2,29769,74.6934,1
FILHO,50,1,29768,75.7626,1
FILHO,50,3,29770,76.7199,1
FILHO,50,4,29771,77.7974,1
FILHO,50,5,29772,78.9100,1
FILHO,50,7,29774,80.2803,1
FILHO,50,6,29773,80.8750,1
WAIT,50,0,0,29767,81.0217,1
WAIT,50,1,1,29768,81.0530,1
WAIT,50,2,2,29769,81.0581,1
WAIT,50,3,3,29770,81.0637,1
WAIT,50,4,4,29771,81.0674,1
WAIT,50,5,5,29772,81.0714,1
WAIT,50,6,6,29773,81.0751,1
WAIT,50,7,7,29774,81.0793,1
FILHO,51,0,29778,73.4029,1
FILHO,51,3,29781,74.7000,1
FILHO,51,1,29779,75.7589,1
FILHO,51,2,29780,76.6871,1
FILHO,51,4,29782,77.6174,1
FILHO,51,5,29783,78.7338,1
FILHO,51,6,29784,79.6744,1
FILHO,51,7,29785,80.5745,1
WAIT,51,0,0,29778,80.7291,1
WAIT,51,1,1,29779,80.7544,1
WAIT,51,2,2,29780,80.7603,1
WAIT,51,3,3,29781,80.7663,1
WAIT,51,4,4,29782,80.7756,1
WAIT,51,5,5,29783,80.7827,1
WAIT,51,6,6,29784,80.7885,1
WAIT,51,7,7,29785,80.7942,1
FILHO,52,0,29788,74.2216,1
FILHO,52,3,29791,76.3187,1
FILHO,52,1,29789,78.4264,1
FILHO,52,4,29792,79.3548,1
FILHO,52,5,29793,80.6961,1
FILHO,52,6,29794,81.5822,1
FILHO,52,7,29795,82.8281,1
WAIT,52,0,0,29788,83.8167,1
WAIT,52,1,1,29789,83.8480,1
WAIT,52,2,3,29791,83.8575,1
WAIT,52,3,4,29792,83.8680,1
WAIT,52,4,5,29793,83.8754,1
WAIT,52,5,6,29794,83.8839,1
WAIT,52,6,7,29795,83.8917,1
FILHO,52,2,29790,84.7447,1
WAIT,52,7,2,29790,84.9033,1
FILHO,53,0,29798,73.2711,1
FILHO,53,1,29799,74.6189,1
FILHO,53,3,29801,75.7826,1
FILHO,53,2,29800,76.7671,1
FILHO,53,5,29803,77.7738,1
FILHO,53,6,29804,79.3958,1
FILHO,53,7,29805,80.3604,1
WAIT,53,0,0,29798,80.5194,1
WAIT,53,1,1,29799,80.5505,1
WAIT,53,2,2,29800,80.5572,1
WAIT,53,3,3,29801,80.5640,1
WAIT,53,4,5,29803,80.5908,1
WAIT,53,5,6,29804,80.6008,1
WAIT,53,6,7,29805,80.6069,1
FILHO,53,4,29802,80.9138,1
WAIT,53,7,4,29802,81.0667,1
FILHO,54,0,29808,73.3426,1
FILHO,54,3,29811,75.1369,1
FILHO,54,1,29809,76.2391,1
FILHO,54,2,29810,77.2535,1
FILHO,54,4,29812,78.6191,1
FILHO,54,6,29814,80.3384,1
FILHO,54,5,29813,82.4732,1
WAIT,54,0,0,29808,82.7020,1
WAIT,54,1,1,29809,82.7406,1
WAIT,54,2,2,29810,82.7508,1
WAIT,54,3,3,29811,82.7607,1
WAIT,54,4,4,29812,82.7662,1
WAIT,54,5,5,29813,82.7715,1
WAIT,54,6,6,29814,82.7772,1
FILHO,54,7,29815,83.2636,1
WAIT,54,7,7,29815,83.4194,1
FILHO,55,0,29818,73.8545,1
FILHO,55,2,29820,75.0752,1
FILHO,55,1,29819,76.2559,1
FILHO,55,3,29821,77.2742,1
FILHO,55,4,29822,78.4602,1
FILHO,55,5,29823,79.4865,1
FILHO,55,6,29824,80.3652,1
FILHO,55,7,29825,81.1569,1
WAIT,55,0,0,29818,81.3059,1
WAIT,55,1,1,29819,81.3288,1
WAIT,55,2,2,29820,81.3348,1
WAIT,55,3,3,29821,81.3426,1
WAIT,55,4,4,29822,81.3482,1
WAIT,55,5,5,29823,81.3575,1
WAIT,55,6,7,29825,81.3636,1
WAIT,55,7,6,29824,81.4724,1
FILHO,56,0,29828,73.2750,1
FILHO,56,1,29829,74.2695,1
FILHO,56,2,29830,75.1943,1
FILHO,56,4,29832,76.2084,1
FILHO,56,3,29831,77.6667,1
FILHO,56,6,29834,78.6076,1
FILHO,56,7,29835,80.1356,1
WAIT,56,0,0,29828,80.2719,1
WAIT,56,1,1,29829,80.3021,1
WAIT,56,2,2,29830,80.3091,1
WAIT,56,3,3,29831,80.3159,1
WAIT,56,4,4,29832,80.3212,1
WAIT,56,5,6,29834,80.3249,1
WAIT,56,6,7,29835,80.3290,1
FILHO,56,5,29833,81.0699,1
WAIT,56,7,5,29833,81.1982,1
FILHO,57,0,29838,73.3242,1
FILHO,57,1,29839,74.3872,1
FILHO,57,2,29840,75.4206,1
FILHO,57,3,29841,76.4099,1
FILHO,57,4,29842,77.5669,1
FILHO,57,6,29844,78.7275,1
FILHO,57,5,29843,79.8401,1
FILHO,57,7,29845,80.8058,1
WAIT,57,0,0,29838,80.9862,1
WAIT,57,1,1,29839,81.0126,1
WAIT,57,2,2,29840,81.0184,1
WAIT,57,3,3,29841,81.0249,1
WAIT,57,4,4,29842,81.0336,1
WAIT,57,5,5,29843,81.0391,1
WAIT,57,6,6,29844,81.0479,1
WAIT,57,7,7,29845,81.0538,1
FILHO,58,0,29848,73.2314,1
FILHO,58,2,29850,74.4410,1
FILHO,58,1,29849,75.8895,1
FILHO,58,3,29851,76.8974,1
FILHO,58,4,29852,77.7869,1
FILHO,58,5,29853,79.3648,1
FILHO,58,7,29855,80.3072,1
WAIT,58,0,0,29848,80.4559,1
WAIT,58,1,1,29849,80.4827,1
WAIT,58,2,2,29850,80.4872,1
WAIT,58,3,3,29851,80.4909,1
WAIT,58,4,4,29852,80.4952,1
WAIT,58,5,5,29853,80.5009,1
WAIT,58,6,7,29855,80.5047,1
FILHO,58,6,29854,80.8305,1
WAIT,58,7,6,29854,80.9588,1
FILHO,59,0,29858,73.7517,1
FILHO,59,2,29860,74.7984,1
FILHO,59,1,29859,75.6964,1
FILHO,59,3,29861,76.5723,1
FILHO,59,5,29863,77.8201,1
FILHO,59,4,29862,78.9364,1
FILHO,59,7,29865,80.9769,1
WAIT,59,0,0,29858,81.1283,1
WAIT,59,1,1,29859,81.1826,1
WAIT,59,2,2,29860,81.1870,1
WAIT,59,3,3,29861,81.1911,1
WAIT,59,4,4,29862,81.1972,1
WAIT,59,5,5,29863,81.2015,1
WAIT,59,6,7,29865,81.2063,1
FILHO,59,6,29864,81.6510,1
WAIT,59,7,6,29864,81.7848,1
FILHO,60,0,29868,73.9805,1
FILHO,60,4,29872,75.4531,1
FILHO,60,2,29870,76.8799,1
FILHO,60,1,29869,79.1499,1
FILHO,60,3,29871,82.0131,1
FILHO,60,7,29875,83.5309,1
WAIT,60,0,0,29868,85.8356,1
WAIT,60,1,1,29869,85.8651,1
WAIT,60,2,2,29870,85.8714,1
WAIT,60,3,3,29871,85.8784,1
WAIT,60,4,4,29872,85.8942,1
WAIT,60,5,7,29875,85.9024,1
FILHO,60,6,29874,86.2471,1
WAIT,60,6,6,29874,86.4519,1
FILHO,60,5,29873,87.1912,1
WAIT,60,7,5,29873,87.3628,1
FILHO,61,3,29881,77.1724,1
FILHO,61,0,29878,83.7656,1
FILHO,61,2,29880,85.7594,1
FILHO,61,6,29884,87.9385,1
WAIT,61,0,0,29878,89.4437,1
WAIT,61,1,2,29880,89.4859,1
WAIT,61,2,3,29881,89.5054,1
WAIT,61,3,6,29884,89.5253,1
FILHO,61,5,29883,90.7928,1
FILHO,61,7,29885,93.3274,1
WAIT,61,4,5,29883,94.4336,1
FILHO,61,4,29882,94.5980,1
WAIT,61,5,4,29882,94.7824,1
FILHO,61,1,29879,95.7578,1
WAIT,61,6,1,29879,95.9360,1
WAIT,61,7,7,29885,96.0699,1
FILHO,62,0,29901,79.4744,1
FILHO,62,1,29902,81.4109,1
FILHO,62,5,29906,83.8939,1
FILHO,62,6,29907,85.2520,1
FILHO,62,7,29908,86.8542,1
WAIT,62,0,0,29901,87.1196,1
WAIT,62,1,1,29902,87.1561,1
WAIT,62,2,5,29906,87.1673,1
WAIT,62,3,6,29907,87.1806,1
WAIT,62,4,7,29908,87.1910,1
FILHO,62,3,29904,87.6099,1
WAIT,62,5,3,29904,87.7571,1
FILHO,62,2,29903,88.3104,1
FILHO,62,4,29905,88.8808,1
WAIT,62,6,2,29903,89.0266,1
WAIT,62,7,4,29905,89.0483,1
FILHO,63,0,29917,73.2898,1
FILHO,63,3,29920,74.4678,1
FILHO,63,1,29918,76.0714,1
FILHO,63,4,29921,77.2017,1
FILHO,63,2,29919,78.6897,1
FILHO,63,5,29922,79.7009,1
FILHO,63,6,29923,80.6453,1
FILHO,63,7,29924,81.6526,1
WAIT,63,0,0,29917,81.8031,1
WAIT,63,1,1,29918,81.8304,1
WAIT,63,2,2,29919,81.8363,1
WAIT,63,3,3,29920,81.8425,1
WAIT,63,4,4,29921,81.8510,1
WAIT,63,5,5,29922,81.8563,1
WAIT,63,6,6,29923,81.8616,1
WAIT,63,7,7,29924,81.8677,1
FILHO,64,0,29927,73.3944,1
FILHO,64,2,29929,74.4680,1
FILHO,64,1,29928,75.4271,1
FILHO,64,3,29930,76.3302,1
FILHO,64,5,29932,77.7542,1
FILHO,64,7,29934,80.0325,1
FILHO,64,6,29933,81.3776,1
WAIT,64,0,0,29927,81.5294,1
WAIT,64,1,1,29928,81.5612,1
WAIT,64,2,2,29929,81.5674,1
WAIT,64,3,3,29930,81.5732,1
WAIT,64,4,5,29932,81.5826,1
WAIT,64,5,6,29933,81.5894,1
WAIT,64,6,7,29934,81.5953,1
FILHO,64,4,29931,81.6428,1
WAIT,64,7,4,29931,81.8011,1
FILHO,65,0,29937,73.8542,1
FILHO,65,3,29940,74.9346,1
FILHO,65,1,29938,75.8379,1
FILHO,65,2,29939,76.7960,1
FILHO,65,5,29942,78.2397,1
FILHO,65,4,29941,79.2114,1
FILHO,65,6,29943,80.1079,1
FILHO,65,7,29944,81.4858,1
WAIT,65,0,0,29937,81.6464,1
WAIT,65,1,1,29938,81.6736,1
WAIT,65,2,2,29939,81.6810,1
WAIT,65,3,3,29940,81.6865,1
WAIT,65,4,4,29941,81.6922,1
WAIT,65,5,5,29942,81.6986,1
WAIT,65,6,6,29943,81.7055,1
WAIT,65,7,7,29944,81.7110,1
FILHO,66,0,29947,73.2911,1
FILHO,66,2,29949,74.3087,1
FILHO,66,1,29948,75.2470,1
FILHO,66,3,29950,76.1602,1
FILHO,66,4,29951,77.1004,1
FILHO,66,7,29954,78.0802,1
FILHO,66,6,29953,80.0020,1
WAIT,66,0,0,29947,80.1426,1
WAIT,66,1,1,29948,80.1724,1
WAIT,66,2,2,29949,80.1768,1
WAIT,66,3,3,29950,80.1811,1
WAIT,66,4,4,29951,80.1847,1
WAIT,66,5,6,29953,80.1886,1
WAIT,66,6,7,29954,80.1942,1
FILHO,66,5,29952,81.5783,1
WAIT,66,7,5,29952,81.7369,1
FILHO,67,1,29958,75.5056,1
FILHO,67,3,29960,76.6222,1
FILHO,67,4,29961,78.1289,1
FILHO,67,2,29959,80.0339,1
FILHO,67,6,29963,85.3301,1
WAIT,67,0,1,29958,87.6754,1
WAIT,67,1,2,29959,87.7168,1
WAIT,67,2,3,29960,87.7436,1
WAIT,67,3,4,29961,87.7685,1
WAIT,67,4,6,29963,87.7917,1
FILHO,67,0,29957,87.8148,1
WAIT,67,5,0,29957,87.9789,1
FILHO,67,7,29964,88.7749,1
WAIT,67,6,7,29964,88.9366,1
FILHO,67,5,29962,89.1600,1
WAIT,67,7,5,29962,89.3154,1
FILHO,68,0,29973,73.4489,1
FILHO,68,2,29975,75.0411,1
FILHO,68,3,29976,76.1957,1
FILHO,68,1,29974,77.2200,1
FILHO,68,4,29977,78.2011,1
FILHO,68,6,29979,79.9534,1
FILHO,68,7,29980,80.8496,1
WAIT,68,0,0,29973,80.9967,1
WAIT,68,1,1,29974,81.0225,1
WAIT,68,2,2,29975,81.0271,1
WAIT,68,3,3,29976,81.0311,1
WAIT,68,4,4,29977,81.0355,1
WAIT,68,5,6,29979,81.0410,1
WAIT,68,6,7,29980,81.0448,1
FILHO,68,5,29978,81.1622,1
WAIT,68,7,5,29978,81.3018,1
FILHO,69,0,29983,73.2687,1
FILHO,69,3,29986,74.5396,1
FILHO,69,2,29985,75.7376,1
FILHO,69,1,29984,77.2117,1
FILHO,69,4,29987,78.2123,1
FILHO,69,7,29990,80.1017,1
FILHO,69,6,29989,81.1197,1
WAIT,69,0,0,29983,81.2762,1
WAIT,69,1,1,29984,81.3171,1
WAIT,69,2,2,29985,81.3223,1
WAIT,69,3,3,29986,81.3267,1
WAIT,69,4,4,29987,81.3303,1
WAIT,69,5,6,29989,81.3346,1
WAIT,69,6,7,29990,81.3391,1
FILHO,69,5,29988,81.7468,1
WAIT,69,7,5,29988,81.8846,1
FILHO,70,0,29993,73.2801,1
FILHO,70,2,29995,74.6519,1
FILHO,70,1,29994,76.2845,1
FILHO,70,3,29996,77.2791,1
FILHO,70,6,29999,78.2423,1
FILHO,70,4,29997,79.3275,1
FILHO,70,7,30000,80.7327,1
WAIT,70,0,0,29993,80.8735,1
WAIT,70,1,1,29994,80.9212,1
WAIT,70,2,2,29995,80.9318,1
WAIT,70,3,3,29996,80.9358,1
WAIT,70,4,4,29997,80.9394,1
WAIT,70,5,6,29999,80.9448,1
WAIT,70,6,7,30000,80.9487,1
FILHO,70,5,29998,81.8070,1
WAIT,70,7,5,29998,81.9615,1
FILHO,71,0,30003,73.2911,1
FILHO,71,3,30006,74.2736,1
FILHO,71,2,30005,75.2343,1
FILHO,71,1,30004,76.5974,1
FILHO,71,4,30007,77.9393,1
FILHO,71,5,30008,80.0375,1
FILHO,71,7,30010,80.9159,1
WAIT,71,0,0,30003,81.0602,1
WAIT,71,1,1,30004,81.0910,1
WAIT,71,2,2,30005,81.0962,1
WAIT,71,3,3,30006,81.1003,1
WAIT,71,4,4,30007,81.1060,1
WAIT,71,5,5,30008,81.1096,1
WAIT,71,6,7,30010,81.1140,1
FILHO,71,6,30009,81.2810,1
WAIT,71,7,6,30009,81.4178,1
FILHO,72,0,30013,73.2273,1
FILHO,72,3,30016,74.2195,1
FILHO,72,1,30014,75.1108,1
FILHO,72,4,30017,76.6068,1
FILHO,72,6,30019,77.7106,1
FILHO,72,5,30018,80.1492,1
FILHO,72,7,30020,81.0382,1
WAIT,72,0,0,30013,81.1873,1
WAIT,72,1,1,30014,81.2210,1
WAIT,72,2,3,30016,81.2255,1
WAIT,72,3,4,30017,81.2296,1
WAIT,72,4,5,30018,81.2361,1
WAIT,72,5,6,30019,81.2403,1
WAIT,72,6,7,30020,81.2462,1
FILHO,72,2,30015,81.5162,1
WAIT,72,7,2,30015,81.6644,1
FILHO,73,0,30023,73.4050,1
FILHO,73,3,30026,74.5210,1
FILHO,73,2,30025,76.0791,1
FILHO,73,1,30024,77.7088,1
FILHO,73,4,30027,79.0637,1
FILHO,73,6,30029,80.6872,1
FILHO,73,7,30030,81.8214,1
WAIT,73,0,0,30023,82.7764,1
WAIT,73,1,1,30024,82.8047,1
WAIT,73,2,2,30025,82.8091,1
WAIT,73,3,3,30026,82.8130,1
WAIT,73,4,4,30027,82.8175,1
WAIT,73,5,6,30029,82.8217,1
WAIT,73,6,7,30030,82.8256,1
FILHO,73,5,30028,83.3040,1
WAIT,73,7,5,30028,83.4480,1
FILHO,74,0,30034,73.3463,1
FILHO,74,2,30036,74.3612,1
FILHO,74,1,30035,75.2437,1
FILHO,74,3,30037,76.2561,1
FILHO,74,4,30038,77.8029,1
FILHO,74,7,30041,78.7382,1
FILHO,74,5,30039,80.2336,1
FILHO,74,6,30040,81.6049,1
WAIT,74,0,0,30034,81.7505,1
WAIT,74,1,1,30035,81.7876,1
WAIT,74,2,2,30036,81.7927,1
WAIT,74,3,3,30037,81.7966,1
WAIT,74,4,4,30038,81.8009,1
WAIT,74,5,5,30039,81.8046,1
WAIT,74,6,6,30040,81.8087,1
WAIT,74,7,7,30041,81.8128,1
FILHO,75,1,30045,73.3092,1
FILHO,75,2,30046,74.3695,1
FILHO,75,3,30047,75.2659,1
FILHO,75,0,30044,76.2142,1
FILHO,75,4,30048,77.8467,1
FILHO,75,5,30049,80.0462,1
FILHO,75,6,30050,81.3917,1
FILHO,75,7,30051,82.0154,1
WAIT,75,0,0,30044,82.1596,1
WAIT,75,1,1,30045,82.1911,1
WAIT,75,2,2,30046,82.2024,1
WAIT,75,3,3,30047,82.2100,1
WAIT,75,4,4,30048,82.2181,1
WAIT,75,5,5,30049,82.2255,1
WAIT,75,6,6,30050,82.2354,1
WAIT,75,7,7,30051,82.2428,1
FILHO,76,0,30054,73.4021,1
FILHO,76,4,30058,74.4269,1
FILHO,76,2,30056,75.3269,1
FILHO,76,1,30055,76.7668,1
FILHO,76,7,30061,77.8866,1
FILHO,76,3,30057,78.8631,1
FILHO,76,5,30059,80.3531,1
FILHO,76,6,30060,81.2598,1
WAIT,76,0,0,30054,81.3962,1
WAIT,76,1,1,30055,81.4221,1
WAIT,76,2,2,30056,81.4265,1
WAIT,76,3,3,30057,81.4310,1
WAIT,76,4,4,30058,81.4349,1
WAIT,76,5,5,30059,81.4404,1
WAIT,76,6,6,30060,81.4439,1
WAIT,76,7,7,30061,81.4478,1
FILHO,77,0,30064,73.2594,1
FILHO,77,1,30065,74.2695,1
FILHO,77,2,30066,75.4160,1
FILHO,77,4,30068,76.5509,1
FILHO,77,5,30069,77.6592,1
FILHO,77,6,30070,78.5466,1
FILHO,77,7,30071,80.1736,1
WAIT,77,0,0,30064,80.3341,1
WAIT,77,1,1,30065,80.3856,1
WAIT,77,2,2,30066,80.3899,1
WAIT,77,3,4,30068,80.3938,1
WAIT,77,4,5,30069,80.4002,1
WAIT,77,5,6,30070,80.4038,1
WAIT,77,6,7,30071,80.4095,1
FILHO,77,3,30067,80.5652,1
WAIT,77,7,3,30067,80.7069,1
FILHO,78,0,30074,73.6937,1
FILHO,78,4,30078,77.6416,1
FILHO,78,1,30075,79.9545,1
FILHO,78,5,30079,82.2244,1
FILHO,78,7,30081,86.6924,1
FILHO,78,6,30080,89.5398,1
WAIT,78,0,0,30074,89.7351,1
WAIT,78,1,4,30078,89.7781,1
WAIT,78,2,5,30079,89.7912,1
WAIT,78,3,6,30080,89.8048,1
WAIT,78,4,7,30081,89.8223,1
FILHO,78,2,30076,89.9364,1
WAIT,78,5,2,30076,90.1203,1
FILHO,78,3,30077,90.2070,1
WAIT,78,6,3,30077,90.3699,1
WAIT,78,7,1,30075,90.4230,1
FILHO,79,0,30084,73.5157,1
FILHO,79,2,30086,74.9259,1
FILHO,79,3,30087,76.7682,1
FILHO,79,1,30085,79.2917,1
FILHO,79,6,30090,81.6787,1
FILHO,79,5,30089,82.9601,1
FILHO,79,7,30091,84.1153,1
WAIT,79,0,0,30084,84.2637,1
WAIT,79,1,1,30085,84.2959,1
WAIT,79,2,2,30086,84.3010,1
WAIT,79,3,3,30087,84.3050,1
WAIT,79,4,5,30089,84.3088,1
WAIT,79,5,6,30090,84.3145,1
WAIT,79,6,7,30091,84.3187,1
FILHO,79,4,30088,84.3442,1
WAIT,79,7,4,30088,84.5012,1
FILHO,80,0,30094,73.6535,1
FILHO,80,1,30095,75.0781,1
FILHO,80,2,30096,76.5499,1
FILHO,80,5,30099,78.2193,1
FILHO,80,4,30098,81.0041,1
FILHO,80,7,30101,81.9116,1
FILHO,80,3,30097,84.4564,1
WAIT,80,0,0,30094,84.6092,1
WAIT,80,1,1,30095,84.6333,1
WAIT,80,2,2,30096,84.6405,1
WAIT,80,3,3,30097,84.6467,1
WAIT,80,4,4,30098,84.6530,1
WAIT,80,5,5,30099,84.6583,1
WAIT,80,6,7,30101,84.6655,1
FILHO,80,6,30100,85.2111,1
WAIT,80,7,6,30100,85.3588,1
FILHO,81,0,30104,73.4306,1
FILHO,81,1,30105,74.2973,1
FILHO,81,4,30108,75.2844,1
FILHO,81,2,30106,76.3428,1
FILHO,81,3,30107,77.3120,1
FILHO,81,5,30109,78.2084,1
FILHO,81,7,30111,79.4121,1
FILHO,81,6,30110,80.8409,1
WAIT,81,0,0,30104,80.9829,1
WAIT,81,1,1,30105,81.0134,1
WAIT,81,2,2,30106,81.0198,1
WAIT,81,3,3,30107,81.0266,1
WAIT,81,4,4,30108,81.0303,1
WAIT,81,5,5,30109,81.0339,1
WAIT,81,6,6,30110,81.0375,1
WAIT,81,7,7,30111,81.0424,1
FILHO,82,0,30114,73.3174,1
FILHO,82,4,30118,74.3531,1
FILHO,82,2,30116,75.5244,1
FILHO,82,1,30115,77.0682,1
FILHO,82,3,30117,78.3908,1
FILHO,82,5,30119,79.3291,1
FILHO,82,7,30121,80.2417,1
FILHO,82,6,30120,81.4012,1
WAIT,82,0,0,30114,81.5483,1
WAIT,82,1,1,30115,81.5743,1
WAIT,82,2,2,30116,81.5789,1
WAIT,82,3,3,30117,81.5829,1
WAIT,82,4,4,30118,81.5894,1
WAIT,82,5,5,30119,81.5929,1
WAIT,82,6,6,30120,81.5964,1
WAIT,82,7,7,30121,81.6001,1
FILHO,83,0,30124,73.2594,1
FILHO,83,1,30125,74.1755,1
FILHO,83,3,30127,75.0707,1
FILHO,83,2,30126,76.4055,1
FILHO,83,4,30128,77.7262,1
FILHO,83,6,30130,79.3505,1
FILHO,83,5,30129,80.4847,1
WAIT,83,0,0,30124,80.6490,1
WAIT,83,1,1,30125,80.6778,1
WAIT,83,2,2,30126,80.6821,1
WAIT,83,3,3,30127,80.6859,1
WAIT,83,4,4,30128,80.6914,1
WAIT,83,5,5,30129,80.6954,1
WAIT,83,6,6,30130,80.6988,1
FILHO,83,7,30131,81.1727,1
WAIT,83,7,7,30131,81.3049,1
FILHO,84,0,30134,73.2424,1
FILHO,84,4,30138,74.2996,1
FILHO,84,2,30136,75.2967,1
FILHO,84,1,30135,76.1859,1
FILHO,84,7,30141,77.2958,1
FILHO,84,6,30140,79.2520,1
FILHO,84,3,30137,81.4871,1
WAIT,84,0,0,30134,81.6518,1
WAIT,84,1,1,30135,81.6803,1
WAIT,84,2,2,30136,81.6847,1
WAIT,84,3,3,30137,81.6883,1
WAIT,84,4,4,30138,81.6924,1
WAIT,84,5,6,30140,81.6961,1
WAIT,84,6,7,30141,81.6998,1
FILHO,84,5,30139,82.2022,1
WAIT,84,7,5,30139,82.3421,1
FILHO,85,0,30144,73.2628,1
FILHO,85,4,30148,74.3098,1
FILHO,85,2,30146,75.2659,1
FILHO,85,1,30145,76.2060,1
FILHO,85,6,30150,77.1940,1
FILHO,85,3,30147,78.2619,1
FILHO,85,7,30151,80.0715,1
WAIT,85,0,0,30144,80.2165,1
WAIT,85,1,1,30145,80.2686,1
WAIT,85,2,2,30146,80.2729,1
WAIT,85,3,3,30147,80.2777,1
WAIT,85,4,4,30148,80.2819,1
WAIT,85,5,6,30150,80.2855,1
WAIT,85,6,7,30151,80.2891,1
FILHO,85,5,30149,80.7077,1
WAIT,85,7,5,30149,80.8459,1
FILHO,86,0,30155,73.2256,1
FILHO,86,3,30158,74.2586,1
FILHO,86,1,30156,75.2331,1
FILHO,86,5,30160,76.3225,1
FILHO,86,2,30157,77.5460,1
FILHO,86,4,30159,78.7840,1
FILHO,86,6,30161,79.6975,1
FILHO,86,7,30162,80.5933,1
WAIT,86,0,0,30155,80.7495,1
WAIT,86,1,1,30156,80.7750,1
WAIT,86,2,2,30157,80.7806,1
WAIT,86,3,3,30158,80.7883,1
WAIT,86,4,4,30159,80.7943,1
WAIT,86,5,5,30160,80.8035,1
WAIT,86,6,6,30161,80.8088,1
WAIT,86,7,7,30162,80.8184,1
FILHO,87,0,30165,73.6789,1
FILHO,87,1,30166,75.7024,1
FILHO,87,2,30167,77.7298,1
FILHO,87,3,30168,79.7545,1
FILHO,87,4,30169,81.2421,1
FILHO,87,6,30171,82.3436,1
FILHO,87,5,30170,84.0983,1
WAIT,87,0,0,30165,84.2548,1
WAIT,87,1,1,30166,84.2851,1
WAIT,87,2,2,30167,84.2929,1
WAIT,87,3,3,30168,84.3026,1
WAIT,87,4,4,30169,84.3106,1
WAIT,87,5,5,30170,84.3186,1
WAIT,87,6,6,30171,84.3279,1
FILHO,87,7,30172,84.5303,1
WAIT,87,7,7,30172,84.6745,1
FILHO,88,0,30175,73.4234,1
FILHO,88,4,30179,74.6136,1
FILHO,88,1,30176,75.4835,1
FILHO,88,3,30178,76.4455,1
FILHO,88,5,30180,77.4832,1
FILHO,88,2,30177,78.6139,1
FILHO,88,6,30181,79.4953,1
FILHO,88,7,30182,80.4546,1
WAIT,88,0,0,30175,80.5979,1
WAIT,88,1,1,30176,80.6246,1
WAIT,88,2,2,30177,80.6287,1
WAIT,88,3,3,30178,80.6331,1
WAIT,88,4,4,30179,80.6388,1
WAIT,88,5,5,30180,80.6427,1
WAIT,88,6,6,30181,80.6462,1
WAIT,88,7,7,30182,80.6497,1
FILHO,89,0,30185,73.2551,1
FILHO,89,2,30187,74.2716,1
FILHO,89,1,30186,75.2652,1
FILHO,89,3,30188,76.2751,1
FILHO,89,4,30189,77.2486,1
FILHO,89,6,30191,78.8143,1
FILHO,89,7,30192,79.7040,1
FILHO,89,5,30190,80.8226,1
WAIT,89,0,0,30185,80.9836,1
WAIT,89,1,1,30186,81.0092,1
WAIT,89,2,2,30187,81.0141,1
WAIT,89,3,3,30188,81.0180,1
WAIT,89,4,4,30189,81.0217,1
WAIT,89,5,5,30190,81.0272,1
WAIT,89,6,6,30191,81.0310,1
WAIT,89,7,7,30192,81.0345,1
FILHO,90,0,30195,73.2468,1
FILHO,90,2,30197,74.2396,1
FILHO,90,5,30200,75.1868,1
FILHO,90,1,30196,76.0651,1
FILHO,90,3,30198,77.4009,1
FILHO,90,6,30201,78.7323,1
FILHO,90,4,30199,79.7865,1
FILHO,90,7,30202,80.6756,1
WAIT,90,0,0,30195,80.8171,1
WAIT,90,1,1,30196,80.8419,1
WAIT,90,2,2,30197,80.8460,1
WAIT,90,3,3,30198,80.8504,1
WAIT,90,4,4,30199,80.8563,1
WAIT,90,5,5,30200,80.8598,1
WAIT,90,6,6,30201,80.8633,1
WAIT,90,7,7,30202,80.8691,1
FILHO,91,0,30205,73.3748,1
FILHO,91,3,30208,74.5900,1
FILHO,91,1,30206,75.6571,1
FILHO,91,2,30207,76.8063,1
FILHO,91,6,30211,78.8644,1
FILHO,91,4,30209,80.1712,1
FILHO,91,5,30210,84.5740,1
WAIT,91,0,0,30205,84.7799,1
WAIT,91,1,1,30206,84.8174,1
WAIT,91,2,2,30207,84.8361,1
WAIT,91,3,3,30208,84.8536,1
WAIT,91,4,4,30209,84.8749,1
WAIT,91,5,5,30210,84.8943,1
WAIT,91,6,6,30211,84.9136,1
FILHO,91,7,30212,85.8434,1
WAIT,91,7,7,30212,86.0407,1
FILHO,92,1,30222,73.9907,1
FILHO,92,2,30223,75.6024,1
FILHO,92,5,30226,76.5985,1
FILHO,92,4,30225,78.1291,1
FILHO,92,3,30224,79.1415,1
FILHO,92,7,30228,80.3294,1
FILHO,92,0,30221,81.2409,1
FILHO,92,6,30227,81.8831,1
WAIT,92,0,0,30221,82.0358,1
WAIT,92,1,1,30222,82.0714,1
WAIT,92,2,2,30223,82.0845,1
WAIT,92,3,3,30224,82.0946,1
WAIT,92,4,4,30225,82.1079,1
WAIT,92,5,5,30226,82.1179,1
WAIT,92,6,6,30227,82.1310,1
WAIT,92,7,7,30228,82.1413,1
FILHO,93,0,30231,73.2503,1
FILHO,93,3,30234,74.3611,1
FILHO,93,1,30232,75.2606,1
FILHO,93,2,30233,76.3261,1
FILHO,93,5,30236,78.2300,1
FILHO,93,7,30238,79.9975,1
FILHO,93,6,30237,80.9206,1
WAIT,93,0,0,30231,81.0614,1
WAIT,93,1,1,30232,81.0908,1
WAIT,93,2,2,30233,81.0952,1
WAIT,93,3,3,30234,81.0990,1
WAIT,93,4,5,30236,81.1029,1
WAIT,93,5,6,30237,81.1092,1
WAIT,93,6,7,30238,81.1128,1
FILHO,93,4,30235,81.6726,1
WAIT,93,7,4,30235,81.8085,1
FILHO,94,0,30241,73.8396,1
FILHO,94,1,30242,75.1759,1
FILHO,94,2,30243,76.1466,1
FILHO,94,4,30245,77.0844,1
FILHO,94,3,30244,78.1124,1
FILHO,94,5,30246,79.5399,1
FILHO,94,6,30247,80.4265,1
FILHO,94,7,30248,81.3929,1
WAIT,94,0,0,30241,81.5351,1
WAIT,94,1,1,30242,81.5629,1
WAIT,94,2,2,30243,81.5679,1
WAIT,94,3,3,30244,81.5722,1
WAIT,94,4,4,30245,81.5758,1
WAIT,94,5,5,30246,81.5817,1
WAIT,94,6,6,30247,81.5856,1
WAIT,94,7,7,30248,81.5909,1
FILHO,95,2,30253,72.7524,1
FILHO,95,1,30252,74.6982,1
FILHO,95,0,30251,75.9914,1
FILHO,95,3,30254,77.0211,1
FILHO,95,4,30255,78.9017,1
FILHO,95,5,30256,79.9818,1
FILHO,95,7,30258,81.6215,1
WAIT,95,0,0,30251,81.7721,1
WAIT,95,1,1,30252,81.8008,1
WAIT,95,2,2,30253,81.8050,1
WAIT,95,3,3,30254,81.8099,1
WAIT,95,4,4,30255,81.8141,1
WAIT,95,5,5,30256,81.8178,1
WAIT,95,6,7,30258,81.8222,1
FILHO,95,6,30257,82.0377,1
WAIT,95,7,6,30257,82.2127,1
FILHO,96,6,30267,75.9837,1
FILHO,96,0,30261,77.5735,1
FILHO,96,3,30264,80.0961,1
FILHO,96,2,30263,82.2688,1
FILHO,96,7,30268,85.1575,1
WAIT,96,0,0,30261,85.3163,1
WAIT,96,1,2,30263,85.3635,1
WAIT,96,2,3,30264,85.3707,1
WAIT,96,3,6,30267,85.3770,1
WAIT,96,4,7,30268,85.3862,1
FILHO,96,4,30265,86.8667,1
FILHO,96,5,30266,88.9473,1
WAIT,96,5,4,30265,89.1048,1
WAIT,96,6,5,30266,89.1159,1
FILHO,96,1,30262,89.1675,1
WAIT,96,7,1,30262,89.3134,1
FILHO,97,0,30276,74.0266,1
FILHO,97,1,30277,75.3644,1
FILHO,97,2,30278,76.4282,1
FILHO,97,3,30279,77.5173,1
FILHO,97,4,30280,78.4391,1
FILHO,97,5,30281,79.3895,1
FILHO,97,6,30282,80.2836,1
FILHO,97,7,30283,81.2803,1
WAIT,97,0,0,30276,81.4246,1
WAIT,97,1,1,30277,81.4506,1
WAIT,97,2,2,30278,81.4561,1
WAIT,97,3,3,30279,81.4618,1
WAIT,97,4,4,30280,81.4660,1
WAIT,97,5,5,30281,81.4699,1
WAIT,97,6,6,30282,81.4736,1
WAIT,97,7,7,30283,81.4780,1
FILHO,98,0,30287,73.2754,1
FILHO,98,3,30290,75.1955,1
FILHO,98,1,30288,76.7097,1
FILHO,98,4,30291,77.6611,1
FILHO,98,5,30292,78.8413,1
FILHO,98,2,30289,79.8150,1
FILHO,98,6,30293,80.7010,1
FILHO,98,7,30294,81.5552,1
WAIT,98,0,0,30287,81.7120,1
WAIT,98,1,1,30288,81.7393,1
WAIT,98,2,2,30289,81.7437,1
WAIT,98,3,3,30290,81.7474,1
WAIT,98,4,4,30291,81.7512,1
WAIT,98,5,5,30292,81.7572,1
WAIT,98,6,6,30293,81.7608,1
WAIT,98,7,7,30294,81.7647,1
FILHO,99,0,30297,73.3422,1
FILHO,99,1,30298,74.4427,1
FILHO,99,2,30299,75.6454,1
FILHO,99,3,30300,76.6142,1
FILHO,99,5,30302,80.7167,1
FILHO,99,4,30301,82.2999,1
FILHO,99,7,30304,84.1794,1
WAIT,99,0,0,30297,84.3605,1
WAIT,99,1,1,30298,84.4003,1
WAIT,99,2,2,30299,84.4222,1
WAIT,99,3,3,30300,84.4447,1
WAIT,99,4,4,30301,84.4656,1
WAIT,99,5,5,30302,84.4864,1
WAIT,99,6,7,30304,84.5099,1
FILHO,99,6,30303,84.5515,1
WAIT,99,7,6,30303,84.7230,1
FILHO,100,0,30307,73.5357,1
FILHO,100,3,30310,74.8718,1
FILHO,100,1,30308,75.8495,1
FILHO,100,2,30309,76.9937,1
FILHO,100,4,30311,78.0072,1
FILHO,100,5,30312,78.9924,1
FILHO,100,7,30314,80.1855,1
FILHO,100,6,30313,80.9094,1
WAIT,100,0,0,30307,81.0665,1
WAIT,100,1,1,30308,81.0937,1
WAIT,100,2,2,30309,81.0982,1
WAIT,100,3,3,30310,81.1019,1
WAIT,100,4,4,30311,81.1083,1
WAIT,100,5,5,30312,81.1118,1
WAIT,100,6,6,30313,81.1154,1
WAIT,100,7,7,30314,81.1193,1
FILHO,101,0,30317,74.4407,1
FILHO,101,3,30320,76.6653,1
FILHO,101,1,30318,79.1863,1
FILHO,101,2,30319,81.2696,1
FILHO,101,5,30322,87.2092,1
FILHO,101,4,30321,88.0985,1
WAIT,101,0,0,30317,90.7906,1
WAIT,101,1,1,30318,90.8279,1
WAIT,101,2,2,30319,90.8418,1
WAIT,101,3,4,30321,90.8569,1
WAIT,101,4,5,30322,90.8703,1
WAIT,101,5,3,30320,90.9808,1
FILHO,101,6,30323,91.3090,1
WAIT,101,6,6,30323,91.4661,1
FILHO,101,7,30324,91.7032,1
WAIT,101,7,7,30324,91.9269,1
FILHO,102,0,30327,73.3944,1
FILHO,102,2,30329,74.7707,1
FILHO,102,3,30330,76.0086,1
FILHO,102,5,30332,76.9492,1
FILHO,102,1,30328,78.4206,1
FILHO,102,4,30331,80.4854,1
FILHO,102,7,30334,81.4111,1
WAIT,102,0,0,30327,81.5629,1
WAIT,102,1,1,30328,81.5904,1
WAIT,102,2,2,30329,81.5949,1
WAIT,102,3,3,30330,81.6003,1
WAIT,102,4,4,30331,81.6041,1
WAIT,102,5,5,30332,81.6082,1
WAIT,102,6,7,30334,81.6130,1
FILHO,102,6,30333,81.7188,1
WAIT,102,7,6,30333,81.8542,1
FILHO,103,0,30337,73.8696,1
FILHO,103,3,30340,75.1422,1
FILHO,103,1,30338,76.0032,1
FILHO,103,2,30339,76.8924,1
FILHO,103,4,30341,77.7986,1
FILHO,103,7,30344,78.7725,1
FILHO,103,6,30343,79.7182,1
FILHO,103,5,30342,81.1798,1
WAIT,103,0,0,30337,81.3431,1
WAIT,103,1,1,30338,81.3732,1
WAIT,103,2,2,30339,81.3787,1
WAIT,103,3,3,30340,81.3831,1
WAIT,103,4,4,30341,81.3875,1
WAIT,103,5,5,30342,81.3911,1
WAIT,103,6,7,30344,81.3956,1
WAIT,103,7,6,30343,81.4346,1
FILHO,104,0,30347,73.5838,1
FILHO,104,3,30350,75.2601,1
FILHO,104,2,30349,76.2905,1
FILHO,104,1,30348,77.1986,1
FILHO,104,4,30351,78.1969,1
FILHO,104,6,30353,79.2399,1
FILHO,104,5,30352,80.3513,1
FILHO,104,7,30354,81.2946,1
WAIT,104,0,0,30347,81.4370,1
WAIT,104,1,1,30348,81.4564,1
WAIT,104,2,2,30349,81.4606,1
WAIT,104,3,3,30350,81.4658,1
WAIT,104,4,4,30351,81.4711,1
WAIT,104,5,5,30352,81.4749,1
WAIT,104,6,6,30353,81.4806,1
WAIT,104,7,7,30354,81.4860,1
FILHO,105,0,30357,73.3472,1
FILHO,105,1,30358,74.4127,1
FILHO,105,3,30360,75.4598,1
FILHO,105,2,30359,76.3852,1
FILHO,105,6,30363,78.0023,1
FILHO,105,4,30361,79.7206,1
FILHO,105,7,30364,80.5935,1
WAIT,105,0,0,30357,80.7626,1
WAIT,105,1,1,30358,80.7896,1
WAIT,105,2,2,30359,80.7941,1
WAIT,105,3,3,30360,80.7984,1
WAIT,105,4,4,30361,80.8033,1
WAIT,105,5,6,30363,80.8075,1
WAIT,105,6,7,30364,80.8114,1
FILHO,105,5,30362,81.2738,1
WAIT,105,7,5,30362,81.4167,1
FILHO,106,0,30367,73.3420,1
FILHO,106,1,30368,74.3722,1
FILHO,106,2,30369,75.3023,1
FILHO,106,3,30370,76.2713,1
FILHO,106,5,30372,77.3347,1
FILHO,106,4,30371,78.3797,1
FILHO,106,6,30373,79.8810,1
FILHO,106,7,30374,80.7358,1
WAIT,106,0,0,30367,80.8964,1
WAIT,106,1,1,30368,80.9195,1
WAIT,106,2,2,30369,80.9238,1
WAIT,106,3,3,30370,80.9295,1
WAIT,106,4,4,30371,80.9333,1
WAIT,106,5,5,30372,80.9397,1
WAIT,106,6,6,30373,80.9436,1
WAIT,106,7,7,30374,80.9494,1
FILHO,107,0,30377,73.7666,1
FILHO,107,2,30379,74.8579,1
FILHO,107,1,30378,75.9389,1
FILHO,107,3,30380,76.9619,1
FILHO,107,6,30383,78.5411,1
FILHO,107,4,30381,79.8947,1
FILHO,107,5,30382,81.2640,1
FILHO,107,7,30384,82.2790,1
WAIT,107,0,0,30377,82.4262,1
WAIT,107,1,1,30378,82.4572,1
WAIT,107,2,2,30379,82.4628,1
WAIT,107,3,3,30380,82.4695,1
WAIT,107,4,4,30381,82.4732,1
WAIT,107,5,5,30382,82.4791,1
WAIT,107,6,6,30383,82.4835,1
WAIT,107,7,7,30384,82.4889,1
FILHO,108,0,30387,73.3215,1
FILHO,108,2,30389,74.3709,1
FILHO,108,1,30388,75.7357,1
FILHO,108,3,30390,77.2526,1
FILHO,108,5,30392,78.6088,1
FILHO,108,4,30391,80.7399,1
FILHO,108,6,30393,81.7228,1
FILHO,108,7,30394,82.7025,1
WAIT,108,0,0,30387,82.8672,1
WAIT,108,1,1,30388,82.8923,1
WAIT,108,2,2,30389,82.8991,1
WAIT,108,3,3,30390,82.9064,1
WAIT,108,4,4,30391,82.9123,1
WAIT,108,5,5,30392,82.9215,1
WAIT,108,6,6,30393,82.9279,1
WAIT,108,7,7,30394,82.9349,1
FILHO,109,0,30398,73.4154,1
FILHO,109,2,30400,74.5067,1
FILHO,109,1,30399,75.4672,1
FILHO,109,3,30401,76.4319,1
FILHO,109,4,30402,77.4499,1
FILHO,109,6,30404,78.4732,1
FILHO,109,7,30405,79.4727,1
FILHO,109,5,30403,80.4207,1
WAIT,109,0,0,30398,80.5781,1
WAIT,109,1,1,30399,80.6063,1
WAIT,109,2,2,30400,80.6107,1
WAIT,109,3,3,30401,80.6144,1
WAIT,109,4,4,30402,80.6208,1
WAIT,109,5,5,30403,80.6245,1
WAIT,109,6,6,30404,80.6285,1
WAIT,109,7,7,30405,80.6323,1
FILHO,110,0,30408,73.5925,1
FILHO,110,2,30410,74.9309,1
FILHO,110,1,30409,75.8769,1
FILHO,110,3,30411,76.8276,1
FILHO,110,4,30412,77.7744,1
FILHO,110,7,30415,78.7313,1
FILHO,110,6,30414,79.8509,1
WAIT,110,0,0,30408,80.7464,1
WAIT,110,1,1,30409,80.7746,1
WAIT,110,2,2,30410,80.7792,1
WAIT,110,3,3,30411,80.7835,1
WAIT,110,4,4,30412,80.7891,1
WAIT,110,5,6,30414,80.7933,1
WAIT,110,6,7,30415,80.7996,1
FILHO,110,5,30413,80.9019,1
WAIT,110,7,5,30413,81.0487,1
FILHO,111,0,30418,74.4272,1
FILHO,111,3,30421,76.4620,1
FILHO,111,1,30419,77.9208,1
FILHO,111,2,30420,79.2611,1
FILHO,111,5,30423,81.0200,1
FILHO,111,7,30425,82.9347,1
FILHO,111,4,30422,84.4104,1
WAIT,111,0,0,30418,84.5656,1
WAIT,111,1,1,30419,84.5984,1
WAIT,111,2,2,30420,84.6087,1
WAIT,111,3,3,30421,84.6169,1
WAIT,111,4,4,30422,84.6269,1
WAIT,111,5,5,30423,84.6349,1
WAIT,111,6,7,30425,84.6432,1
FILHO,111,6,30424,84.8877,1
WAIT,111,7,6,30424,85.0313,1
FILHO,112,0,30428,73.2766,1
FILHO,112,3,30431,74.2656,1
FILHO,112,1,30429,75.2071,1
FILHO,112,2,30430,76.1894,1
FILHO,112,5,30433,77.2953,1
FILHO,112,6,30434,79.5254,1
FILHO,112,7,30435,80.4339,1
WAIT,112,0,0,30428,80.5747,1
WAIT,112,1,1,30429,80.6050,1
WAIT,112,2,2,30430,80.6101,1
WAIT,112,3,3,30431,80.6163,1
WAIT,112,4,5,30433,80.6201,1
WAIT,112,5,6,30434,80.6258,1
WAIT,112,6,7,30435,80.6299,1
FILHO,112,4,30432,80.8100,1
WAIT,112,7,4,30432,80.9500,1
FILHO,113,3,30441,73.3388,1
FILHO,113,0,30438,74.2969,1
FILHO,113,1,30439,75.2583,1
FILHO,113,2,30440,76.4276,1
FILHO,113,4,30442,77.5987,1
FILHO,113,6,30444,78.5145,1
FILHO,113,7,30445,79.4509,1
FILHO,113,5,30443,80.6581,1
WAIT,113,0,0,30438,80.7977,1
WAIT,113,1,1,30439,80.8245,1
WAIT,113,2,2,30440,80.8288,1
WAIT,113,3,3,30441,80.8343,1
WAIT,113,4,4,30442,80.8395,1
WAIT,113,5,5,30443,80.8432,1
WAIT,113,6,6,30444,80.8492,1
WAIT,113,7,7,30445,80.8534,1
FILHO,114,0,30448,73.1747,1
FILHO,114,4,30452,74.1193,1
FILHO,114,1,30449,75.3059,1
FILHO,114,2,30450,76.3748,1
FILHO,114,3,30451,77.2637,1
FILHO,114,6,30454,78.1587,1
FILHO,114,5,30453,79.1788,1
FILHO,114,7,30455,80.0566,1
WAIT,114,0,0,30448,80.2001,1
WAIT,114,1,1,30449,80.2263,1
WAIT,114,2,2,30450,80.2313,1
WAIT,114,3,3,30451,80.2352,1
WAIT,114,4,4,30452,80.2396,1
WAIT,114,5,5,30453,80.2439,1
WAIT,114,6,6,30454,80.2474,1
WAIT,114,7,7,30455,80.2510,1
FILHO,115,0,30458,73.4508,1
FILHO,115,2,30460,74.7738,1
FILHO,115,1,30459,76.4285,1
FILHO,115,5,30463,82.0741,1
FILHO,115,7,30465,83.3768,1
FILHO,115,4,30462,85.0521,1
WAIT,115,0,0,30458,85.2242,1
WAIT,115,1,1,30459,85.2608,1
WAIT,115,2,2,30460,85.2725,1
WAIT,115,3,4,30462,85.2865,1
WAIT,115,4,5,30463,85.2981,1
WAIT,115,5,7,30465,85.3123,1
FILHO,115,3,30461,85.9998,1
WAIT,115,6,3,30461,86.1620,1
FILHO,115,6,30464,86.1754,1
WAIT,115,7,6,30464,86.3529,1
FILHO,116,0,30473,74.5082,1
FILHO,116,1,30474,76.6681,1
FILHO,116,3,30477,77.8030,1
FILHO,116,2,30475,79.8149,1
FILHO,116,4,30478,80.7072,1
FILHO,116,5,30479,81.6207,1
FILHO,116,7,30481,82.6488,1
FILHO,116,6,30480,83.5398,1
WAIT,116,0,0,30473,83.7076,1
WAIT,116,1,1,30474,83.7375,1
WAIT,116,2,2,30475,83.7506,1
WAIT,116,3,3,30477,83.7628,1
WAIT,116,4,4,30478,83.7814,1
WAIT,116,5,5,30479,83.7930,1
WAIT,116,6,6,30480,83.8066,1
WAIT,116,7,7,30481,83.8185,1
FILHO,117,0,30484,73.7606,1
FILHO,117,2,30486,74.7846,1
FILHO,117,1,30485,75.6941,1
FILHO,117,3,30487,76.5876,1
FILHO,117,4,30488,77.6708,1
FILHO,117,5,30489,78.5736,1
FILHO,117,6,30490,79.4822,1
FILHO,117,7,30491,80.5825,1
WAIT,117,0,0,30484,80.7257,1
WAIT,117,1,1,30485,80.7527,1
WAIT,117,2,2,30486,80.7579,1
WAIT,117,3,3,30487,80.7619,1
WAIT,117,4,4,30488,80.7678,1
WAIT,117,5,5,30489,80.7713,1
WAIT,117,6,6,30490,80.7754,1
WAIT,117,7,7,30491,80.7791,1
FILHO,118,0,30494,73.3744,1
FILHO,118,1,30495,74.5071,1
FILHO,118,2,30496,76.0442,1
FILHO,118,3,30497,77.0697,1
FILHO,118,6,30500,78.5566,1
FILHO,118,4,30498,79.9005,1
FILHO,118,7,30501,81.0432,1
FILHO,118,5,30499,82.3680,1
WAIT,118,0,0,30494,82.5517,1
WAIT,118,1,1,30495,82.5723,1
WAIT,118,2,2,30496,82.5765,1
WAIT,118,3,3,30497,82.5812,1
WAIT,118,4,4,30498,82.5852,1
WAIT,118,5,5,30499,82.5889,1
WAIT,118,6,6,30500,82.5945,1
WAIT,118,7,7,30501,82.5987,1
FILHO,119,0,30504,73.3390,1
FILHO,119,2,30506,74.6251,1
FILHO,119,1,30505,75.7379,1
FILHO,119,3,30507,76.7505,1
FILHO,119,5,30509,78.1878,1
FILHO,119,4,30508,79.6047,1
FILHO,119,6,30510,81.2512,1
FILHO,119,7,30511,82.2389,1
WAIT,119,0,0,30504,82.3827,1
WAIT,119,1,1,30505,82.4006,1
WAIT,119,2,2,30506,82.4059,1
WAIT,119,3,3,30507,82.4101,1
WAIT,119,4,4,30508,82.4143,1
WAIT,119,5,5,30509,82.4181,1
WAIT,119,6,6,30510,82.4230,1
WAIT,119,7,7,30511,82.4266,1
FILHO,120,3,30517,73.8876,1
FILHO,120,1,30515,74.8799,1
FILHO,120,2,30516,75.9946,1
FILHO,120,4,30518,76.8605,1
FILHO,120,6,30520,77.8344,1
FILHO,120,5,30519,78.8836,1
FILHO,120,7,30521,79.7548,1
FILHO,120,0,30514,80.3960,1
WAIT,120,0,0,30514,80.5407,1
WAIT,120,1,1,30515,80.5664,1
WAIT,120,2,2,30516,80.5714,1
WAIT,120,3,3,30517,80.5759,1
WAIT,120,4,4,30518,80.5797,1
WAIT,120,5,5,30519,80.5835,1
WAIT,120,6,6,30520,80.5903,1
WAIT,120,7,7,30521,80.6853,1
FILHO,121,0,30525,73.3268,1
FILHO,121,2,30527,74.4156,1
FILHO,121,1,30526,75.5439,1
FILHO,121,3,30528,76.6379,1
FILHO,121,4,30529,77.5901,1
FILHO,121,7,30532,78.5839,1
FILHO,121,5,30530,79.6376,1
FILHO,121,6,30531,80.6016,1
WAIT,121,0,0,30525,80.7523,1
WAIT,121,1,1,30526,80.7918,1
WAIT,121,2,2,30527,80.7965,1
WAIT,121,3,3,30528,80.8015,1
WAIT,121,4,4,30529,80.8060,1
WAIT,121,5,5,30530,80.8098,1
WAIT,121,6,6,30531,80.8138,1
WAIT,121,7,7,30532,80.8188,1
FILHO,122,0,30535,73.4205,1
FILHO,122,1,30536,74.5371,1
FILHO,122,3,30538,75.7073,1
FILHO,122,4,30539,77.1860,1
FILHO,122,2,30537,78.5485,1
FILHO,122,7,30542,80.2144,1
FILHO,122,5,30540,81.3657,1
WAIT,122,0,0,30535,81.5296,1
WAIT,122,1,1,30536,81.5556,1
WAIT,122,2,2,30537,81.5611,1
WAIT,122,3,3,30538,81.5652,1
WAIT,122,4,4,30539,81.5698,1
WAIT,122,5,5,30540,81.5735,1
WAIT,122,6,7,30542,81.5781,1
FILHO,122,6,30541,81.8788,1
WAIT,122,7,6,30541,82.0211,1
FILHO,123,0,30545,73.2172,1
FILHO,123,4,30549,74.2550,1
FILHO,123,2,30547,75.2433,1
FILHO,123,1,30546,76.1823,1
FILHO,123,5,30550,77.4337,1
FILHO,123,6,30551,78.4581,1
FILHO,123,3,30548,80.2462,1
FILHO,123,7,30552,81.2424,1
WAIT,123,0,0,30545,81.4150,1
WAIT,123,1,1,30546,81.4442,1
WAIT,123,2,2,30547,81.4569,1
WAIT,123,3,3,30548,81.4656,1
WAIT,123,4,4,30549,81.4760,1
WAIT,123,5,5,30550,81.4845,1
WAIT,123,6,6,30551,81.4960,1
WAIT,123,7,7,30552,81.5042,1
FILHO,124,0,30555,73.3431,1
FILHO,124,2,30557,74.4389,1
FILHO,124,3,30558,75.5804,1
FILHO,124,1,30556,76.6025,1
FILHO,124,4,30559,77.5502,1
FILHO,124,6,30561,78.5027,1
FILHO,124,5,30560,80.0568,1
FILHO,124,7,30562,81.0122,1
WAIT,124,0,0,30555,81.1587,1
WAIT,124,1,1,30556,81.1822,1
WAIT,124,2,2,30557,81.1863,1
WAIT,124,3,3,30558,81.1938,1
WAIT,124,4,4,30559,81.1976,1
WAIT,124,5,5,30560,81.2034,1
WAIT,124,6,6,30561,81.2071,1
WAIT,124,7,7,30562,81.2112,1
FILHO,125,0,30565,73.2688,1
FILHO,125,1,30566,74.3638,1
FILHO,125,2,30567,75.6637,1
FILHO,125,5,30570,76.8822,1
FILHO,125,4,30569,77.9366,1
FILHO,125,6,30571,79.6937,1
FILHO,125,7,30572,80.6632,1
WAIT,125,0,0,30565,80.8285,1
WAIT,125,1,1,30566,80.8796,1
WAIT,125,2,2,30567,80.8899,1
WAIT,125,3,4,30569,80.8966,1
WAIT,125,4,5,30570,80.9011,1
WAIT,125,5,6,30571,80.9073,1
WAIT,125,6,7,30572,80.9115,1
FILHO,125,3,30568,80.9289,1
WAIT,125,7,3,30568,81.0671,1
FILHO,126,0,30575,73.2711,1
FILHO,126,4,30579,74.3504,1
FILHO,126,2,30577,75.2301,1
FILHO,126,1,30576,76.1876,1
FILHO,126,3,30578,77.2130,1
FILHO,126,5,30580,78.3090,1
FILHO,126,7,30582,80.1133,1
WAIT,126,0,0,30575,80.2832,1
WAIT,126,1,1,30576,80.3102,1
WAIT,126,2,2,30577,80.3145,1
WAIT,126,3,3,30578,80.3186,1
WAIT,126,4,4,30579,80.3242,1
WAIT,126,5,5,30580,80.3284,1
WAIT,126,6,7,30582,80.3323,1
FILHO,126,6,30581,80.6642,1
WAIT,126,7,6,30581,80.8032,1
FILHO,127,0,30585,73.2775,1
FILHO,127,2,30587,74.3757,1
FILHO,127,4,30589,75.6843,1
FILHO,127,1,30586,76.6324,1
FILHO,127,5,30590,77.5150,1
FILHO,127,3,30588,78.4725,1
FILHO,127,7,30592,79.6376,1
FILHO,127,6,30591,80.4361,1
WAIT,127,0,0,30585,80.5980,1
WAIT,127,1,1,30586,80.6239,1
WAIT,127,2,2,30587,80.6293,1
WAIT,127,3,3,30588,80.6336,1
WAIT,127,4,4,30589,80.6395,1
WAIT,127,5,5,30590,80.6434,1
WAIT,127,6,6,30591,80.6480,1
WAIT,127,7,7,30592,80.6519,1
FILHO,128,0,30595,73.2605,1
FILHO,128,4,30599,74.3333,1
FILHO,128,2,30597,75.3340,1
FILHO,128,1,30596,76.3555,1
FILHO,128,6,30601,77.6010,1
FILHO,128,5,30600,79.6966,1
FILHO,128,7,30602,80.6876,1
WAIT,128,0,0,30595,80.8472,1
WAIT,128,1,1,30596,80.8764,1
WAIT,128,2,2,30597,80.8805,1
WAIT,128,3,4,30599,80.8852,1
WAIT,128,4,5,30600,80.8896,1
WAIT,128,5,6,30601,80.8938,1
WAIT,128,6,7,30602,80.8996,1
FILHO,128,3,30598,81.0420,1
WAIT,128,7,3,30598,81.1767,1
FILHO,129,0,30605,73.3094,1
FILHO,129,3,30608,74.3869,1
FILHO,129,1,30606,75.3114,1
FILHO,129,4,30609,76.4927,1
FILHO,129,2,30607,77.6387,1
FILHO,129,6,30611,79.7664,1
FILHO,129,7,30612,80.7626,1
WAIT,129,0,0,30605,80.9338,1
WAIT,129,1,1,30606,80.9569,1
WAIT,129,2,2,30607,80.9617,1
WAIT,129,3,3,30608,80.9675,1
WAIT,129,4,4,30609,80.9717,1
WAIT,129,5,6,30611,80.9775,1
WAIT,129,6,7,30612,80.9832,1
FILHO,129,5,30610,78.7888,1
WAIT,129,7,5,30610,81.1157,1
FILHO,130,4,30619,72.8320,1
FILHO,130,1,30616,74.1493,1
FILHO,130,0,30615,75.3948,1
FILHO,130,3,30618,76.3837,1
FILHO,130,2,30617,77.5125,1
FILHO,130,6,30621,78.9712,1
FILHO,130,7,30622,79.9300,1
WAIT,130,0,0,30615,80.0765,1
WAIT,130,1,1,30616,80.1061,1
WAIT,130,2,2,30617,80.1105,1
WAIT,130,3,3,30618,80.1143,1
WAIT,130,4,4,30619,80.1180,1
WAIT,130,5,6,30621,80.1222,1
WAIT,130,6,7,30622,80.1265,1
FILHO,130,5,30620,80.6251,1
WAIT,130,7,5,30620,80.7661,1
FILHO,131,0,30625,73.3969,1
FILHO,131,4,30629,74.8393,1
FILHO,131,2,30627,76.1679,1
FILHO,131,1,30626,77.5801,1
FILHO,131,3,30628,78.7550,1
FILHO,131,5,30630,80.0234,1
FILHO,131,6,30631,81.1582,1
FILHO,131,7,30632,82.2264,1
WAIT,131,0,0,30625,82.3760,1
WAIT,131,1,1,30626,82.3935,1
WAIT,131,2,2,30627,82.3977,1
WAIT,131,3,3,30628,82.4016,1
WAIT,131,4,4,30629,82.4081,1
WAIT,131,5,5,30630,82.4119,1
WAIT,131,6,6,30631,82.4158,1
WAIT,131,7,7,30632,82.4193,1
FILHO,132,0,30635,73.3678,1
FILHO,132,2,30637,74.5683,1
FILHO,132,1,30636,75.8505,1
FILHO,132,3,30638,77.1076,1
FILHO,132,4,30639,78.9473,1
FILHO,132,5,30640,80.7744,1
FILHO,132,6,30641,82.3482,1
WAIT,132,0,0,30635,83.1957,1
WAIT,132,1,1,30636,83.2206,1
WAIT,132,2,2,30637,83.2249,1
WAIT,132,3,3,30638,83.2293,1
WAIT,132,4,4,30639,83.2351,1
WAIT,132,5,5,30640,83.2388,1
WAIT,132,6,6,30641,83.2423,1
FILHO,132,7,30642,83.5759,1
WAIT,132,7,7,30642,83.7127,1
FILHO,133,0,30646,73.2833,1
FILHO,133,2,30648,74.2880,1
FILHO,133,1,30647,75.2583,1
FILHO,133,5,30651,76.8756,1
FILHO,133,3,30649,78.1255,1
FILHO,133,6,30652,79.1002,1
FILHO,133,4,30650,80.3884,1
FILHO,133,7,30653,81.3974,1
WAIT,133,0,0,30646,81.5531,1
WAIT,133,1,1,30647,81.5801,1
WAIT,133,2,2,30648,81.5842,1
WAIT,133,3,3,30649,81.5881,1
WAIT,133,4,4,30650,81.5929,1
WAIT,133,5,5,30651,81.5967,1
WAIT,133,6,6,30652,81.6006,1
WAIT,133,7,7,30653,81.6050,1
FILHO,134,0,30656,73.4701,1
FILHO,134,3,30659,74.5763,1
FILHO,134,1,30657,75.7008,1
FILHO,134,2,30658,76.8168,1
FILHO,134,4,30660,77.7312,1
FILHO,134,5,30661,78.6525,1
FILHO,134,7,30663,79.6772,1
FILHO,134,6,30662,80.7147,1
WAIT,134,0,0,30656,80.8680,1
WAIT,134,1,1,30657,80.8936,1
WAIT,134,2,2,30658,80.8979,1
WAIT,134,3,3,30659,80.9018,1
WAIT,134,4,4,30660,80.9068,1
WAIT,134,5,5,30661,80.9104,1
WAIT,134,6,6,30662,80.9141,1
WAIT,134,7,7,30663,80.9202,1
FILHO,135,0,30666,73.4633,1
FILHO,135,1,30667,74.6135,1
FILHO,135,2,30668,76.1552,1
FILHO,135,3,30669,77.4502,1
FILHO,135,5,30671,79.0801,1
FILHO,135,4,30670,80.3285,1
FILHO,135,6,30672,81.3957,1
FILHO,135,7,30673,82.4186,1
WAIT,135,0,0,30666,82.5937,1
WAIT,135,1,1,30667,82.6257,1
WAIT,135,2,2,30668,82.6383,1
WAIT,135,3,3,30669,82.6527,1
WAIT,135,4,4,30670,82.6640,1
WAIT,135,5,5,30671,82.6804,1
WAIT,135,6,6,30672,82.6928,1
WAIT,135,7,7,30673,82.7096,1
FILHO,136,2,30678,73.8667,1
FILHO,136,1,30677,75.0827,1
FILHO,136,5,30681,76.8943,1
FILHO,136,3,30679,77.8219,1
FILHO,136,4,30680,79.4422,1
FILHO,136,6,30682,80.3756,1
FILHO,136,7,30683,81.2548,1
FILHO,136,0,30676,81.6446,1
WAIT,136,0,0,30676,81.7711,1
WAIT,136,1,1,30677,81.7893,1
WAIT,136,2,2,30678,81.7934,1
WAIT,136,3,3,30679,81.7971,1
WAIT,136,4,4,30680,81.8012,1
WAIT,136,5,5,30681,81.8049,1
WAIT,136,6,6,30682,81.8092,1
WAIT,136,7,7,30683,81.8127,1
FILHO,137,0,30686,73.6038,1
FILHO,137,3,30689,74.7170,1
FILHO,137,1,30687,75.9287,1
FILHO,137,5,30691,79.3625,1
FILHO,137,4,30690,80.7016,1
FILHO,137,6,30692,82.5698,1
FILHO,137,7,30693,83.9584,1
WAIT,137,0,0,30686,84.1676,1
WAIT,137,1,1,30687,84.2001,1
WAIT,137,2,3,30689,84.2063,1
WAIT,137,3,4,30690,84.2117,1
WAIT,137,4,5,30691,84.2176,1
WAIT,137,5,6,30692,84.2227,1
WAIT,137,6,7,30693,84.2277,1
FILHO,137,2,30688,84.6173,1
WAIT,137,7,2,30688,84.7852,1
FILHO,138,0,30696,74.5388,1
FILHO,138,2,30698,76.5977,1
FILHO,138,1,30697,78.6468,1
FILHO,138,3,30699,81.8603,1
FILHO,138,6,30702,83.9469,1
FILHO,138,5,30701,86.7950,1
WAIT,138,0,0,30696,88.1836,1
WAIT,138,1,1,30697,88.2223,1
WAIT,138,2,2,30698,88.2374,1
WAIT,138,3,3,30699,88.2540,1
WAIT,138,4,5,30701,88.2671,1
WAIT,138,5,6,30702,88.2825,1
FILHO,138,7,30703,88.8727,1
WAIT,138,6,7,30703,89.0368,1
FILHO,138,4,30700,90.9299,1
WAIT,138,7,4,30700,91.0802,1
FILHO,139,0,30706,74.6197,1
FILHO,139,1,30707,76.5261,1
FILHO,139,3,30709,78.7613,1
FILHO,139,2,30708,80.6750,1
FILHO,139,5,30711,81.8353,1
FILHO,139,4,30710,83.3527,1
FILHO,139,6,30712,85.7844,1
WAIT,139,0,0,30706,88.1943,1
WAIT,139,1,1,30707,88.2353,1
WAIT,139,2,2,30708,88.2492,1
WAIT,139,3,3,30709,88.2586,1
WAIT,139,4,4,30710,88.2694,1
WAIT,139,5,5,30711,88.2864,1
WAIT,139,6,6,30712,88.3034,1
FILHO,139,7,30713,88.6421,1
WAIT,139,7,7,30713,88.8273,1
FILHO,140,0,30719,73.5855,1
FILHO,140,1,30720,74.9654,1
FILHO,140,2,30721,76.3811,1
FILHO,140,5,30724,77.5733,1
FILHO,140,3,30722,78.7412,1
FILHO,140,4,30723,80.3055,1
FILHO,140,6,30725,82.3844,1
FILHO,140,7,30726,81.3571,1
WAIT,140,0,0,30719,82.6855,1
WAIT,140,1,1,30720,82.7209,1
WAIT,140,2,2,30721,82.7347,1
WAIT,140,3,3,30722,82.7471,1
WAIT,140,4,4,30723,82.7609,1
WAIT,140,5,5,30724,82.7740,1
WAIT,140,6,6,30725,82.7850,1
WAIT,140,7,7,30726,82.7985,1
FILHO,141,0,30732,73.2675,1
FILHO,141,4,30736,74.2946,1
FILHO,141,2,30734,75.1833,1
FILHO,141,1,30733,76.0735,1
FILHO,141,7,30739,77.6313,1
FILHO,141,5,30737,79.4055,1
FILHO,141,3,30735,81.0810,1
WAIT,141,0,0,30732,81.2472,1
WAIT,141,1,1,30733,81.2788,1
WAIT,141,2,2,30734,81.2830,1
WAIT,141,3,3,30735,81.2875,1
WAIT,141,4,4,30736,81.2933,1
WAIT,141,5,5,30737,81.2970,1
WAIT,141,6,7,30739,81.3007,1
FILHO,141,6,30738,82.5041,1
WAIT,141,7,6,30738,82.6447,1
FILHO,142,0,30742,73.3034,1
FILHO,142,4,30746,74.3102,1
FILHO,142,1,30743,75.2557,1
FILHO,142,2,30744,76.1702,1
FILHO,142,3,30745,77.6551,1
FILHO,142,5,30747,80.4159,1
FILHO,142,7,30749,81.3995,1
WAIT,142,0,0,30742,81.5502,1
WAIT,142,1,1,30743,81.5748,1
WAIT,142,2,2,30744,81.5791,1
WAIT,142,3,3,30745,81.5851,1
WAIT,142,4,4,30746,81.5893,1
WAIT,142,5,5,30747,81.5950,1
WAIT,142,6,7,30749,81.5987,1
FILHO,142,6,30748,79.0371,1
WAIT,142,7,6,30748,81.7139,1
FILHO,143,0,30752,73.3047,1
FILHO,143,1,30753,74.2048,1
FILHO,143,4,30756,75.2529,1
FILHO,143,2,30754,76.1529,1
FILHO,143,3,30755,78.3349,1
FILHO,143,7,30759,79.8674,1
FILHO,143,6,30758,80.7731,1
FILHO,143,5,30757,82.2075,1
WAIT,143,0,0,30752,82.3583,1
WAIT,143,1,1,30753,82.3859,1
WAIT,143,2,2,30754,82.3905,1
WAIT,143,3,3,30755,82.3953,1
WAIT,143,4,4,30756,82.3995,1
WAIT,143,5,5,30757,82.4031,1
WAIT,143,6,6,30758,82.4074,1
WAIT,143,7,7,30759,82.4132,1
FILHO,144,0,30762,73.2540,1
FILHO,144,2,30764,74.3000,1
FILHO,144,1,30763,75.1529,1
FILHO,144,6,30768,76.3040,1
FILHO,144,3,30765,77.1622,1
FILHO,144,4,30766,78.6763,1
FILHO,144,7,30769,80.7509,1
WAIT,144,0,0,30762,80.9022,1
WAIT,144,1,1,30763,80.9427,1
WAIT,144,2,2,30764,80.9500,1
WAIT,144,3,3,30765,80.9553,1
WAIT,144,4,4,30766,80.9592,1
WAIT,144,5,6,30768,80.9649,1
WAIT,144,6,7,30769,80.9691,1
FILHO,144,5,30767,81.2141,1
WAIT,144,7,5,30767,81.3520,1
FILHO,145,0,30773,73.3298,1
FILHO,145,2,30775,74.6631,1
FILHO,145,1,30774,76.1698,1
FILHO,145,3,30776,77.1937,1
FILHO,145,4,30777,78.1996,1
FILHO,145,5,30778,80.2921,1
FILHO,145,7,30780,81.1967,1
WAIT,145,0,0,30773,81.3316,1
WAIT,145,1,1,30774,81.3641,1
WAIT,145,2,2,30775,81.3700,1
WAIT,145,3,3,30776,81.3746,1
WAIT,145,4,4,30777,81.3788,1
WAIT,145,5,5,30778,81.3824,1
WAIT,145,6,7,30780,81.3883,1
FILHO,145,6,30779,81.5282,1
WAIT,145,7,6,30779,81.6572,1
FILHO,146,0,30783,73.2679,1
FILHO,146,4,30787,74.3790,1
FILHO,146,2,30785,75.4646,1
FILHO,146,1,30784,76.4973,1
FILHO,146,6,30789,78.4118,1
FILHO,146,5,30788,79.9106,1
FILHO,146,7,30790,80.7932,1
WAIT,146,0,0,30783,80.9490,1
WAIT,146,1,1,30784,80.9770,1
WAIT,146,2,2,30785,80.9829,1
WAIT,146,3,4,30787,80.9905,1
WAIT,146,4,5,30788,80.9957,1
WAIT,146,5,6,30789,81.0036,1
WAIT,146,6,7,30790,81.0090,1
FILHO,146,3,30786,81.6085,1
WAIT,146,7,3,30786,81.7582,1
FILHO,147,0,30793,73.4546,1
FILHO,147,2,30795,74.6129,1
FILHO,147,1,30794,75.5392,1
FILHO,147,3,30796,76.4573,1
FILHO,147,4,30797,77.3494,1
FILHO,147,5,30798,78.5829,1
FILHO,147,7,30800,80.1481,1
WAIT,147,0,0,30793,80.3089,1
WAIT,147,1,1,30794,80.3366,1
WAIT,147,2,2,30795,80.3440,1
WAIT,147,3,3,30796,80.3497,1
WAIT,147,4,4,30797,80.3553,1
WAIT,147,5,5,30798,80.3643,1
WAIT,147,6,7,30800,80.3906,1
FILHO,147,6,30799,80.7737,1
WAIT,147,7,6,30799,80.9231,1
FILHO,148,0,30803,73.2904,1
FILHO,148,2,30805,74.2869,1
FILHO,148,4,30807,75.2406,1
FILHO,148,1,30804,76.3573,1
FILHO,148,6,30809,77.2661,1
FILHO,148,3,30806,78.5259,1
FILHO,148,5,30808,79.4612,1
FILHO,148,7,30810,80.3171,1
WAIT,148,0,0,30803,80.4509,1
WAIT,148,1,1,30804,80.4764,1
WAIT,148,2,2,30805,80.4834,1
WAIT,148,3,3,30806,80.4905,1
WAIT,148,4,4,30807,80.4947,1
WAIT,148,5,5,30808,80.4985,1
WAIT,148,6,6,30809,80.5031,1
WAIT,148,7,7,30810,80.5067,1
FILHO,149,0,30813,73.2445,1
FILHO,149,4,30817,74.2657,1
FILHO,149,1,30814,75.4127,1
FILHO,149,2,30815,76.3053,1
FILHO,149,3,30816,77.4391,1
FILHO,149,5,30818,78.5083,1
FILHO,149,6,30819,80.0277,1
WAIT,149,0,0,30813,80.1787,1
WAIT,149,1,1,30814,80.2105,1
WAIT,149,2,2,30815,80.2148,1
WAIT,149,3,3,30816,80.2193,1
WAIT,149,4,4,30817,80.2250,1
WAIT,149,5,5,30818,80.2285,1
WAIT,149,6,6,30819,80.2321,1
FILHO,149,7,30820,80.5841,1
WAIT,149,7,7,30820,80.7142,1
FILHO,150,0,30823,73.2530,1
FILHO,150,3,30826,74.3110,1
FILHO,150,1,30824,75.2372,1
FILHO,150,2,30825,76.1138,1
FILHO,150,4,30827,77.1130,1
FILHO,150,5,30828,78.1357,1
FILHO,150,7,30830,80.1964,1
WAIT,150,0,0,30823,80.3535,1
WAIT,150,1,1,30824,80.3849,1
WAIT,150,2,2,30825,80.3893,1
WAIT,150,3,3,30826,80.3931,1
WAIT,150,4,4,30827,80.3998,1
WAIT,150,5,5,30828,80.4036,1
WAIT,150,6,7,30830,80.4102,1
FILHO,150,6,30829,80.5816,1
WAIT,150,7,6,30829,80.7210,1
FILHO,151,0,30833,73.2367,1
FILHO,151,4,30837,74.2127,1
FILHO,151,1,30834,75.1689,1
FILHO,151,2,30835,76.0791,1
FILHO,151,6,30839,77.3427,1
FILHO,151,3,30836,78.3086,1
FILHO,151,7,30840,79.6505,1
WAIT,151,0,0,30833,79.7959,1
WAIT,151,1,1,30834,79.8255,1
WAIT,151,2,2,30835,79.8299,1
WAIT,151,3,3,30836,79.8335,1
WAIT,151,4,4,30837,79.8371,1
WAIT,151,5,6,30839,79.8435,1
WAIT,151,6,7,30840,79.8471,1
FILHO,151,5,30838,80.4799,1
WAIT,151,7,5,30838,80.6186,1
FILHO,152,0,30843,73.3008,1
FILHO,152,2,30845,74.3284,1
FILHO,152,3,30846,75.2718,1
FILHO,152,1,30844,76.2301,1
FILHO,152,4,30847,77.4256,1
FILHO,152,5,30848,78.5897,1
FILHO,152,6,30849,79.6459,1
FILHO,152,7,30850,80.4981,1
WAIT,152,0,0,30843,80.6421,1
WAIT,152,1,1,30844,80.6691,1
WAIT,152,2,2,30845,80.6746,1
WAIT,152,3,3,30846,80.6806,1
WAIT,152,4,4,30847,80.6842,1
WAIT,152,5,5,30848,80.6880,1
WAIT,152,6,6,30849,80.6941,1
WAIT,152,7,7,30850,80.6980,1
FILHO,153,0,30853,73.1969,1
FILHO,153,4,30857,74.1621,1
FILHO,153,2,30855,75.0569,1
FILHO,153,1,30854,76.0005,1
FILHO,153,3,30856,76.8777,1
FILHO,153,6,30859,78.1863,1
FILHO,153,5,30858,79.7442,1
FILHO,153,7,30860,80.2841,1
WAIT,153,0,0,30853,80.4355,1
WAIT,153,1,1,30854,80.4648,1
WAIT,153,2,2,30855,80.4694,1
WAIT,153,3,3,30856,80.4742,1
WAIT,153,4,4,30857,80.4781,1
WAIT,153,5,5,30858,80.4846,1
WAIT,153,6,6,30859,80.4886,1
WAIT,153,7,7,30860,80.4926,1
FILHO,154,6,30869,73.1100,1
FILHO,154,5,30868,74.4023,1
FILHO,154,1,30864,75.4036,1
FILHO,154,2,30865,76.4247,1
FILHO,154,4,30867,77.4389,1
FILHO,154,3,30866,78.7876,1
FILHO,154,0,30863,80.2514,1
FILHO,154,7,30870,81.2578,1
WAIT,154,0,0,30863,81.4125,1
WAIT,154,1,1,30864,81.4365,1
WAIT,154,2,2,30865,81.4409,1
WAIT,154,3,3,30866,81.4449,1
WAIT,154,4,4,30867,81.4511,1
WAIT,154,5,5,30868,81.4549,1
WAIT,154,6,6,30869,81.4585,1
WAIT,154,7,7,30870,81.4625,1
FILHO,155,1,30874,73.3089,1
FILHO,155,2,30875,74.2156,1
FILHO,155,4,30877,76.1473,1
FILHO,155,3,30876,77.3149,1
FILHO,155,6,30879,78.2021,1
FILHO,155,0,30873,79.7686,1
FILHO,155,7,30880,80.7970,1
FILHO,155,5,30878,81.4295,1
WAIT,155,0,0,30873,81.5912,1
WAIT,155,1,1,30874,81.6114,1
WAIT,155,2,2,30875,81.6158,1
WAIT,155,3,3,30876,81.6203,1
WAIT,155,4,4,30877,81.6241,1
WAIT,155,5,5,30878,81.6288,1
WAIT,155,6,6,30879,81.6325,1
WAIT,155,7,7,30880,81.6366,1
FILHO,156,0,30883,73.2201,1
FILHO,156,3,30886,74.2836,1
FILHO,156,2,30885,75.2789,1
FILHO,156,1,30884,76.2001,1
FILHO,156,5,30888,77.8804,1
FILHO,156,4,30887,79.3272,1
FILHO,156,6,30889,80.2265,1
FILHO,156,7,30890,81.0969,1
WAIT,156,0,0,30883,81.2562,1
WAIT,156,1,1,30884,81.2837,1
WAIT,156,2,2,30885,81.2882,1
WAIT,156,3,3,30886,81.2941,1
WAIT,156,4,4,30887,81.2985,1
WAIT,156,5,5,30888,81.3039,1
WAIT,156,6,6,30889,81.3075,1
WAIT,156,7,7,30890,81.3134,1
FILHO,157,0,30894,73.2483,1
FILHO,157,1,30895,74.2841,1
FILHO,157,3,30897,75.2493,1
FILHO,157,2,30896,76.1418,1
FILHO,157,4,30898,77.0705,1
FILHO,157,5,30899,78.3196,1
FILHO,157,7,30901,79.2655,1
FILHO,157,6,30900,80.5035,1
WAIT,157,0,0,30894,80.6654,1
WAIT,157,1,1,30895,80.6942,1
WAIT,157,2,2,30896,80.6984,1
WAIT,157,3,3,30897,80.7022,1
WAIT,157,4,4,30898,80.7079,1
WAIT,157,5,5,30899,80.7123,1
WAIT,157,6,6,30900,80.7179,1
WAIT,157,7,7,30901,80.7217,1
FILHO,158,0,30904,73.2746,1
FILHO,158,4,30908,74.5361,1
FILHO,158,1,30905,75.3958,1
FILHO,158,2,30906,76.3411,1
FILHO,158,5,30909,77.6033,1
FILHO,158,3,30907,78.8156,1
FILHO,158,7,30911,80.2191,1
FILHO,158,6,30910,80.9058,1
WAIT,158,0,0,30904,81.0508,1
WAIT,158,1,1,30905,81.0779,1
WAIT,158,2,2,30906,81.0822,1
WAIT,158,3,3,30907,81.0868,1
WAIT,158,4,4,30908,81.0924,1
WAIT,158,5,5,30909,81.0960,1
WAIT,158,6,6,30910,81.1016,1
WAIT,158,7,7,30911,81.1058,1
FILHO,159,0,30914,74.2963,1
FILHO,159,2,30916,76.3113,1
FILHO,159,1,30915,77.5803,1
FILHO,159,4,30918,78.5745,1
FILHO,159,6,30920,81.1279,1
FILHO,159,5,30919,82.5002,1
FILHO,159,7,30921,83.3979,1
WAIT,159,0,0,30914,83.5578,1
WAIT,159,1,1,30915,83.5903,1
WAIT,159,2,2,30916,83.5987,1
WAIT,159,3,4,30918,83.6106,1
WAIT,159,4,5,30919,83.6188,1
WAIT,159,5,6,30920,83.6295,1
WAIT,159,6,7,30921,83.6375,1
FILHO,159,3,30917,84.0124,1
WAIT,159,7,3,30917,84.1623,1
FILHO,160,0,30924,74.0167,1
FILHO,160,3,30927,75.8336,1
FILHO,160,1,30925,77.9367,1
FILHO,160,5,30929,79.4439,1
FILHO,160,4,30928,80.9361,1
FILHO,160,6,30930,82.0559,1
FILHO,160,7,30931,83.1931,1
FILHO,160,2,30926,84.7394,1
WAIT,160,0,0,30924,84.8954,1
WAIT,160,1,1,30925,84.9216,1
WAIT,160,2,2,30926,84.9264,1
WAIT,160,3,3,30927,84.9326,1
WAIT,160,4,4,30928,84.9367,1
WAIT,160,5,5,30929,84.9425,1
WAIT,160,6,6,30930,84.9461,1
WAIT,160,7,7,30931,84.9521,1
FILHO,161,3,30943,72.9847,1
FILHO,161,2,30942,75.0312,1
FILHO,161,1,30941,76.8405,1
FILHO,161,0,30940,78.5110,1
FILHO,161,4,30944,79.7541,1
FILHO,161,5,30945,80.6297,1
FILHO,161,7,30947,81.4799,1
WAIT,161,0,0,30940,81.6338,1
WAIT,161,1,1,30941,81.6663,1
WAIT,161,2,2,30942,81.6706,1
WAIT,161,3,3,30943,81.6762,1
WAIT,161,4,4,30944,81.6804,1
WAIT,161,5,5,30945,81.6841,1
WAIT,161,6,7,30947,81.6884,1
FILHO,161,6,30946,82.4835,1
WAIT,161,7,6,30946,82.6246,1
FILHO,162,0,30950,73.5091,1
FILHO,162,2,30952,75.5102,1
FILHO,162,1,30951,77.7133,1
FILHO,162,3,30953,78.7456,1
FILHO,162,4,30954,80.2442,1
FILHO,162,6,30956,81.1902,1
FILHO,162,7,30957,82.4752,1
WAIT,162,0,0,30950,83.3341,1
WAIT,162,1,1,30951,83.3619,1
WAIT,162,2,2,30952,83.3711,1
WAIT,162,3,3,30953,83.3819,1
WAIT,162,4,4,30954,83.3907,1
WAIT,162,5,6,30956,83.4011,1
WAIT,162,6,7,30957,83.4091,1
FILHO,162,5,30955,83.5458,1
WAIT,162,7,5,30955,83.6915,1
FILHO,163,0,30960,73.4231,1
FILHO,163,2,30962,74.7483,1
FILHO,163,1,30961,76.2557,1
FILHO,163,3,30963,77.2553,1
FILHO,163,6,30966,79.9468,1
FILHO,163,7,30967,81.8573,1
FILHO,163,4,30964,83.3019,1
WAIT,163,0,0,30960,83.4725,1
WAIT,163,1,1,30961,83.5071,1
WAIT,163,2,2,30962,83.5216,1
WAIT,163,3,3,30963,83.5333,1
WAIT,163,4,4,30964,83.5480,1
WAIT,163,5,6,30966,83.5596,1
WAIT,163,6,7,30967,83.5734,1
FILHO,163,5,30965,83.8687,1
WAIT,163,7,5,30965,84.0178,1
FILHO,164,0,30970,74.3235,1
FILHO,164,1,30971,76.6697,1
FILHO,164,2,30972,78.6482,1
FILHO,164,4,30974,81.6579,1
FILHO,164,5,30975,82.8549,1
FILHO,164,6,30976,83.8329,1
FILHO,164,7,30977,85.0653,1
WAIT,164,0,0,30970,85.2647,1
WAIT,164,1,1,30971,85.3180,1
WAIT,164,2,2,30972,85.3509,1
WAIT,164,3,4,30974,85.3978,1
WAIT,164,4,5,30975,85.4309,1
WAIT,164,5,6,30976,85.4633,1
WAIT,164,6,7,30977,85.4947,1
FILHO,164,3,30973,85.5869,1
WAIT,164,7,3,30973,85.7628,1
FILHO,165,0,30986,73.5638,1
FILHO,165,4,30990,78.3191,1
FILHO,165,1,30987,79.8460,1
FILHO,165,2,30988,81.5414,1
FILHO,165,5,30991,84.9051,1
FILHO,165,3,30989,87.4207,1
WAIT,165,0,0,30986,87.5863,1
WAIT,165,1,1,30987,87.6149,1
WAIT,165,2,2,30988,87.6238,1
WAIT,165,3,3,30989,87.6325,1
WAIT,165,4,4,30990,87.6413,1
WAIT,165,5,5,30991,87.6499,1
FILHO,165,7,30993,88.2689,1
WAIT,165,6,7,30993,88.4158,1
FILHO,165,6,30992,88.7333,1
WAIT,165,7,6,30992,88.8780,1
FILHO,166,2,30998,73.5558,1
FILHO,166,1,30997,74.6831,1
FILHO,166,3,30999,75.6394,1
FILHO,166,4,31000,76.7167,1
FILHO,166,5,31001,77.8255,1
FILHO,166,6,31002,79.2223,1
FILHO,166,7,31003,80.2672,1
FILHO,166,0,30996,81.4186,1
WAIT,166,0,0,30996,81.5951,1
WAIT,166,1,1,30997,81.6252,1
WAIT,166,2,2,30998,81.6296,1
WAIT,166,3,3,30999,81.6345,1
WAIT,166,4,4,31000,81.6407,1
WAIT,166,5,5,31001,81.6444,1
WAIT,166,6,6,31002,81.6482,1
WAIT,166,7,7,31003,81.6527,1
FILHO,167,0,31006,74.1748,1
FILHO,167,2,31008,75.4386,1
FILHO,167,1,31007,76.8630,1
FILHO,167,3,31009,77.8015,1
FILHO,167,4,31010,78.8247,1
FILHO,167,5,31011,79.9887,1
FILHO,167,6,31012,80.9067,1
FILHO,167,7,31013,81.8588,1
WAIT,167,0,0,31006,82.0124,1
WAIT,167,1,1,31007,82.0401,1
WAIT,167,2,2,31008,82.0447,1
WAIT,167,3,3,31009,82.0496,1
WAIT,167,4,4,31010,82.0542,1
WAIT,167,5,5,31011,82.0578,1
WAIT,167,6,6,31012,82.0617,1
WAIT,167,7,7,31013,82.0658,1
FILHO,168,0,31017,73.3381,1
FILHO,168,3,31020,74.4910,1
FILHO,168,1,31018,75.4411,1
FILHO,168,2,31019,76.4195,1
FILHO,168,4,31021,77.3844,1
FILHO,168,6,31023,79.7984,1
FILHO,168,7,31024,80.8175,1
WAIT,168,0,0,31017,80.9719,1
WAIT,168,1,1,31018,80.9972,1
WAIT,168,2,2,31019,81.0014,1
WAIT,168,3,3,31020,81.0055,1
WAIT,168,4,4,31021,81.0113,1
WAIT,168,5,6,31023,81.0152,1
WAIT,168,6,7,31024,81.0192,1
FILHO,168,5,31022,81.1346,1
WAIT,168,7,5,31022,81.2744,1
FILHO,169,0,31027,73.2752,1
FILHO,169,2,31029,74.2668,1
FILHO,169,1,31028,75.2803,1
FILHO,169,3,31030,76.2243,1
FILHO,169,5,31032,77.6180,1
FILHO,169,6,31033,78.6182,1
FILHO,169,4,31031,79.7429,1
FILHO,169,7,31034,80.7265,1
WAIT,169,0,0,31027,80.8956,1
WAIT,169,1,1,31028,80.9214,1
WAIT,169,2,2,31029,80.9259,1
WAIT,169,3,3,31030,80.9298,1
WAIT,169,4,4,31031,80.9342,1
WAIT,169,5,5,31032,80.9382,1
WAIT,169,6,6,31033,80.9429,1
WAIT,169,7,7,31034,80.9470,1
FILHO,170,0,31037,73.3232,1
FILHO,170,3,31040,74.4929,1
FILHO,170,2,31039,75.7270,1
FILHO,170,1,31038,76.8552,1
FILHO,170,4,31041,78.7145,1
FILHO,170,6,31043,80.7582,1
FILHO,170,5,31042,82.9373,1
FILHO,170,7,31044,84.7439,1
WAIT,170,0,0,31037,84.9085,1
WAIT,170,1,1,31038,84.9392,1
WAIT,170,2,2,31039,84.9496,1
WAIT,170,3,3,31040,84.9602,1
WAIT,170,4,4,31041,84.9700,1
WAIT,170,5,5,31042,84.9777,1
WAIT,170,6,6,31043,84.9885,1
WAIT,170,7,7,31044,84.9982,1
FILHO,171,0,31047,73.5126,1
FILHO,171,4,31051,75.1801,1
FILHO,171,1,31048,76.1651,1
FILHO,171,3,31050,77.1565,1
FILHO,171,2,31049,78.7335,1
FILHO,171,5,31052,79.6762,1
FILHO,171,6,31053,80.6028,1
FILHO,171,7,31054,81.5289,1
WAIT,171,0,0,31047,81.6855,1
WAIT,171,1,1,31048,81.7107,1
WAIT,171,2,2,31049,81.7168,1
WAIT,171,3,3,31050,81.7209,1
WAIT,171,4,4,31051,81.7267,1
WAIT,171,5,5,31052,81.7304,1
WAIT,171,6,6,31053,81.7347,1
WAIT,171,7,7,31054,81.7384,1
FILHO,172,3,31060,73.8083,1
FILHO,172,1,31058,75.1838,1
FILHO,172,0,31057,76.5765,1
FILHO,172,4,31061,78.4480,1
FILHO,172,5,31062,81.1514,1
FILHO,172,2,31059,83.1874,1
FILHO,172,7,31064,84.4600,1
WAIT,172,0,0,31057,84.6383,1
WAIT,172,1,1,31058,84.6641,1
WAIT,172,2,2,31059,84.6682,1
WAIT,172,3,3,31060,84.6734,1
WAIT,172,4,4,31061,84.6777,1
WAIT,172,5,5,31062,84.6813,1
WAIT,172,6,7,31064,84.6856,1
FILHO,172,6,31063,79.5031,1
WAIT,172,7,6,31063,84.8275,1
FILHO,173,0,31067,73.2688,1
FILHO,173,3,31070,74.2524,1
FILHO,173,1,31068,75.5205,1
FILHO,173,2,31069,76.9842,1
FILHO,173,4,31071,79.0199,1
FILHO,173,6,31073,80.1453,1
FILHO,173,5,31072,81.6671,1
FILHO,173,7,31074,82.6319,1
WAIT,173,0,0,31067,82.7757,1
WAIT,173,1,1,31068,82.8051,1
WAIT,173,2,2,31069,82.8119,1
WAIT,173,3,3,31070,82.8190,1
WAIT,173,4,4,31071,82.8234,1
WAIT,173,5,5,31072,82.8270,1
WAIT,173,6,6,31073,82.8309,1
WAIT,173,7,7,31074,82.8362,1
FILHO,174,0,31077,73.3538,1
FILHO,174,2,31079,74.4212,1
FILHO,174,1,31078,75.2813,1
FILHO,174,3,31080,76.6241,1
FILHO,174,5,31082,78.0571,1
FILHO,174,6,31083,79.7413,1
FILHO,174,7,31084,80.6679,1
WAIT,174,0,0,31077,80.8180,1
WAIT,174,1,1,31078,80.8450,1
WAIT,174,2,2,31079,80.8493,1
WAIT,174,3,3,31080,80.8543,1
WAIT,174,4,5,31082,80.8602,1
WAIT,174,5,6,31083,80.8641,1
WAIT,174,6,7,31084,80.8679,1
FILHO,174,4,31081,81.4277,1
WAIT,174,7,4,31081,81.5667,1
FILHO,175,0,31087,73.3956,1
FILHO,175,4,31091,74.4845,1
FILHO,175,1,31088,75.3631,1
FILHO,175,3,31090,76.7776,1
FILHO,175,6,31093,78.2043,1
FILHO,175,2,31089,79.2590,1
FILHO,175,5,31092,80.7417,1
FILHO,175,7,31094,81.6224,1
WAIT,175,0,0,31087,81.7794,1
WAIT,175,1,1,31088,81.8200,1
WAIT,175,2,2,31089,81.8249,1
WAIT,175,3,3,31090,81.8294,1
WAIT,175,4,4,31091,81.8339,1
WAIT,175,5,5,31092,81.8375,1
WAIT,175,6,6,31093,81.8414,1
WAIT,175,7,7,31094,81.8457,1
FILHO,176,3,31100,73.4732,1
FILHO,176,0,31097,74.5780,1
FILHO,176,1,31098,75.5083,1
FILHO,176,5,31102,76.9415,1
FILHO,176,4,31101,78.2852,1
FILHO,176,6,31103,79.2215,1
FILHO,176,2,31099,80.6968,1
FILHO,176,7,31104,81.7065,1
WAIT,176,0,0,31097,81.8599,1
WAIT,176,1,1,31098,81.8870,1
WAIT,176,2,2,31099,81.8913,1
WAIT,176,3,3,31100,81.8954,1
WAIT,176,4,4,31101,81.9007,1
WAIT,176,5,5,31102,81.9050,1
WAIT,176,6,6,31103,81.9085,1
WAIT,176,7,7,31104,81.9132,1
FILHO,177,1,31108,72.5406,1
FILHO,177,0,31107,74.0256,1
FILHO,177,3,31110,75.3320,1
FILHO,177,2,31109,76.2950,1
FILHO,177,5,31112,78.2555,1
FILHO,177,4,31111,79.2141,1
FILHO,177,7,31114,80.4249,1
WAIT,177,0,0,31107,81.9939,1
WAIT,177,1,1,31108,82.0198,1
WAIT,177,2,2,31109,82.0252,1
WAIT,177,3,3,31110,82.0291,1
WAIT,177,4,4,31111,82.0347,1
WAIT,177,5,5,31112,82.0383,1
WAIT,177,6,7,31114,82.0430,1
FILHO,177,6,31113,82.4625,1
WAIT,177,7,6,31113,82.6036,1
FILHO,178,0,31117,73.3012,1
FILHO,178,2,31119,74.4202,1
FILHO,178,1,31118,75.8632,1
FILHO,178,3,31120,77.0918,1
FILHO,178,4,31121,78.0650,1
FILHO,178,5,31122,79.3586,1
FILHO,178,6,31123,81.3821,1
FILHO,178,7,31124,82.3106,1
WAIT,178,0,0,31117,82.4651,1
WAIT,178,1,1,31118,82.4942,1
WAIT,178,2,2,31119,82.4987,1
WAIT,178,3,3,31120,82.5050,1
WAIT,178,4,4,31121,82.5088,1
WAIT,178,5,5,31122,82.5130,1
WAIT,178,6,6,31123,82.5189,1
WAIT,178,7,7,31124,82.5232,1
FILHO,179,0,31127,73.5914,1
FILHO,179,1,31128,74.6497,1
FILHO,179,3,31130,75.5970,1
FILHO,179,2,31129,76.6923,1
FILHO,179,4,31131,78.2843,1
FILHO,179,6,31133,79.2042,1
FILHO,179,5,31132,80.6399,1
FILHO,179,7,31134,81.6175,1
WAIT,179,0,0,31127,81.8126,1
WAIT,179,1,1,31128,81.8386,1
WAIT,179,2,2,31129,81.8442,1
WAIT,179,3,3,31130,81.8493,1
WAIT,179,4,4,31131,81.8541,1
WAIT,179,5,5,31132,81.8601,1
WAIT,179,6,6,31133,81.8655,1
WAIT,179,7,7,31134,81.8702,1
FILHO,180,6,31144,79.6710,1
FILHO,180,2,31140,86.5976,1
FILHO,180,7,31145,88.6076,1
WAIT,180,0,2,31140,88.7918,1
WAIT,180,1,6,31144,88.8339,1
WAIT,180,2,7,31145,88.8703,1
FILHO,180,4,31142,96.3054,1
FILHO,180,0,31138,96.8157,1
FILHO,180,3,31141,98.2985,1
WAIT,180,3,0,31138,98.5303,1
WAIT,180,4,3,31141,98.5559,1
WAIT,180,5,4,31142,98.5761,1
FILHO,180,1,31139,98.6707,1
WAIT,180,6,1,31139,98.9013,1
FILHO,180,5,31143,98.9968,1
WAIT,180,7,5,31143,99.2086,1
FILHO,181,0,31160,78.1338,1
FILHO,181,2,31162,82.8140,1
FILHO,181,1,31161,85.0104,1
FILHO,181,5,31165,86.0731,1
FILHO,181,4,31164,87.6697,1
WAIT,181,0,0,31160,87.8489,1
WAIT,181,1,1,31161,87.8898,1
WAIT,181,2,2,31162,87.9065,1
WAIT,181,3,4,31164,87.9270,1
WAIT,181,4,5,31165,87.9472,1
FILHO,181,7,31167,88.0568,1
WAIT,181,5,7,31167,88.2207,1
FILHO,181,3,31163,88.2957,1
WAIT,181,6,3,31163,88.4406,1
FILHO,181,6,31166,88.7249,1
WAIT,181,7,6,31166,88.8755,1
FILHO,182,0,31175,73.7081,1
FILHO,182,1,31176,74.8889,1
FILHO,182,3,31178,76.2483,1
FILHO,182,4,31179,77.2675,1
FILHO,182,2,31177,78.8926,1
FILHO,182,5,31180,79.8379,1
FILHO,182,6,31181,80.7908,1
FILHO,182,7,31182,81.7994,1
WAIT,182,0,0,31175,81.9683,1
WAIT,182,1,1,31176,81.9966,1
WAIT,182,2,2,31177,82.0111,1
WAIT,182,3,3,31178,82.0376,1
WAIT,182,4,4,31179,82.0526,1
WAIT,182,5,5,31180,82.0676,1
WAIT,182,6,6,31181,82.0822,1
WAIT,182,7,7,31182,82.0962,1
FILHO,183,3,31188,73.4918,1
FILHO,183,2,31187,74.4804,1
FILHO,183,1,31186,75.4545,1
FILHO,183,0,31185,76.3163,1
FILHO,183,6,31191,77.2700,1
FILHO,183,4,31189,78.5607,1
FILHO,183,7,31192,79.4751,1
FILHO,183,5,31190,81.0589,1
WAIT,183,0,0,31185,81.2120,1
WAIT,183,1,1,31186,81.2426,1
WAIT,183,2,2,31187,81.2480,1
WAIT,183,3,3,31188,81.2520,1
WAIT,183,4,4,31189,81.2563,1
WAIT,183,5,5,31190,81.2599,1
WAIT,183,6,6,31191,81.2646,1
WAIT,183,7,7,31192,81.2688,1
FILHO,184,0,31195,73.4259,1
FILHO,184,1,31196,75.0444,1
FILHO,184,2,31197,76.2886,1
FILHO,184,4,31199,77.2018,1
FILHO,184,3,31198,78.1926,1
FILHO,184,7,31202,79.7062,1
FILHO,184,5,31200,81.0830,1
WAIT,184,0,0,31195,81.2408,1
WAIT,184,1,1,31196,81.2705,1
WAIT,184,2,2,31197,81.2749,1
WAIT,184,3,3,31198,81.2801,1
WAIT,184,4,4,31199,81.2844,1
WAIT,184,5,5,31200,81.2880,1
WAIT,184,6,7,31202,81.2924,1
FILHO,184,6,31201,81.8334,1
WAIT,184,7,6,31201,82.0038,1
FILHO,185,0,31205,73.3141,1
FILHO,185,3,31208,74.4465,1
FILHO,185,1,31206,75.4057,1
FILHO,185,2,31207,76.3276,1
FILHO,185,4,31209,77.7856,1
FILHO,185,6,31211,78.9050,1
FILHO,185,5,31210,80.3787,1
FILHO,185,7,31212,81.2291,1
WAIT,185,0,0,31205,81.3992,1
WAIT,185,1,1,31206,81.4252,1
WAIT,185,2,2,31207,81.4296,1
WAIT,185,3,3,31208,81.4333,1
WAIT,185,4,4,31209,81.4394,1
WAIT,185,5,5,31210,81.4432,1
WAIT,185,6,6,31211,81.4472,1
WAIT,185,7,7,31212,81.4509,1
FILHO,186,0,31215,73.3029,1
FILHO,186,4,31219,74.4504,1
FILHO,186,1,31216,75.3561,1
FILHO,186,2,31217,76.2163,1
FILHO,186,7,31222,77.1251,1
FILHO,186,3,31218,78.3249,1
FILHO,186,6,31221,79.3753,1
FILHO,186,5,31220,80.2384,1
WAIT,186,0,0,31215,80.4037,1
WAIT,186,1,1,31216,80.4327,1
WAIT,186,2,2,31217,80.4383,1
WAIT,186,3,3,31218,80.4448,1
WAIT,186,4,4,31219,80.4488,1
WAIT,186,5,5,31220,80.4550,1
WAIT,186,6,6,31221,80.4591,1
WAIT,186,7,7,31222,80.4648,1
FILHO,187,0,31225,73.2275,1
FILHO,187,1,31226,74.3945,1
FILHO,187,5,31230,75.7949,1
FILHO,187,2,31227,76.8253,1
FILHO,187,3,31228,77.8614,1
FILHO,187,4,31229,79.0890,1
FILHO,187,6,31231,80.1474,1
FILHO,187,7,31232,81.1304,1
WAIT,187,0,0,31225,81.3107,1
WAIT,187,1,1,31226,81.3398,1
WAIT,187,2,2,31227,81.3519,1
WAIT,187,3,3,31228,81.3632,1
WAIT,187,4,4,31229,81.3723,1
WAIT,187,5,5,31230,81.3828,1
WAIT,187,6,6,31231,81.3929,1
WAIT,187,7,7,31232,81.4125,1
FILHO,188,0,31238,73.2988,1
FILHO,188,2,31240,74.3729,1
FILHO,188,1,31239,75.6529,1
FILHO,188,3,31241,78.0030,1
FILHO,188,7,31245,82.3159,1
FILHO,188,4,31242,84.4148,1
FILHO,188,6,31244,85.8836,1
WAIT,188,0,0,31238,86.0633,1
WAIT,188,1,1,31239,86.0993,1
WAIT,188,2,2,31240,86.1132,1
WAIT,188,3,3,31241,86.1279,1
WAIT,188,4,4,31242,86.1418,1
WAIT,188,5,6,31244,86.1574,1
WAIT,188,6,7,31245,86.1708,1
FILHO,188,5,31243,86.7482,1
WAIT,188,7,5,31243,86.9043,1
FILHO,189,0,31251,72.2842,1
FILHO,189,3,31254,74.1387,1
FILHO,189,2,31253,75.7798,1
FILHO,189,1,31252,77.2295,1
FILHO,189,6,31257,78.3264,1
FILHO,189,5,31256,79.2456,1
FILHO,189,7,31258,80.1796,1
FILHO,189,4,31255,81.4731,1
WAIT,189,0,0,31251,81.6325,1
WAIT,189,1,1,31252,81.6650,1
WAIT,189,2,2,31253,81.6694,1
WAIT,189,3,3,31254,81.6734,1
WAIT,189,4,4,31255,81.6779,1
WAIT,189,5,5,31256,81.6822,1
WAIT,189,6,6,31257,81.6860,1
WAIT,189,7,7,31258,81.6900,1
FILHO,190,0,31261,74.2157,1
FILHO,190,1,31262,75.5109,1
FILHO,190,3,31264,76.7578,1
FILHO,190,2,31263,78.1393,1
FILHO,190,5,31266,79.1466,1
FILHO,190,6,31267,80.1662,1
FILHO,190,4,31265,81.6838,1
FILHO,190,7,31268,82.8783,1
WAIT,190,0,0,31261,83.0274,1
WAIT,190,1,1,31262,83.0534,1
WAIT,190,2,2,31263,83.0582,1
WAIT,190,3,3,31264,83.0637,1
WAIT,190,4,4,31265,83.0696,1
WAIT,190,5,5,31266,83.0735,1
WAIT,190,6,6,31267,83.0786,1
WAIT,190,7,7,31268,83.0830,1
FILHO,191,2,31274,73.8943,1
FILHO,191,0,31272,75.3847,1
FILHO,191,1,31273,77.3618,1
FILHO,191,3,31275,79.2897,1
FILHO,191,6,31278,80.2315,1
FILHO,191,5,31277,81.5983,1
FILHO,191,4,31276,83.7505,1
WAIT,191,0,0,31272,84.5077,1
WAIT,191,1,1,31273,84.5322,1
WAIT,191,2,2,31274,84.5364,1
WAIT,191,3,3,31275,84.5414,1
WAIT,191,4,4,31276,84.5472,1
WAIT,191,5,5,31277,84.5508,1
WAIT,191,6,6,31278,84.5546,1
FILHO,191,7,31279,84.7841,1
WAIT,191,7,7,31279,84.9240,1
FILHO,192,0,31282,73.4739,1
FILHO,192,2,31284,74.5603,1
FILHO,192,1,31283,75.4539,1
FILHO,192,4,31286,76.6687,1
FILHO,192,3,31285,77.8142,1
FILHO,192,6,31288,78.6612,1
FILHO,192,5,31287,79.5609,1
FILHO,192,7,31289,80.5046,1
WAIT,192,0,0,31282,80.6495,1
WAIT,192,1,1,31283,80.6776,1
WAIT,192,2,2,31284,80.6825,1
WAIT,192,3,3,31285,80.6886,1
WAIT,192,4,4,31286,80.6930,1
WAIT,192,5,5,31287,80.6966,1
WAIT,192,6,6,31288,80.7003,1
WAIT,192,7,7,31289,80.7048,1
FILHO,193,0,31292,73.4315,1
FILHO,193,3,31295,74.8265,1
FILHO,193,1,31293,75.8453,1
FILHO,193,4,31296,77.1176,1
FILHO,193,2,31294,78.0434,1
FILHO,193,5,31297,79.0868,1
FILHO,193,6,31298,80.8032,1
FILHO,193,7,31299,81.3706,1
WAIT,193,0,0,31292,81.5438,1
WAIT,193,1,1,31293,81.5791,1
WAIT,193,2,2,31294,81.5861,1
WAIT,193,3,3,31295,81.5916,1
WAIT,193,4,4,31296,81.5977,1
WAIT,193,5,5,31297,81.6065,1
WAIT,193,6,6,31298,81.6130,1
WAIT,193,7,7,31299,81.6186,1
FILHO,194,0,31302,73.4643,1
FILHO,194,2,31304,74.6906,1
FILHO,194,1,31303,75.9717,1
FILHO,194,3,31305,76.9842,1
FILHO,194,4,31306,78.0649,1
FILHO,194,6,31308,80.2041,1
FILHO,194,7,31309,81.1653,1
WAIT,194,0,0,31302,81.3353,1
WAIT,194,1,1,31303,81.3673,1
WAIT,194,2,2,31304,81.3775,1
WAIT,194,3,3,31305,81.3882,1
WAIT,194,4,4,31306,81.4180,1
WAIT,194,5,6,31308,81.4323,1
WAIT,194,6,7,31309,81.4410,1
FILHO,194,5,31307,81.5795,1
WAIT,194,7,5,31307,81.7308,1
FILHO,195,0,31312,73.3194,1
FILHO,195,3,31315,74.4060,1
FILHO,195,1,31313,75.3607,1
FILHO,195,5,31317,77.2621,1
FILHO,195,4,31316,78.2245,1
FILHO,195,6,31318,79.0835,1
FILHO,195,7,31319,79.9952,1
FILHO,195,2,31314,80.6376,1
WAIT,195,0,0,31312,80.7920,1
WAIT,195,1,1,31313,80.8195,1
WAIT,195,2,2,31314,80.8248,1
WAIT,195,3,3,31315,80.8308,1
WAIT,195,4,4,31316,80.8346,1
WAIT,195,5,5,31317,80.8381,1
WAIT,195,6,7,31319,80.8449,1
WAIT,195,7,6,31318,80.9455,1
FILHO,196,0,31322,73.3287,1
FILHO,196,1,31323,74.7622,1
FILHO,196,2,31324,75.9237,1
FILHO,196,4,31326,77.5692,1
FILHO,196,5,31327,79.9322,1
FILHO,196,6,31328,80.9890,1
FILHO,196,7,31329,81.9171,1
WAIT,196,0,0,31322,82.1059,1
WAIT,196,1,1,31323,82.1409,1
WAIT,196,2,2,31324,82.1473,1
WAIT,196,3,4,31326,82.1560,1
WAIT,196,4,5,31327,82.1611,1
WAIT,196,5,6,31328,82.1696,1
WAIT,196,6,7,31329,82.1781,1
FILHO,196,3,31325,83.0160,1
WAIT,196,7,3,31325,83.2047,1
FILHO,197,0,31332,75.0888,1
FILHO,197,1,31333,77.4164,1
FILHO,197,2,31334,79.5872,1
FILHO,197,3,31335,82.1201,1
FILHO,197,5,31337,85.9343,1
FILHO,197,6,31338,88.0823,1
FILHO,197,7,31339,90.9938,1
FILHO,197,4,31336,84.1874,1
WAIT,197,0,1,31333,91.3975,1
WAIT,197,1,2,31334,91.4307,1
WAIT,197,2,4,31336,91.4462,1
WAIT,197,3,5,31337,91.4629,1
WAIT,197,4,7,31339,91.4801,1
WAIT,197,5,6,31338,91.5496,1
WAIT,197,6,0,31332,91.6380,1
WAIT,197,7,3,31335,91.7317,1
FILHO,198,0,31342,75.0054,1
FILHO,198,1,31343,77.2239,1
FILHO,198,2,31344,78.6502,1
FILHO,198,3,31345,80.2056,1
FILHO,198,5,31347,82.1576,1
FILHO,198,6,31348,83.9546,1
FILHO,198,4,31346,86.0530,1
FILHO,198,7,31349,87.8368,1
WAIT,198,0,0,31342,87.9923,1
WAIT,198,1,1,31343,88.0174,1
WAIT,198,2,2,31344,88.0233,1
WAIT,198,3,3,31345,88.0293,1
WAIT,198,4,4,31346,88.0329,1
WAIT,198,5,5,31347,88.0366,1
WAIT,198,6,6,31348,88.0411,1
WAIT,198,7,7,31349,88.0470,1
FILHO,199,0,31352,73.6874,1
FILHO,199,2,31354,75.1522,1
FILHO,199,1,31353,76.2166,1
FILHO,199,3,31355,77.7385,1
FILHO,199,4,31356,78.6842,1
FILHO,199,5,31357,79.9056,1
FILHO,199,7,31359,80.8967,1
FILHO,199,6,31358,81.8376,1
WAIT,199,0,0,31352,81.9896,1
WAIT,199,1,1,31353,82.0162,1
WAIT,199,2,2,31354,82.0204,1
WAIT,199,3,3,31355,82.0256,1
WAIT,199,4,4,31356,82.0300,1
WAIT,199,5,5,31357,82.0337,1
WAIT,199,6,6,31358,82.0376,1
WAIT,199,7,7,31359,82.0423,1
FILHO,200,0,31362,73.4065,1
FILHO,200,1,31363,74.7514,1
FILHO,200,3,31365,75.7954,1
FILHO,200,7,31369,77.0119,1
FILHO,200,4,31366,78.0660,1
FILHO,200,5,31367,79.6381,1
FILHO,200,6,31368,80.9952,1
FILHO,200,2,31364,81.8203,1
WAIT,200,0,0,31362,81.9644,1
WAIT,200,1,1,31363,81.9818,1
WAIT,200,2,2,31364,81.9858,1
WAIT,200,3,3,31365,81.9894,1
WAIT,200,4,4,31366,81.9933,1
WAIT,200,5,5,31367,81.9969,1
WAIT,200,6,6,31368,82.0022,1
WAIT,200,7,7,31369,82.0060,1
FILHO,201,0,31372,74.1361,1
FILHO,201,3,31375,75.5732,1
FILHO,201,1,31373,76.9710,1
FILHO,201,5,31377,78.3290,1
FILHO,201,4,31376,79.8581,1
FILHO,201,2,31374,80.8043,1
FILHO,201,7,31379,82.6818,1
WAIT,201,0,0,31372,82.8376,1
WAIT,201,1,1,31373,82.8587,1
WAIT,201,2,2,31374,82.8631,1
WAIT,201,3,3,31375,82.8676,1
WAIT,201,4,4,31376,82.8714,1
WAIT,201,5,5,31377,82.8773,1
WAIT,201,6,7,31379,82.8811,1
FILHO,201,6,31378,83.1043,1
WAIT,201,7,6,31378,83.2359,1
FILHO,202,0,31382,73.2817,1
FILHO,202,3,31385,74.9368,1
FILHO,202,1,31383,76.0722,1
FILHO,202,2,31384,76.9928,1
FILHO,202,5,31387,78.4821,1
FILHO,202,4,31386,79.5051,1
FILHO,202,6,31388,80.3806,1
FILHO,202,7,31389,81.3213,1
WAIT,202,0,0,31382,81.4709,1
WAIT,202,1,1,31383,81.5000,1
WAIT,202,2,2,31384,81.5043,1
WAIT,202,3,3,31385,81.5110,1
WAIT,202,4,4,31386,81.5148,1
WAIT,202,5,5,31387,81.5205,1
WAIT,202,6,6,31388,81.5243,1
WAIT,202,7,7,31389,81.5309,1
FILHO,203,0,31393,73.2654,1
FILHO,203,3,31396,74.3721,1
FILHO,203,1,31394,75.3261,1
FILHO,203,6,31399,76.3705,1
FILHO,203,2,31395,77.2935,1
FILHO,203,4,31397,79.6485,1
FILHO,203,7,31400,80.5924,1
WAIT,203,0,0,31393,80.7481,1
WAIT,203,1,1,31394,80.7719,1
WAIT,203,2,2,31395,80.7762,1
WAIT,203,3,3,31396,80.7802,1
WAIT,203,4,4,31397,80.7865,1
WAIT,203,5,6,31399,80.7907,1
WAIT,203,6,7,31400,80.8161,1
FILHO,203,5,31398,81.2266,1
WAIT,203,7,5,31398,81.3705,1
FILHO,204,0,31403,73.3378,1
FILHO,204,1,31404,74.6392,1
FILHO,204,2,31405,75.6345,1
FILHO,204,6,31409,77.1318,1
FILHO,204,3,31406,78.2823,1
FILHO,204,5,31408,80.0411,1
FILHO,204,7,31410,80.9450,1
FILHO,204,4,31407,81.6667,1
WAIT,204,0,0,31403,81.8413,1
WAIT,204,1,1,31404,81.8641,1
WAIT,204,2,2,31405,81.8686,1
WAIT,204,3,3,31406,81.8727,1
WAIT,204,4,4,31407,81.8770,1
WAIT,204,5,5,31408,81.8810,1
WAIT,204,6,6,31409,81.8846,1
WAIT,204,7,7,31410,81.8905,1
FILHO,205,0,31413,73.3534,1
FILHO,205,2,31415,74.5369,1
FILHO,205,3,31416,75.4972,1
FILHO,205,1,31414,76.4857,1
FILHO,205,4,31417,78.6299,1
FILHO,205,6,31419,81.8242,1
FILHO,205,7,31420,83.3737,1
WAIT,205,0,0,31413,83.5868,1
WAIT,205,1,1,31414,83.6238,1
WAIT,205,2,2,31415,83.6363,1
WAIT,205,3,3,31416,83.6478,1
WAIT,205,4,4,31417,83.6590,1
WAIT,205,5,6,31419,83.6704,1
WAIT,205,6,7,31420,83.6827,1
FILHO,205,5,31418,84.3184,1
WAIT,205,7,5,31418,84.5368,1
FILHO,206,0,31423,74.2066,1
FILHO,206,2,31425,75.4102,1
FILHO,206,1,31424,76.2693,1
FILHO,206,3,31426,77.3413,1
FILHO,206,4,31427,78.3552,1
FILHO,206,5,31428,79.2111,1
FILHO,206,6,31429,80.1219,1
FILHO,206,7,31430,81.0364,1
WAIT,206,0,0,31423,81.1812,1
WAIT,206,1,1,31424,81.2034,1
WAIT,206,2,2,31425,81.2076,1
WAIT,206,3,3,31426,81.2115,1
WAIT,206,4,4,31427,81.2153,1
WAIT,206,5,5,31428,81.2218,1
WAIT,206,6,6,31429,81.2254,1
WAIT,206,7,7,31430,81.2295,1
FILHO,207,0,31433,73.3391,1
FILHO,207,4,31437,74.4809,1
FILHO,207,1,31434,75.4776,1
FILHO,207,3,31436,76.6775,1
FILHO,207,5,31438,77.6955,1
FILHO,207,7,31440,79.5667,1
FILHO,207,6,31439,80.4989,1
WAIT,207,0,0,31433,80.6507,1
WAIT,207,1,1,31434,80.6790,1
WAIT,207,2,3,31436,80.6835,1
WAIT,207,3,4,31437,80.6882,1
WAIT,207,4,5,31438,80.6922,1
WAIT,207,5,6,31439,80.6988,1
WAIT,207,6,7,31440,80.7027,1
FILHO,207,2,31435,81.2489,1
WAIT,207,7,2,31435,81.3909,1
FILHO,208,0,31443,73.7199,1
FILHO,208,3,31446,75.0172,1
FILHO,208,2,31445,75.9884,1
FILHO,208,1,31444,76.9046,1
FILHO,208,4,31447,77.8481,1
FILHO,208,5,31448,79.0489,1
FILHO,208,6,31449,80.9950,1
WAIT,208,0,0,31443,81.1555,1
WAIT,208,1,1,31444,81.1840,1
WAIT,208,2,2,31445,81.1886,1
WAIT,208,3,3,31446,81.1925,1
WAIT,208,4,4,31447,81.1968,1
WAIT,208,5,5,31448,81.2024,1
WAIT,208,6,6,31449,81.2061,1
FILHO,208,7,31450,81.3655,1
WAIT,208,7,7,31450,81.5070,1
FILHO,209,0,31453,73.4977,1
FILHO,209,4,31457,74.6347,1
FILHO,209,2,31455,75.6094,1
FILHO,209,1,31454,76.6051,1
FILHO,209,3,31456,77.6559,1
FILHO,209,6,31459,78.9980,1
FILHO,209,7,31460,80.4856,1
FILHO,209,5,31458,81.2134,1
WAIT,209,0,0,31453,81.3703,1
WAIT,209,1,1,31454,81.3981,1
WAIT,209,2,2,31455,81.4026,1
WAIT,209,3,3,31456,81.4068,1
WAIT,209,4,4,31457,81.4114,1
WAIT,209,5,5,31458,81.4157,1
WAIT,209,6,6,31459,81.4198,1
WAIT,209,7,7,31460,81.4254,1
FILHO,210,3,31466,73.3213,1
FILHO,210,1,31464,74.2471,1
FILHO,210,0,31463,75.1349,1
FILHO,210,6,31469,76.1075,1
FILHO,210,2,31465,77.3498,1
FILHO,210,4,31467,78.9518,1
FILHO,210,5,31468,80.8385,1
FILHO,210,7,31470,81.8755,1
WAIT,210,0,0,31463,82.0195,1
WAIT,210,1,1,31464,82.0396,1
WAIT,210,2,2,31465,82.0447,1
WAIT,210,3,3,31466,82.0487,1
WAIT,210,4,4,31467,82.0522,1
WAIT,210,5,5,31468,82.0559,1
WAIT,210,6,6,31469,82.0606,1
WAIT,210,7,7,31470,82.0646,1
FILHO,211,0,31473,73.7216,1
FILHO,211,1,31474,74.7558,1
FILHO,211,2,31475,75.7156,1
FILHO,211,3,31476,76.8920,1
FILHO,211,5,31478,79.2672,1
FILHO,211,6,31479,80.9460,1
FILHO,211,4,31477,82.3874,1
FILHO,211,7,31480,84.4249,1
WAIT,211,0,0,31473,84.6365,1
WAIT,211,1,1,31474,84.6708,1
WAIT,211,2,2,31475,84.6859,1
WAIT,211,3,3,31476,84.6976,1
WAIT,211,4,4,31477,84.7159,1
WAIT,211,5,5,31478,84.7350,1
WAIT,211,6,6,31479,84.7540,1
WAIT,211,7,7,31480,84.7773,1
FILHO,212,0,31486,73.7633,1
WAIT,212,0,0,31486,74.0418,1
FILHO,212,1,31487,75.9366,1
WAIT,212,1,1,31487,76.1126,1
FILHO,212,2,31488,76.9497,1
WAIT,212,2,2,31488,77.1103,1
FILHO,212,4,31490,78.2973,1
FILHO,212,3,31489,79.3667,1
FILHO,212,5,31491,80.2668,1
FILHO,212,7,31493,81.2888,1
FILHO,212,6,31492,82.4415,1
WAIT,212,3,3,31489,82.5984,1
WAIT,212,4,4,31490,82.6241,1
WAIT,212,5,5,31491,82.6415,1
WAIT,212,6,6,31492,82.6548,1
WAIT,212,7,7,31493,82.6696,1
FILHO,213,0,31499,73.3489,1
FILHO,213,2,31501,74.8902,1
FILHO,213,1,31500,76.4261,1
FILHO,213,3,31502,77.4133,1
FILHO,213,6,31505,78.3140,1
FILHO,213,5,31504,79.8161,1
FILHO,213,7,31506,80.7742,1
FILHO,213,4,31503,81.5361,1
WAIT,213,0,0,31499,81.6923,1
WAIT,213,1,1,31500,81.7209,1
WAIT,213,2,2,31501,81.7284,1
WAIT,213,3,3,31502,81.7378,1
WAIT,213,4,4,31503,81.7433,1
WAIT,213,5,5,31504,81.7524,1
WAIT,213,6,6,31505,81.7586,1
WAIT,213,7,7,31506,81.7677,1
FILHO,214,0,31509,73.3629,1
FILHO,214,2,31511,74.3809,1
FILHO,214,1,31510,75.3037,1
FILHO,214,3,31512,76.3220,1
FILHO,214,5,31514,77.4832,1
FILHO,214,4,31513,78.9130,1
FILHO,214,7,31516,80.2225,1
FILHO,214,6,31515,80.8115,1
WAIT,214,0,0,31509,80.9506,1
WAIT,214,1,1,31510,80.9751,1
WAIT,214,2,2,31511,80.9817,1
WAIT,214,3,3,31512,80.9856,1
WAIT,214,4,4,31513,80.9893,1
WAIT,214,5,5,31514,80.9930,1
WAIT,214,6,6,31515,80.9991,1
WAIT,214,7,7,31516,81.0031,1
FILHO,215,0,31520,73.2501,1
FILHO,215,1,31521,74.1935,1
FILHO,215,4,31524,75.1982,1
FILHO,215,3,31523,76.1952,1
FILHO,215,2,31522,77.1826,1
FILHO,215,6,31526,78.5942,1
FILHO,215,7,31527,79.9557,1
FILHO,215,5,31525,81.3663,1
WAIT,215,0,0,31520,81.5028,1
WAIT,215,1,1,31521,81.5235,1
WAIT,215,2,2,31522,81.5276,1
WAIT,215,3,3,31523,81.5324,1
WAIT,215,4,4,31524,81.5360,1
WAIT,215,5,5,31525,81.5397,1
WAIT,215,6,6,31526,81.5440,1
WAIT,215,7,7,31527,81.5479,1
FILHO,216,0,31530,73.2219,1
FILHO,216,2,31532,74.1507,1
FILHO,216,1,31531,75.1786,1
FILHO,216,3,31533,76.0906,1
FILHO,216,4,31534,76.9489,1
FILHO,216,6,31536,78.3827,1
FILHO,216,7,31537,79.8832,1
WAIT,216,0,0,31530,80.0140,1
WAIT,216,1,1,31531,80.0438,1
WAIT,216,2,2,31532,80.0512,1
WAIT,216,3,3,31533,80.0579,1
WAIT,216,4,4,31534,80.0615,1
WAIT,216,5,6,31536,80.0676,1
WAIT,216,6,7,31537,80.0717,1
FILHO,216,5,31535,80.6977,1
WAIT,216,7,5,31535,80.8235,1
FILHO,217,0,31540,73.5574,1
FILHO,217,2,31542,74.7493,1
FILHO,217,3,31543,75.7659,1
FILHO,217,1,31541,76.7991,1
FILHO,217,6,31546,78.1558,1
FILHO,217,4,31544,79.4740,1
FILHO,217,7,31547,80.5144,1
FILHO,217,5,31545,82.2147,1
WAIT,217,0,0,31540,82.3726,1
WAIT,217,1,1,31541,82.4007,1
WAIT,217,2,2,31542,82.4073,1
WAIT,217,3,3,31543,82.4166,1
WAIT,217,4,4,31544,82.4242,1
WAIT,217,5,5,31545,82.4295,1
WAIT,217,6,6,31546,82.4373,1
WAIT,217,7,7,31547,82.4432,1
FILHO,218,0,31550,73.3116,1
FILHO,218,1,31551,74.4679,1
FILHO,218,3,31553,75.4195,1
FILHO,218,2,31552,76.3619,1
FILHO,218,4,31554,78.0603,1
FILHO,218,5,31555,79.8043,1
FILHO,218,6,31556,80.7078,1
FILHO,218,7,31557,81.6609,1
WAIT,218,0,0,31550,81.8348,1
WAIT,218,1,1,31551,81.8674,1
WAIT,218,2,2,31552,81.8743,1
WAIT,218,3,3,31553,81.8800,1
WAIT,218,4,4,31554,81.8865,1
WAIT,218,5,5,31555,81.8932,1
WAIT,218,6,6,31556,81.8991,1
WAIT,218,7,7,31557,81.9052,1
FILHO,219,0,31560,73.2938,1
FILHO,219,2,31562,74.3189,1
FILHO,219,1,31561,75.5515,1
FILHO,219,3,31563,76.7035,1
FILHO,219,4,31564,77.7087,1
FILHO,219,5,31565,78.5673,1
FILHO,219,6,31566,79.6169,1
FILHO,219,7,31567,80.4960,1
WAIT,219,0,0,31560,80.6702,1
WAIT,219,1,1,31561,80.6938,1
WAIT,219,2,2,31562,80.6983,1
WAIT,219,3,3,31563,80.7023,1
WAIT,219,4,4,31564,80.7084,1
WAIT,219,5,6,31566,80.7127,1
WAIT,219,6,7,31567,80.7166,1
WAIT,219,7,5,31565,80.7905,1
FILHO,220,0,31570,73.3182,1
FILHO,220,2,31572,74.5386,1
FILHO,220,1,31571,75.5182,1
FILHO,220,4,31574,76.8684,1
FILHO,220,3,31573,77.9810,1
FILHO,220,5,31575,79.0678,1
FILHO,220,6,31576,80.0638,1
FILHO,220,7,31577,80.9576,1
WAIT,220,0,0,31570,81.1289,1
WAIT,220,1,1,31571,81.1617,1
WAIT,220,2,2,31572,81.1686,1
WAIT,220,3,3,31573,81.1749,1
WAIT,220,4,4,31574,81.1804,1
WAIT,220,5,5,31575,81.1877,1
WAIT,220,6,6,31576,81.1940,1
WAIT,220,7,7,31577,81.1995,1
FILHO,221,0,31580,73.3652,1
FILHO,221,2,31582,74.4023,1
FILHO,221,1,31581,75.3975,1
FILHO,221,3,31583,76.3625,1
FILHO,221,4,31584,77.3657,1
FILHO,221,7,31587,78.3210,1
FILHO,221,5,31585,80.0255,1
FILHO,221,6,31586,81.6819,1
WAIT,221,0,0,31580,81.8455,1
WAIT,221,1,1,31581,81.8743,1
WAIT,221,2,2,31582,81.8796,1
WAIT,221,3,3,31583,81.8836,1
WAIT,221,4,4,31584,81.8880,1
WAIT,221,5,5,31585,81.8917,1
WAIT,221,6,6,31586,81.8964,1
WAIT,221,7,7,31587,81.9006,1
FILHO,222,0,31590,73.3608,1
FILHO,222,3,31593,74.4277,1
FILHO,222,1,31591,75.4127,1
FILHO,222,5,31595,76.5494,1
FILHO,222,4,31594,77.9647,1
FILHO,222,2,31592,79.4421,1
FILHO,222,7,31597,80.4296,1
FILHO,222,6,31596,81.3923,1
WAIT,222,0,0,31590,81.5450,1
WAIT,222,1,1,31591,81.5733,1
WAIT,222,2,2,31592,81.5780,1
WAIT,222,3,3,31593,81.5840,1
WAIT,222,4,4,31594,81.5884,1
WAIT,222,5,5,31595,81.5937,1
WAIT,222,6,6,31596,81.5974,1
WAIT,222,7,7,31597,81.6031,1
FILHO,223,0,31600,73.3419,1
FILHO,223,3,31603,74.4283,1
FILHO,223,1,31601,75.3171,1
FILHO,223,4,31604,76.7082,1
FILHO,223,5,31605,78.4770,1
FILHO,223,7,31607,79.8054,1
FILHO,223,2,31602,80.6908,1
FILHO,223,6,31606,81.2329,1
WAIT,223,0,0,31600,81.3867,1
WAIT,223,1,1,31601,81.4134,1
WAIT,223,2,2,31602,81.4179,1
WAIT,223,3,3,31603,81.4225,1
WAIT,223,4,4,31604,81.4262,1
WAIT,223,5,5,31605,81.4325,1
WAIT,223,6,6,31606,81.4365,1
WAIT,223,7,7,31607,81.4428,1
FILHO,224,3,31613,73.7881,1
FILHO,224,0,31610,76.2818,1
FILHO,224,5,31615,78.6987,1
FILHO,224,2,31612,80.1965,1
FILHO,224,4,31614,81.3774,1
FILHO,224,1,31611,82.9654,1
FILHO,224,6,31616,86.0669,1
WAIT,224,0,0,31610,86.2240,1
WAIT,224,1,1,31611,86.2598,1
WAIT,224,2,2,31612,86.2646,1
WAIT,224,3,3,31613,86.2690,1
WAIT,224,4,4,31614,86.2757,1
WAIT,224,5,5,31615,86.2794,1
WAIT,224,6,6,31616,86.2834,1
FILHO,224,7,31617,87.3462,1
WAIT,224,7,7,31617,87.4877,1
FILHO,225,0,31627,73.3794,1
FILHO,225,1,31628,74.7241,1
FILHO,225,3,31630,76.0165,1
FILHO,225,2,31629,77.3339,1
FILHO,225,4,31631,78.3673,1
FILHO,225,5,31632,79.9974,1
FILHO,225,7,31634,80.9901,1
WAIT,225,0,0,31627,81.1725,1
WAIT,225,1,1,31628,81.2043,1
WAIT,225,2,2,31629,81.2186,1
WAIT,225,3,3,31630,81.2339,1
WAIT,225,4,4,31631,81.2475,1
WAIT,225,5,5,31632,81.2607,1
WAIT,225,6,7,31634,81.2750,1
FILHO,225,6,31633,81.4932,1
WAIT,225,7,6,31633,81.6511,1
FILHO,226,0,31637,73.2772,1
FILHO,226,2,31639,75.0616,1
FILHO,226,1,31638,76.7578,1
FILHO,226,3,31640,77.7954,1
FILHO,226,5,31642,79.5555,1
FILHO,226,4,31641,80.7743,1
FILHO,226,6,31643,81.8116,1
FILHO,226,7,31644,82.7446,1
WAIT,226,0,0,31637,82.8872,1
WAIT,226,1,1,31638,82.9141,1
WAIT,226,2,2,31639,82.9540,1
WAIT,226,3,3,31640,82.9622,1
WAIT,226,4,4,31641,82.9660,1
WAIT,226,5,5,31642,82.9696,1
WAIT,226,6,6,31643,82.9739,1
WAIT,226,7,7,31644,82.9798,1
FILHO,227,3,31651,73.9436,1
FILHO,227,0,31648,77.4687,1
FILHO,227,2,31650,78.4508,1
FILHO,227,1,31649,79.6507,1
FILHO,227,5,31653,81.6250,1
FILHO,227,6,31654,82.5749,1
FILHO,227,7,31655,83.6932,1
WAIT,227,0,0,31648,83.8704,1
WAIT,227,1,1,31649,83.9066,1
WAIT,227,2,2,31650,83.9218,1
WAIT,227,3,3,31651,83.9347,1
WAIT,227,4,5,31653,83.9486,1
WAIT,227,5,6,31654,83.9640,1
WAIT,227,6,7,31655,83.9775,1
FILHO,227,4,31652,84.4906,1
WAIT,227,7,4,31652,84.6459,1
FILHO,228,1,31659,73.9874,1
FILHO,228,2,31660,75.8624,1
FILHO,228,3,31661,77.0469,1
FILHO,228,5,31663,78.0174,1
FILHO,228,4,31662,79.0627,1
FILHO,228,6,31664,80.0007,1
FILHO,228,7,31665,81.0942,1
WAIT,228,0,1,31659,81.2671,1
WAIT,228,1,2,31660,81.2991,1
WAIT,228,2,3,31661,81.3038,1
WAIT,228,3,4,31662,81.3093,1
WAIT,228,4,5,31663,81.3137,1
WAIT,228,5,6,31664,81.3174,1
WAIT,228,6,7,31665,81.3218,1
FILHO,228,0,31658,81.3987,1
WAIT,228,7,0,31658,81.5431,1
FILHO,229,0,31668,74.1844,1
FILHO,229,3,31671,76.0568,1
FILHO,229,2,31670,78.1990,1
FILHO,229,5,31673,82.4317,1
FILHO,229,6,31674,87.2819,1
WAIT,229,0,0,31668,89.0898,1
WAIT,229,1,2,31670,89.1215,1
WAIT,229,2,3,31671,89.1314,1
WAIT,229,3,5,31673,89.1516,1
WAIT,229,4,6,31674,89.1608,1
FILHO,229,1,31669,89.4431,1
WAIT,229,5,1,31669,89.5920,1
FILHO,229,7,31675,90.8624,1
WAIT,229,6,7,31675,91.0332,1
FILHO,229,4,31672,91.2092,1
WAIT,229,7,4,31672,91.3610,1
FILHO,230,0,31678,73.3651,1
FILHO,230,4,31682,75.0137,1
FILHO,230,1,31679,77.1586,1
FILHO,230,2,31680,78.8026,1
FILHO,230,3,31681,79.8264,1
FILHO,230,5,31683,80.7733,1
FILHO,230,7,31685,82.0471,1
FILHO,230,6,31684,83.0483,1
WAIT,230,0,0,31678,83.2169,1
WAIT,230,1,1,31679,83.2498,1
WAIT,230,2,2,31680,83.2596,1
WAIT,230,3,3,31681,83.2688,1
WAIT,230,4,4,31682,83.2765,1
WAIT,230,5,5,31683,83.2866,1
WAIT,230,6,6,31684,83.2948,1
WAIT,230,7,7,31685,83.3055,1
FILHO,231,0,31688,73.2562,1
FILHO,231,3,31691,74.2632,1
FILHO,231,1,31689,75.1514,1
FILHO,231,2,31690,76.1175,1
FILHO,231,5,31693,77.0746,1
FILHO,231,4,31692,78.1066,1
FILHO,231,7,31695,79.0596,1
FILHO,231,6,31694,80.2169,1
WAIT,231,0,0,31688,80.3830,1
WAIT,231,1,1,31689,80.4091,1
WAIT,231,2,2,31690,80.4147,1
WAIT,231,3,3,31691,80.4190,1
WAIT,231,4,4,31692,80.4234,1
WAIT,231,5,5,31693,80.4272,1
WAIT,231,6,6,31694,80.4314,1
WAIT,231,7,7,31695,80.4358,1
FILHO,232,0,31698,73.2707,1
FILHO,232,3,31701,74.4276,1
FILHO,232,1,31699,75.4279,1
FILHO,232,2,31700,76.3910,1
FILHO,232,5,31703,77.4409,1
FILHO,232,4,31702,78.3848,1
FILHO,232,6,31704,79.2999,1
FILHO,232,7,31705,80.2304,1
WAIT,232,0,0,31698,80.4192,1
WAIT,232,1,1,31699,80.4408,1
WAIT,232,2,2,31700,80.4479,1
WAIT,232,3,3,31701,80.4548,1
WAIT,232,4,4,31702,80.4611,1
WAIT,232,5,5,31703,80.4681,1
WAIT,232,6,7,31705,80.4749,1
WAIT,232,7,6,31704,80.5389,1
FILHO,233,0,31708,73.4114,1
FILHO,233,2,31710,74.4296,1
FILHO,233,1,31709,75.3460,1
FILHO,233,5,31713,76.3568,1
FILHO,233,3,31711,77.3511,1
FILHO,233,4,31712,78.5406,1
FILHO,233,6,31714,79.7115,1
FILHO,233,7,31715,81.0520,1
WAIT,233,0,0,31708,81.1442,1
WAIT,233,1,1,31709,81.1647,1
WAIT,233,2,2,31710,81.1690,1
WAIT,233,3,3,31711,81.1731,1
WAIT,233,4,4,31712,81.1795,1
WAIT,233,5,5,31713,81.1835,1
WAIT,233,6,6,31714,81.1872,1
WAIT,233,7,7,31715,81.2939,1
FILHO,234,0,31718,73.2850,1
FILHO,234,2,31720,74.3899,1
FILHO,234,1,31719,75.4771,1
FILHO,234,3,31721,76.4561,1
FILHO,234,4,31722,77.5467,1
FILHO,234,6,31724,78.5719,1
FILHO,234,7,31725,79.6218,1
FILHO,234,5,31723,80.6432,1
WAIT,234,0,0,31718,80.8083,1
WAIT,234,1,1,31719,80.8373,1
WAIT,234,2,2,31720,80.8444,1
WAIT,234,3,3,31721,80.8508,1
WAIT,234,4,4,31722,80.8566,1
WAIT,234,5,5,31723,80.8643,1
WAIT,234,6,6,31724,80.8710,1
WAIT,234,7,7,31725,80.8770,1
FILHO,235,0,31728,72.3584,1
FILHO,235,4,31732,73.9637,1
FILHO,235,5,31733,75.3784,1
FILHO,235,2,31730,76.4390,1
FILHO,235,1,31729,77.3123,1
FILHO,235,3,31731,78.5999,1
FILHO,235,6,31734,80.1971,1
FILHO,235,7,31735,81.5387,1
WAIT,235,0,0,31728,81.7009,1
WAIT,235,1,1,31729,81.7297,1
WAIT,235,2,2,31730,81.7403,1
WAIT,235,3,3,31731,81.7564,1
WAIT,235,4,4,31732,81.7685,1
WAIT,235,5,5,31733,81.7784,1
WAIT,235,6,6,31734,81.7881,1
WAIT,235,7,7,31735,81.8653,1
FILHO,236,0,31741,73.6350,1
FILHO,236,2,31743,76.1566,1
FILHO,236,3,31744,77.2948,1
FILHO,236,1,31742,78.3864,1
FILHO,236,5,31746,80.4227,1
FILHO,236,7,31748,81.5635,1
FILHO,236,6,31747,83.0534,1
WAIT,236,0,0,31741,83.2262,1
WAIT,236,1,1,31742,83.2580,1
WAIT,236,2,2,31743,83.2752,1
WAIT,236,3,3,31744,83.2901,1
WAIT,236,4,5,31746,83.3470,1
WAIT,236,5,6,31747,83.3678,1
WAIT,236,6,7,31748,83.3846,1
FILHO,236,4,31745,83.6713,1
WAIT,236,7,4,31745,83.8509,1
FILHO,237,0,31754,73.5402,1
FILHO,237,2,31756,74.7302,1
FILHO,237,1,31755,75.7172,1
FILHO,237,3,31757,76.7682,1
FILHO,237,4,31758,78.5430,1
FILHO,237,7,31761,79.5752,1
FILHO,237,5,31759,80.6764,1
FILHO,237,6,31760,81.6635,1
WAIT,237,0,0,31754,81.8108,1
WAIT,237,1,1,31755,81.8391,1
WAIT,237,2,2,31756,81.8447,1
WAIT,237,3,3,31757,81.8488,1
WAIT,237,4,4,31758,81.8536,1
WAIT,237,5,5,31759,81.8571,1
WAIT,237,6,6,31760,81.8618,1
WAIT,237,7,7,31761,81.8676,1
FILHO,238,0,31765,73.2680,1
FILHO,238,1,31766,74.3876,1
FILHO,238,2,31767,75.3828,1
FILHO,238,3,31768,76.2887,1
FILHO,238,4,31769,77.6110,1
FILHO,238,5,31770,79.8016,1
FILHO,238,7,31772,80.7938,1
FILHO,238,6,31771,81.7597,1
WAIT,238,0,0,31765,81.9368,1
WAIT,238,1,1,31766,81.9711,1
WAIT,238,2,2,31767,81.9776,1
WAIT,238,3,3,31768,81.9856,1
WAIT,238,4,4,31769,81.9930,1
WAIT,238,5,5,31770,81.9992,1
WAIT,238,6,6,31771,82.0046,1
WAIT,238,7,7,31772,82.0126,1
FILHO,239,0,31775,73.2560,1
FILHO,239,1,31776,74.3795,1
FILHO,239,4,31779,75.3598,1
FILHO,239,2,31777,76.2870,1
FILHO,239,3,31778,77.3602,1
FILHO,239,5,31780,79.0088,1
FILHO,239,6,31781,80.6902,1
FILHO,239,7,31782,82.0485,1
WAIT,239,0,0,31775,82.2037,1
WAIT,239,1,1,31776,82.2348,1
WAIT,239,2,2,31777,82.2414,1
WAIT,239,3,3,31778,82.2455,1
WAIT,239,4,4,31779,82.2518,1
WAIT,239,5,5,31780,82.2555,1
WAIT,239,6,6,31781,82.2613,1
WAIT,239,7,7,31782,82.2651,1
FILHO,240,0,31785,73.2934,1
FILHO,240,1,31786,74.2932,1
FILHO,240,4,31789,75.3801,1
FILHO,240,2,31787,76.3460,1
FILHO,240,6,31791,77.4938,1
FILHO,240,3,31788,78.5057,1
FILHO,240,5,31790,80.6649,1
FILHO,240,7,31792,81.7117,1
WAIT,240,0,0,31785,81.8634,1
WAIT,240,1,1,31786,81.8964,1
WAIT,240,2,2,31787,81.9023,1
WAIT,240,3,3,31788,81.9091,1
WAIT,240,4,4,31789,81.9129,1
WAIT,240,5,5,31790,81.9169,1
WAIT,240,6,6,31791,81.9206,1
WAIT,240,7,7,31792,81.9255,1
FILHO,241,0,31795,74.3826,1
FILHO,241,2,31797,76.6649,1
FILHO,241,1,31796,78.6777,1
FILHO,241,3,31798,80.2705,1
FILHO,241,5,31800,82.3284,1
FILHO,241,4,31799,83.4841,1
FILHO,241,7,31802,86.0220,1
FILHO,241,6,31801,86.2645,1
WAIT,241,0,0,31795,86.4586,1
WAIT,241,1,1,31796,86.4943,1
WAIT,241,2,2,31797,86.5113,1
WAIT,241,3,4,31799,86.5283,1
WAIT,241,4,5,31800,86.5416,1
WAIT,241,5,6,31801,86.5586,1
WAIT,241,6,7,31802,86.5721,1
WAIT,241,7,3,31798,86.6517,1
FILHO,242,0,31805,73.3478,1
FILHO,242,3,31808,74.8235,1
FILHO,242,1,31806,76.0830,1
FILHO,242,2,31807,77.1185,1
FILHO,242,4,31809,78.0875,1
FILHO,242,5,31810,79.1173,1
FILHO,242,7,31812,79.9949,1
FILHO,242,6,31811,80.9768,1
WAIT,242,0,0,31805,81.1607,1
WAIT,242,1,1,31806,81.1926,1
WAIT,242,2,2,31807,81.1996,1
WAIT,242,3,3,31808,81.2080,1
WAIT,242,4,4,31809,81.2154,1
WAIT,242,5,5,31810,81.2218,1
WAIT,242,6,6,31811,81.2461,1
WAIT,242,7,7,31812,81.2556,1
FILHO,243,0,31815,73.3058,1
FILHO,243,2,31817,74.4698,1
FILHO,243,3,31818,75.5311,1
FILHO,243,1,31816,77.1649,1
FILHO,243,4,31819,78.2942,1
FILHO,243,7,31822,79.1604,1
FILHO,243,6,31821,80.1284,1
FILHO,243,5,31820,81.7374,1
WAIT,243,0,0,31815,81.8916,1
WAIT,243,1,1,31816,81.9205,1
WAIT,243,2,2,31817,81.9259,1
WAIT,243,3,3,31818,81.9333,1
WAIT,243,4,4,31819,81.9370,1
WAIT,243,5,5,31820,81.9405,1
WAIT,243,6,6,31821,81.9446,1
WAIT,243,7,7,31822,81.9496,1
FILHO,244,0,31825,73.5507,1
FILHO,244,1,31826,74.6798,1
FILHO,244,2,31827,75.6634,1
FILHO,244,3,31828,77.2840,1
FILHO,244,5,31830,78.7797,1
FILHO,244,4,31829,79.7710,1
FILHO,244,7,31832,81.1764,1
FILHO,244,6,31831,81.7298,1
WAIT,244,0,0,31825,81.8916,1
WAIT,244,1,1,31826,81.9224,1
WAIT,244,2,2,31827,81.9290,1
WAIT,244,3,3,31828,81.9347,1
WAIT,244,4,4,31829,81.9451,1
WAIT,244,5,5,31830,81.9515,1
WAIT,244,6,6,31831,81.9572,1
WAIT,244,7,7,31832,81.9633,1
FILHO,245,0,31835,73.3575,1
FILHO,245,1,31836,74.4203,1
FILHO,245,3,31838,75.4258,1
FILHO,245,2,31837,76.3482,1
FILHO,245,4,31839,77.3511,1
FILHO,245,5,31840,79.1903,1
FILHO,245,6,31841,80.7395,1
FILHO,245,7,31842,81.6529,1
WAIT,245,0,0,31835,81.8275,1
WAIT,245,1,1,31836,81.8593,1
WAIT,245,2,2,31837,81.8639,1
WAIT,245,3,3,31838,81.8680,1
WAIT,245,4,4,31839,81.8737,1
WAIT,245,5,5,31840,81.8780,1
WAIT,245,6,6,31841,81.8819,1
WAIT,245,7,7,31842,81.8856,1
FILHO,246,0,31845,73.3559,1
FILHO,246,2,31847,74.5074,1
FILHO,246,3,31848,75.4861,1
FILHO,246,1,31846,76.4179,1
FILHO,246,5,31850,77.4980,1
FILHO,246,4,31849,78.4275,1
FILHO,246,6,31851,80.4112,1
WAIT,246,0,0,31845,80.5833,1
WAIT,246,1,1,31846,80.6117,1
WAIT,246,2,2,31847,80.6201,1
WAIT,246,3,3,31848,80.6258,1
WAIT,246,4,4,31849,80.6314,1
WAIT,246,5,5,31850,80.6386,1
WAIT,246,6,6,31851,80.6455,1
FILHO,246,7,31852,80.8683,1
WAIT,246,7,7,31852,81.0210,1
FILHO,247,1,31856,72.9794,1
FILHO,247,2,31857,74.2723,1
FILHO,247,0,31855,75.2672,1
FILHO,247,4,31859,76.3804,1
FILHO,247,3,31858,77.3412,1
FILHO,247,6,31861,79.4113,1
FILHO,247,7,31862,80.3299,1
WAIT,247,0,0,31855,80.5057,1
WAIT,247,1,1,31856,80.5360,1
WAIT,247,2,2,31857,80.5404,1
WAIT,247,3,3,31858,80.5461,1
WAIT,247,4,4,31859,80.5521,1
WAIT,247,5,6,31861,80.5563,1
WAIT,247,6,7,31862,80.5620,1
FILHO,247,5,31860,80.8164,1
WAIT,247,7,5,31860,80.9606,1
FILHO,248,0,31865,73.4275,1
FILHO,248,2,31867,74.5620,1
FILHO,248,1,31866,75.5724,1
FILHO,248,3,31868,76.5131,1
FILHO,248,4,31869,77.9384,1
FILHO,248,7,31872,79.0847,1
FILHO,248,5,31870,81.7459,1
WAIT,248,0,0,31865,81.9180,1
WAIT,248,1,1,31866,81.9506,1
WAIT,248,2,2,31867,81.9575,1
WAIT,248,3,3,31868,81.9645,1
WAIT,248,4,4,31869,81.9742,1
WAIT,248,5,5,31870,81.9806,1
WAIT,248,6,7,31872,81.9875,1
FILHO,248,6,31871,82.2608,1
WAIT,248,7,6,31871,82.4257,1
FILHO,249,0,31875,73.3366,1
FILHO,249,2,31877,74.8071,1
FILHO,249,4,31879,76.1702,1
FILHO,249,1,31876,77.2126,1
FILHO,249,5,31880,78.3191,1
FILHO,249,6,31881,79.9262,1
FILHO,249,7,31882,80.9039,1
WAIT,249,0,0,31875,81.0537,1
WAIT,249,1,1,31876,81.0765,1
WAIT,249,2,2,31877,81.0820,1
WAIT,249,3,4,31879,81.1061,1
WAIT,249,4,5,31880,81.1167,1
WAIT,249,5,6,31881,81.1232,1
WAIT,249,6,7,31882,81.1297,1
FILHO,249,3,31878,81.4620,1
WAIT,249,7,3,31878,81.6040,1
FILHO,250,0,31886,73.3912,1
FILHO,250,3,31889,74.9812,1
FILHO,250,1,31887,76.2268,1
FILHO,250,5,31891,77.9874,1
FILHO,250,2,31888,78.9369,1
FILHO,250,4,31890,79.8708,1
FILHO,250,6,31892,80.7980,1
FILHO,250,7,31893,81.7507,1
WAIT,250,0,0,31886,81.9040,1
WAIT,250,1,1,31887,81.9270,1
WAIT,250,2,3,31889,81.9313,1
WAIT,250,3,4,31890,81.9364,1
WAIT,250,4,5,31891,81.9424,1
WAIT,250,5,6,31892,81.9461,1
WAIT,250,6,7,31893,81.9500,1
WAIT,250,7,2,31888,82.0393,1
FILHO,251,0,31896,73.4851,1
FILHO,251,4,31900,74.5332,1
FILHO,251,1,31897,75.4734,1
FILHO,251,3,31899,76.9624,1
FILHO,251,5,31901,78.7012,1
FILHO,251,7,31903,80.0822,1
FILHO,251,6,31902,81.0521,1
FILHO,251,2,31898,82.0822,1
WAIT,251,0,0,31896,82.2455,1
WAIT,251,1,1,31897,82.2736,1
WAIT,251,2,2,31898,82.2801,1
WAIT,251,3,3,31899,82.2867,1
WAIT,251,4,4,31900,82.2912,1
WAIT,251,5,5,31901,82.2947,1
WAIT,251,6,6,31902,82.2990,1
WAIT,251,7,7,31903,82.3045,1
FILHO,252,0,31906,73.3114,1
FILHO,252,3,31909,74.9199,1
FILHO,252,1,31907,75.9865,1
FILHO,252,2,31908,77.1322,1
FILHO,252,5,31911,78.7478,1
FILHO,252,4,31910,79.8903,1
FILHO,252,6,31912,81.2284,1
FILHO,252,7,31913,81.7725,1
WAIT,252,0,0,31906,81.9260,1
WAIT,252,1,1,31907,81.9456,1
WAIT,252,2,2,31908,81.9505,1
WAIT,252,3,3,31909,81.9552,1
WAIT,252,4,4,31910,81.9590,1
WAIT,252,5,5,31911,81.9631,1
WAIT,252,6,6,31912,81.9672,1
WAIT,252,7,7,31913,81.9711,1
FILHO,253,0,31916,73.8470,1
FILHO,253,2,31918,74.9927,1
FILHO,253,1,31917,75.9964,1
FILHO,253,3,31919,76.9149,1
FILHO,253,5,31921,78.9027,1
FILHO,253,7,31923,82.1040,1
FILHO,253,4,31920,84.4030,1
WAIT,253,0,0,31916,84.5854,1
WAIT,253,1,1,31917,84.6198,1
WAIT,253,2,2,31918,84.6353,1
WAIT,253,3,3,31919,84.6535,1
WAIT,253,4,4,31920,84.6672,1
WAIT,253,5,5,31921,84.6837,1
WAIT,253,6,7,31923,84.6986,1
FILHO,253,6,31922,85.1147,1
WAIT,253,7,6,31922,85.2741,1
FILHO,254,0,31926,73.3112,1
FILHO,254,2,31928,74.4601,1
FILHO,254,3,31929,75.5128,1
FILHO,254,1,31927,76.9048,1
FILHO,254,4,31930,78.0245,1
FILHO,254,5,31931,80.3605,1
FILHO,254,7,31933,81.2962,1
WAIT,254,0,0,31926,81.4713,1
WAIT,254,1,1,31927,81.5053,1
WAIT,254,2,2,31928,81.5121,1
WAIT,254,3,3,31929,81.5196,1
WAIT,254,4,4,31930,81.5286,1
WAIT,254,5,5,31931,81.5340,1
WAIT,254,6,7,31933,81.5409,1
FILHO,254,6,31932,81.6797,1
WAIT,254,7,6,31932,81.8393,1
FILHO,255,0,31936,73.9292,1
FILHO,255,2,31938,75.0671,1
FILHO,255,1,31937,76.0706,1
FILHO,255,3,31939,77.0128,1
FILHO,255,5,31941,78.3970,1
FILHO,255,4,31940,80.1252,1
FILHO,255,7,31943,81.0866,1
FILHO,255,6,31942,82.0443,1
WAIT,255,0,0,31936,82.2378,1
WAIT,255,1,1,31937,82.2663,1
WAIT,255,2,2,31938,82.2738,1
WAIT,255,3,3,31939,82.2812,1
WAIT,255,4,4,31940,82.2902,1
WAIT,255,5,5,31941,82.2965,1
WAIT,255,6,6,31942,82.3030,1
WAIT,255,7,7,31943,82.3096,1
FILHO,256,0,31946,74.2710,1
FILHO,256,2,31948,76.9344,1
FILHO,256,1,31947,82.3841,1
FILHO,256,7,31953,91.2364,1
FILHO,256,6,31952,93.6755,1
WAIT,256,0,0,31946,93.8994,1
WAIT,256,1,2,31948,93.9422,1
WAIT,256,2,6,31952,93.9553,1
WAIT,256,3,7,31953,93.9678,1
FILHO,256,5,31951,94.7291,1
WAIT,256,4,5,31951,94.9379,1
WAIT,256,5,1,31947,95.0840,1
FILHO,256,4,31950,96.4018,1
FILHO,256,3,31949,97.8165,1
WAIT,256,6,3,31949,98.0279,1
WAIT,256,7,4,31950,98.1572,1
FILHO,257,0,31956,74.0516,1
FILHO,257,1,31957,75.8897,1
FILHO,257,4,31960,77.8239,1
FILHO,257,5,31961,79.0978,1
FILHO,257,2,31958,80.9236,1
FILHO,257,6,31962,81.8895,1
FILHO,257,7,31963,82.8935,1
WAIT,257,0,0,31956,83.0526,1
WAIT,257,1,1,31957,83.0839,1
WAIT,257,2,2,31958,83.0882,1
WAIT,257,3,4,31960,83.0948,1
WAIT,257,4,5,31961,83.0988,1
WAIT,257,5,6,31962,83.1041,1
WAIT,257,6,7,31963,83.1096,1
FILHO,257,3,31959,83.3539,1
WAIT,257,7,3,31959,83.5171,1
FILHO,258,0,31966,73.6869,1
FILHO,258,2,31968,74.9758,1
FILHO,258,1,31967,75.9682,1
FILHO,258,3,31969,76.9512,1
FILHO,258,5,31971,77.9148,1
FILHO,258,6,31972,78.8698,1
FILHO,258,4,31970,79.9864,1
FILHO,258,7,31973,80.9861,1
WAIT,258,0,0,31966,81.1457,1
WAIT,258,1,1,31967,81.1744,1
WAIT,258,2,2,31968,81.1801,1
WAIT,258,3,3,31969,81.1847,1
WAIT,258,4,4,31970,81.1890,1
WAIT,258,5,5,31971,81.1927,1
WAIT,258,6,6,31972,81.1968,1
WAIT,258,7,7,31973,81.2029,1
FILHO,259,0,31976,73.7347,1
FILHO,259,3,31979,75.0596,1
FILHO,259,4,31980,76.4836,1
FILHO,259,1,31977,78.3127,1
FILHO,259,5,31981,79.3057,1
FILHO,259,6,31982,80.5339,1
FILHO,259,2,31978,81.8063,1
FILHO,259,7,31983,83.6366,1
WAIT,259,0,0,31976,83.8622,1
WAIT,259,1,1,31977,83.9044,1
WAIT,259,2,2,31978,83.9232,1
WAIT,259,3,3,31979,83.9401,1
WAIT,259,4,4,31980,83.9510,1
WAIT,259,5,5,31981,83.9695,1
WAIT,259,6,6,31982,83.9898,1
WAIT,259,7,7,31983,84.0071,1
FILHO,260,0,31989,74.1860,1
FILHO,260,1,31990,76.6734,1
FILHO,260,2,31991,78.1228,1
FILHO,260,3,31992,79.2742,1
FILHO,260,4,31993,80.3798,1
FILHO,260,5,31994,81.4786,1
FILHO,260,6,31995,82.5302,1
FILHO,260,7,31996,83.5451,1
WAIT,260,0,0,31989,83.7295,1
WAIT,260,1,1,31990,83.7690,1
WAIT,260,2,2,31991,83.7900,1
WAIT,260,3,3,31992,83.8131,1
WAIT,260,4,5,31994,83.8336,1
WAIT,260,5,6,31995,83.8527,1
WAIT,260,6,7,31996,83.8755,1
WAIT,260,7,4,31993,83.9767,1
FILHO,261,0,32002,73.3968,1
FILHO,261,1,32003,74.5699,1
FILHO,261,2,32004,76.2708,1
FILHO,261,3,32005,77.4062,1
FILHO,261,5,32007,78.4863,1
FILHO,261,7,32009,79.7358,1
FILHO,261,6,32008,80.7827,1
FILHO,261,4,32006,81.9648,1
WAIT,261,0,0,32002,82.1168,1
WAIT,261,1,1,32003,82.1482,1
WAIT,261,2,2,32004,82.1535,1
WAIT,261,3,3,32005,82.1582,1
WAIT,261,4,4,32006,82.1619,1
WAIT,261,5,5,32007,82.1662,1
WAIT,261,6,6,32008,82.1708,1
WAIT,261,7,7,32009,82.1745,1
FILHO,262,0,32013,73.2714,1
FILHO,262,2,32015,74.3294,1
FILHO,262,1,32014,75.3606,1
FILHO,262,4,32017,76.3708,1
FILHO,262,3,32016,77.3640,1
FILHO,262,5,32018,80.5332,1
FILHO,262,7,32020,81.4019,1
WAIT,262,0,0,32013,81.5590,1
WAIT,262,1,1,32014,81.5858,1
WAIT,262,2,2,32015,81.5916,1
WAIT,262,3,3,32016,81.5978,1
WAIT,262,4,4,32017,81.6015,1
WAIT,262,5,5,32018,81.6051,1
WAIT,262,6,7,32020,81.6099,1
FILHO,262,6,32019,81.6386,1
WAIT,262,7,6,32019,81.7753,1
FILHO,263,0,32023,73.3494,1
FILHO,263,3,32026,75.0097,1
FILHO,263,1,32024,76.5137,1
FILHO,263,2,32025,77.5195,1
FILHO,263,4,32027,78.5260,1
FILHO,263,5,32028,79.8001,1
FILHO,263,6,32029,80.6613,1
FILHO,263,7,32030,81.6151,1
WAIT,263,0,0,32023,81.7715,1
WAIT,263,1,1,32024,81.7962,1
WAIT,263,2,2,32025,81.8179,1
WAIT,263,3,3,32026,81.8300,1
WAIT,263,4,4,32027,81.8367,1
WAIT,263,5,5,32028,81.8422,1
WAIT,263,6,6,32029,81.8465,1
WAIT,263,7,7,32030,81.8525,1
FILHO,264,0,32033,73.3193,1
FILHO,264,3,32036,74.4256,1
FILHO,264,1,32034,75.3955,1
FILHO,264,5,32038,76.8372,1
FILHO,264,2,32035,77.7975,1
FILHO,264,4,32037,78.8253,1
FILHO,264,7,32040,80.1012,1
FILHO,264,6,32039,81.2918,1
WAIT,264,0,0,32033,81.4599,1
WAIT,264,1,1,32034,81.4848,1
WAIT,264,2,2,32035,81.4892,1
WAIT,264,3,3,32036,81.4932,1
WAIT,264,4,4,32037,81.4978,1
WAIT,264,5,5,32038,81.5038,1
WAIT,264,6,6,32039,81.5075,1
WAIT,264,7,7,32040,81.5121,1
FILHO,265,0,32043,73.3662,1
FILHO,265,3,32046,75.4312,1
FILHO,265,1,32044,77.0946,1
FILHO,265,2,32045,78.4542,1
FILHO,265,4,32047,80.9733,1
FILHO,265,6,32049,82.5725,1
FILHO,265,7,32050,83.6744,1
WAIT,265,0,0,32043,83.8469,1
WAIT,265,1,1,32044,83.8813,1
WAIT,265,2,2,32045,83.8919,1
WAIT,265,3,3,32046,83.9010,1
WAIT,265,4,4,32047,83.9122,1
WAIT,265,5,6,32049,83.9230,1
WAIT,265,6,7,32050,83.9335,1
FILHO,265,5,32048,85.2266,1
WAIT,265,7,5,32048,85.3809,1
FILHO,266,0,32053,73.3403,1
FILHO,266,2,32055,75.1081,1
FILHO,266,4,32057,76.2105,1
FILHO,266,1,32054,78.0342,1
FILHO,266,5,32058,80.0130,1
FILHO,266,6,32059,81.0139,1
FILHO,266,7,32060,81.9959,1
WAIT,266,0,0,32053,82.1645,1
WAIT,266,1,1,32054,82.1866,1
WAIT,266,2,2,32055,82.1925,1
WAIT,266,3,4,32057,82.1965,1
WAIT,266,4,5,32058,82.2021,1
WAIT,266,5,6,32059,82.2058,1
WAIT,266,6,7,32060,82.2105,1
FILHO,266,3,32056,82.3391,1
WAIT,266,7,3,32056,82.4804,1
FILHO,267,0,32063,73.2885,1
FILHO,267,3,32066,74.6786,1
FILHO,267,1,32064,75.8793,1
FILHO,267,2,32065,76.8591,1
FILHO,267,6,32069,78.3909,1
FILHO,267,4,32067,79.3717,1
FILHO,267,7,32070,81.1546,1
WAIT,267,0,0,32063,81.3175,1
WAIT,267,1,1,32064,81.3433,1
WAIT,267,2,2,32065,81.3488,1
WAIT,267,3,3,32066,81.3531,1
WAIT,267,4,4,32067,81.3576,1
WAIT,267,5,6,32069,81.3615,1
WAIT,267,6,7,32070,81.3661,1
FILHO,267,5,32068,82.4163,1
WAIT,267,7,5,32068,82.5616,1
FILHO,268,0,32073,73.3066,1
FILHO,268,1,32074,74.3734,1
FILHO,268,2,32075,75.2892,1
FILHO,268,4,32077,76.4200,1
FILHO,268,3,32076,77.9983,1
FILHO,268,6,32079,79.7391,1
FILHO,268,7,32080,80.6880,1
WAIT,268,0,0,32073,80.8351,1
WAIT,268,1,1,32074,80.8696,1
WAIT,268,2,2,32075,80.8745,1
WAIT,268,3,3,32076,80.8818,1
WAIT,268,4,4,32077,80.8858,1
WAIT,268,5,6,32079,80.8917,1
WAIT,268,6,7,32080,80.8962,1
FILHO,268,5,32078,81.4262,1
WAIT,268,7,5,32078,81.5639,1
FILHO,269,0,32083,73.2798,1
FILHO,269,1,32084,74.6111,1
FILHO,269,3,32086,76.0000,1
FILHO,269,2,32085,77.0619,1
FILHO,269,4,32087,78.1186,1
FILHO,269,6,32089,79.2673,1
FILHO,269,5,32088,80.9498,1
FILHO,269,7,32090,81.5379,1
WAIT,269,0,0,32083,81.6834,1
WAIT,269,1,1,32084,81.7054,1
WAIT,269,2,2,32085,81.7101,1
WAIT,269,3,3,32086,81.7140,1
WAIT,269,4,4,32087,81.7185,1
WAIT,269,5,5,32088,81.7229,1
WAIT,269,6,6,32089,81.7269,1
WAIT,269,7,7,32090,81.7308,1
FILHO,270,0,32093,73.3288,1
FILHO,270,4,32097,74.5655,1
FILHO,270,1,32094,76.7064,1
FILHO,270,2,32095,78.2725,1
FILHO,270,5,32098,80.6953,1
FILHO,270,7,32100,81.7250,1
WAIT,270,0,0,32093,81.8858,1
WAIT,270,1,1,32094,81.9142,1
WAIT,270,2,2,32095,81.9187,1
WAIT,270,3,4,32097,81.9238,1
WAIT,270,4,5,32098,81.9280,1
WAIT,270,5,7,32100,81.9321,1
FILHO,270,3,32096,75.5566,1
WAIT,270,6,3,32096,82.0561,1
FILHO,270,6,32099,82.1967,1
WAIT,270,7,6,32099,82.3615,1
FILHO,271,0,32103,73.3678,1
FILHO,271,1,32104,74.5897,1
FILHO,271,3,32106,75.7146,1
FILHO,271,2,32105,76.7772,1
FILHO,271,5,32108,78.2384,1
FILHO,271,4,32107,79.3730,1
FILHO,271,6,32109,80.2005,1
FILHO,271,7,32110,81.1202,1
WAIT,271,0,0,32103,81.3001,1
WAIT,271,1,1,32104,81.3314,1
WAIT,271,2,2,32105,81.3387,1
WAIT,271,3,3,32106,81.3454,1
WAIT,271,4,5,32108,81.3547,1
WAIT,271,5,6,32109,81.3634,1
WAIT,271,6,7,32110,81.3704,1
WAIT,271,7,4,32107,81.5079,1
FILHO,272,0,32113,73.3802,1
FILHO,272,2,32115,74.5096,1
FILHO,272,1,32114,75.5413,1
FILHO,272,3,32116,76.7926,1
FILHO,272,6,32119,78.0386,1
FILHO,272,4,32117,79.0435,1
FILHO,272,5,32118,80.1974,1
FILHO,272,7,32120,81.2302,1
WAIT,272,0,0,32113,81.3881,1
WAIT,272,1,1,32114,81.4171,1
WAIT,272,2,2,32115,81.4241,1
WAIT,272,3,3,32116,81.4340,1
WAIT,272,4,5,32118,81.4396,1
WAIT,272,5,6,32119,81.4490,1
WAIT,272,6,7,32120,81.4547,1
WAIT,272,7,4,32117,81.5357,1
FILHO,273,0,32124,73.3612,1
FILHO,273,2,32126,74.3925,1
FILHO,273,1,32125,75.3286,1
FILHO,273,3,32127,76.2757,1
FILHO,273,4,32128,77.5431,1
FILHO,273,5,32129,78.7111,1
FILHO,273,6,32130,79.7043,1
FILHO,273,7,32131,80.5936,1
WAIT,273,0,0,32124,80.7486,1
WAIT,273,1,1,32125,80.7774,1
WAIT,273,2,2,32126,80.7837,1
WAIT,273,3,3,32127,80.7902,1
WAIT,273,4,4,32128,80.7945,1
WAIT,273,5,5,32129,80.8001,1
WAIT,273,6,6,32130,80.8050,1
WAIT,273,7,7,32131,80.8109,1
FILHO,274,0,32134,73.2814,1
FILHO,274,4,32138,74.4783,1
FILHO,274,1,32135,75.3933,1
FILHO,274,2,32136,76.3582,1
FILHO,274,3,32137,77.5075,1
FILHO,274,5,32139,78.5208,1
FILHO,274,7,32141,79.5931,1
FILHO,274,6,32140,80.9593,1
WAIT,274,0,0,32134,81.1308,1
WAIT,274,1,1,32135,81.1621,1
WAIT,274,2,2,32136,81.1669,1
WAIT,274,3,3,32137,81.1745,1
WAIT,274,4,4,32138,81.1785,1
WAIT,274,5,5,32139,81.1844,1
WAIT,274,6,6,32140,81.1880,1
WAIT,274,7,7,32141,81.1946,1
FILHO,275,0,32144,73.3936,1
FILHO,275,4,32148,74.7085,1
FILHO,275,2,32146,75.6585,1
FILHO,275,1,32145,76.7032,1
FILHO,275,6,32150,77.6816,1
FILHO,275,3,32147,78.7622,1
FILHO,275,7,32151,79.9310,1
FILHO,275,5,32149,81.0703,1
WAIT,275,0,0,32144,81.2220,1
WAIT,275,1,1,32145,81.2448,1
WAIT,275,2,2,32146,81.2493,1
WAIT,275,3,3,32147,81.2541,1
WAIT,275,4,4,32148,81.2601,1
WAIT,275,5,5,32149,81.2638,1
WAIT,275,6,6,32150,81.2679,1
WAIT,275,7,7,32151,81.2719,1
FILHO,276,0,32154,73.3441,1
FILHO,276,5,32159,74.5553,1
FILHO,276,1,32155,75.5315,1
FILHO,276,3,32157,76.5133,1
FILHO,276,2,32156,77.4548,1
FILHO,276,6,32160,78.5513,1
FILHO,276,7,32161,80.3039,1
WAIT,276,0,0,32154,80.4939,1
WAIT,276,1,1,32155,80.5356,1
WAIT,276,2,2,32156,80.5424,1
WAIT,276,3,3,32157,80.5484,1
WAIT,276,4,5,32159,80.5549,1
WAIT,276,5,6,32160,80.5621,1
WAIT,276,6,7,32161,80.5687,1
FILHO,276,4,32158,81.0356,1
WAIT,276,7,4,32158,81.1919,1
FILHO,277,0,32164,73.8437,1
FILHO,277,3,32167,75.9680,1
FILHO,277,1,32165,77.6269,1
FILHO,277,2,32166,79.6399,1
FILHO,277,5,32169,81.2082,1
FILHO,277,4,32168,83.2217,1
FILHO,277,6,32170,85.8944,1
WAIT,277,0,0,32164,86.0622,1
WAIT,277,1,1,32165,86.0972,1
WAIT,277,2,2,32166,86.1065,1
WAIT,277,3,3,32167,86.1158,1
WAIT,277,4,4,32168,86.1243,1
WAIT,277,5,5,32169,86.1338,1
WAIT,277,6,6,32170,86.1430,1
FILHO,277,7,32171,84.3221,1
WAIT,277,7,7,32171,86.2935,1
FILHO,278,0,32174,73.2902,1
FILHO,278,2,32176,74.4793,1
FILHO,278,1,32175,75.4701,1
FILHO,278,4,32178,76.4926,1
FILHO,278,5,32179,77.6179,1
FILHO,278,3,32177,78.7534,1
FILHO,278,7,32181,80.3335,1
FILHO,278,6,32180,81.3034,1
WAIT,278,0,0,32174,81.4583,1
WAIT,278,1,1,32175,81.4914,1
WAIT,278,2,2,32176,81.4984,1
WAIT,278,3,3,32177,81.5049,1
WAIT,278,4,4,32178,81.5089,1
WAIT,278,5,5,32179,81.5126,1
WAIT,278,6,6,32180,81.5188,1
WAIT,278,7,7,32181,81.5229,1
FILHO,279,0,32184,73.3675,1
FILHO,279,2,32186,74.5678,1
FILHO,279,1,32185,75.5497,1
FILHO,279,3,32187,76.5098,1
FILHO,279,4,32188,77.5415,1
FILHO,279,6,32190,78.7091,1
FILHO,279,7,32191,79.6754,1
WAIT,279,0,0,32184,80.3752,1
WAIT,279,1,1,32185,80.4071,1
WAIT,279,2,2,32186,80.4164,1
WAIT,279,3,3,32187,80.4222,1
WAIT,279,4,4,32188,80.4279,1
WAIT,279,5,6,32190,80.4352,1
WAIT,279,6,7,32191,80.4427,1
FILHO,279,5,32189,81.4151,1
WAIT,279,7,5,32189,81.5731,1
FILHO,280,0,32194,73.3955,1
FILHO,280,1,32195,74.6066,1
FILHO,280,3,32197,75.5952,1
FILHO,280,4,32198,76.6152,1
FILHO,280,5,32199,77.7382,1
FILHO,280,2,32196,79.0103,1
FILHO,280,7,32201,80.0378,1
FILHO,280,6,32200,81.2161,1
WAIT,280,0,0,32194,81.4155,1
WAIT,280,1,1,32195,81.4457,1
WAIT,280,2,2,32196,81.4527,1
WAIT,280,3,3,32197,81.4602,1
WAIT,280,4,4,32198,81.4680,1
WAIT,280,5,5,32199,81.4762,1
WAIT,280,6,6,32200,81.4818,1
WAIT,280,7,7,32201,81.4891,1
FILHO,281,0,32204,73.5750,1
FILHO,281,2,32206,74.7508,1
FILHO,281,1,32205,75.7863,1
FILHO,281,3,32207,76.7703,1
FILHO,281,4,32208,77.7692,1
FILHO,281,5,32209,79.1117,1
FILHO,281,7,32211,80.3169,1
FILHO,281,6,32210,81.2582,1
WAIT,281,0,0,32204,81.4098,1
WAIT,281,1,1,32205,81.4518,1
WAIT,281,2,2,32206,81.4562,1
WAIT,281,3,3,32207,81.4603,1
WAIT,281,4,4,32208,81.4665,1
WAIT,281,5,5,32209,81.4702,1
WAIT,281,6,6,32210,81.4743,1
WAIT,281,7,7,32211,81.4783,1
FILHO,282,2,32216,71.8086,1
FILHO,282,5,32219,73.5423,1
FILHO,282,6,32220,74.9857,1
FILHO,282,1,32215,76.4075,1
FILHO,282,3,32217,78.4477,1
FILHO,282,4,32218,79.5074,1
FILHO,282,7,32221,80.4804,1
WAIT,282,0,1,32215,81.2279,1
WAIT,282,1,2,32216,81.2573,1
WAIT,282,2,3,32217,81.2619,1
WAIT,282,3,4,32218,81.2659,1
WAIT,282,4,5,32219,81.2721,1
WAIT,282,5,6,32220,81.2765,1
WAIT,282,6,7,32221,81.2806,1
FILHO,282,0,32214,81.1753,1
WAIT,282,7,0,32214,81.4198,1
FILHO,283,0,32224,73.3306,1
FILHO,283,1,32225,74.4636,1
FILHO,283,3,32227,75.5222,1
FILHO,283,5,32229,76.8899,1
FILHO,283,4,32228,77.9796,1
FILHO,283,2,32226,78.9861,1
FILHO,283,6,32230,80.2999,1
FILHO,283,7,32231,81.7454,1
WAIT,283,0,0,32224,81.9488,1
WAIT,283,1,1,32225,81.9740,1
WAIT,283,2,2,32226,81.9808,1
WAIT,283,3,3,32227,81.9896,1
WAIT,283,4,4,32228,81.9951,1
WAIT,283,5,5,32229,82.0036,1
WAIT,283,6,6,32230,82.0096,1
WAIT,283,7,7,32231,82.0181,1
FILHO,284,0,32234,73.5916,1
FILHO,284,4,32239,75.2095,1
FILHO,284,2,32237,76.4055,1
FILHO,284,1,32235,78.1783,1
FILHO,284,3,32238,79.4935,1
FILHO,284,7,32242,82.6014,1
FILHO,284,6,32241,84.2378,1
WAIT,284,0,0,32234,84.4420,1
WAIT,284,1,1,32235,84.4864,1
WAIT,284,2,2,32237,84.5111,1
WAIT,284,3,3,32238,84.5331,1
WAIT,284,4,4,32239,84.5553,1
WAIT,284,5,6,32241,84.5780,1
WAIT,284,6,7,32242,84.5993,1
FILHO,284,5,32240,84.6454,1
WAIT,284,7,5,32240,84.8022,1
FILHO,285,0,32251,73.3071,1
FILHO,285,1,32252,74.5371,1
FILHO,285,2,32253,75.4681,1
FILHO,285,4,32255,77.0045,1
FILHO,285,3,32254,78.1475,1
FILHO,285,7,32258,79.1067,1
FILHO,285,5,32256,80.5980,1
FILHO,285,6,32257,82.1365,1
WAIT,285,0,0,32251,82.2966,1
WAIT,285,1,1,32252,82.3299,1
WAIT,285,2,2,32253,82.3349,1
WAIT,285,3,3,32254,82.3407,1
WAIT,285,4,4,32255,82.3453,1
WAIT,285,5,5,32256,82.3491,1
WAIT,285,6,6,32257,82.3532,1
WAIT,285,7,7,32258,82.3598,1
FILHO,286,0,32261,73.5975,1
FILHO,286,3,32264,74.7104,1
FILHO,286,1,32262,75.6819,1
FILHO,286,2,32263,76.6722,1
FILHO,286,4,32265,77.7463,1
FILHO,286,7,32268,78.6860,1
FILHO,286,5,32266,80.8485,1
FILHO,286,6,32267,81.9210,1
WAIT,286,0,0,32261,82.0778,1
WAIT,286,1,1,32262,82.1080,1
WAIT,286,2,2,32263,82.1130,1
WAIT,286,3,3,32264,82.1170,1
WAIT,286,4,4,32265,82.1219,1
WAIT,286,5,5,32266,82.1256,1
WAIT,286,6,6,32267,82.1292,1
WAIT,286,7,7,32268,82.1333,1
FILHO,287,0,32271,73.3818,1
FILHO,287,2,32273,74.8403,1
FILHO,287,1,32272,76.1663,1
FILHO,287,3,32274,77.1154,1
FILHO,287,5,32276,78.5913,1
FILHO,287,6,32277,79.9800,1
FILHO,287,7,32278,80.9034,1
FILHO,287,4,32275,81.7543,1
WAIT,287,0,0,32271,81.9057,1
WAIT,287,1,1,32272,81.9328,1
WAIT,287,2,2,32273,81.9371,1
WAIT,287,3,3,32274,81.9411,1
WAIT,287,4,4,32275,81.9464,1
WAIT,287,5,5,32276,81.9504,1
WAIT,287,6,6,32277,81.9544,1
WAIT,287,7,7,32278,81.9580,1
FILHO,288,1,32282,79.7995,1
FILHO,288,5,32286,84.8375,1
FILHO,288,4,32285,86.6895,1
FILHO,288,6,32287,88.4810,1
FILHO,288,7,32288,90.2276,1
WAIT,288,0,1,32282,90.4105,1
WAIT,288,1,4,32285,90.4491,1
WAIT,288,2,5,32286,90.4583,1
WAIT,288,3,6,32287,90.4705,1
WAIT,288,4,7,32288,90.4810,1
FILHO,288,0,32281,91.3676,1
WAIT,288,5,0,32281,91.5202,1
FILHO,288,3,32284,92.1499,1
WAIT,288,6,3,32284,92.3009,1
FILHO,288,2,32283,92.7272,1
WAIT,288,7,2,32283,92.8742,1
FILHO,289,0,32298,73.4893,1
FILHO,289,1,32299,75.6749,1
FILHO,289,3,32301,77.5620,1
FILHO,289,4,32302,83.1619,1
FILHO,289,6,32304,84.5774,1
FILHO,289,7,32305,85.9963,1
WAIT,289,0,0,32298,86.1614,1
WAIT,289,1,1,32299,86.1968,1
WAIT,289,2,3,32301,86.2134,1
WAIT,289,3,4,32302,86.2300,1
WAIT,289,4,6,32304,86.2483,1
WAIT,289,5,7,32305,86.2641,1
FILHO,289,2,32300,86.5372,1
WAIT,289,6,2,32300,86.6883,1
FILHO,289,5,32303,87.0625,1
WAIT,289,7,5,32303,87.2105,1
FILHO,290,0,32308,73.3257,1
FILHO,290,1,32309,74.8962,1
FILHO,290,2,32310,76.3630,1
FILHO,290,4,32312,77.4166,1
FILHO,290,5,32313,80.9057,1
FILHO,290,7,32315,83.1971,1
WAIT,290,0,0,32308,83.3986,1
WAIT,290,1,1,32309,83.4393,1
WAIT,290,2,2,32310,83.4500,1
WAIT,290,3,4,32312,83.4621,1
WAIT,290,4,5,32313,83.4723,1
WAIT,290,5,7,32315,83.4830,1
FILHO,290,6,32314,83.9076,1
WAIT,290,6,6,32314,84.0640,1
FILHO,290,3,32311,79.3419,1
WAIT,290,7,3,32311,84.2170,1
FILHO,291,0,32318,73.6165,1
FILHO,291,1,32319,74.7606,1
FILHO,291,2,32320,75.7981,1
FILHO,291,3,32321,76.8050,1
FILHO,291,6,32324,77.8944,1
FILHO,291,4,32322,79.2423,1
FILHO,291,5,32323,80.2538,1
FILHO,291,7,32325,81.7637,1
WAIT,291,0,0,32318,81.9260,1
WAIT,291,1,1,32319,81.9532,1
WAIT,291,2,2,32320,81.9579,1
WAIT,291,3,3,32321,81.9619,1
WAIT,291,4,4,32322,81.9682,1
WAIT,291,5,5,32323,81.9718,1
WAIT,291,6,6,32324,81.9758,1
WAIT,291,7,7,32325,81.9794,1
FILHO,292,0,32328,73.8555,1
FILHO,292,3,32331,75.4691,1
FILHO,292,2,32330,76.8930,1
FILHO,292,1,32329,78.5672,1
FILHO,292,5,32333,80.4940,1
FILHO,292,4,32332,81.9024,1
FILHO,292,6,32334,84.6739,1
FILHO,292,7,32335,86.4598,1
WAIT,292,0,0,32328,86.6897,1
WAIT,292,1,1,32329,86.7350,1
WAIT,292,2,2,32330,86.7538,1
WAIT,292,3,3,32331,86.7680,1
WAIT,292,4,4,32332,86.7810,1
WAIT,292,5,5,32333,86.7971,1
WAIT,292,6,7,32335,86.8102,1
WAIT,292,7,6,32334,86.9478,1
FILHO,293,0,32338,74.2528,1
FILHO,293,1,32339,76.3692,1
FILHO,293,3,32341,78.0555,1
FILHO,293,2,32340,80.0455,1
FILHO,293,5,32343,81.0895,1
FILHO,293,4,32342,82.3800,1
FILHO,293,7,32345,83.3041,1
WAIT,293,0,0,32338,84.2929,1
WAIT,293,1,1,32339,84.3209,1
WAIT,293,2,2,32340,84.3258,1
WAIT,293,3,3,32341,84.3324,1
WAIT,293,4,4,32342,84.3361,1
WAIT,293,5,5,32343,84.3404,1
WAIT,293,6,7,32345,84.3465,1
FILHO,293,6,32344,84.8604,1
WAIT,293,7,6,32344,85.0024,1
FILHO,294,2,32350,73.5791,1
FILHO,294,3,32351,75.1475,1
FILHO,294,0,32348,76.2295,1
FILHO,294,1,32349,77.4083,1
FILHO,294,4,32352,78.4325,1
FILHO,294,5,32353,79.6719,1
FILHO,294,6,32354,80.8695,1
FILHO,294,7,32355,82.4279,1
WAIT,294,0,0,32348,82.5776,1
WAIT,294,1,1,32349,82.6071,1
WAIT,294,2,2,32350,82.6141,1
WAIT,294,3,3,32351,82.6206,1
WAIT,294,4,4,32352,82.6244,1
WAIT,294,5,5,32353,82.6308,1
WAIT,294,6,6,32354,82.6353,1
WAIT,294,7,7,32355,82.6397,1
FILHO,295,0,32358,73.3770,1
FILHO,295,1,32359,74.6720,1
FILHO,295,2,32360,75.8347,1
FILHO,295,3,32361,77.0894,1
FILHO,295,7,32365,78.9906,1
FILHO,295,5,32363,80.4113,1
FILHO,295,4,32362,81.9145,1
WAIT,295,0,0,32358,83.1708,1
WAIT,295,1,1,32359,83.2072,1
WAIT,295,2,2,32360,83.2152,1
WAIT,295,3,3,32361,83.2214,1
WAIT,295,4,4,32362,83.2272,1
WAIT,295,5,5,32363,83.2353,1
WAIT,295,6,7,32365,83.2418,1
FILHO,295,6,32364,83.2728,1
WAIT,295,7,6,32364,83.4302,1
FILHO,296,0,32368,73.3777,1
FILHO,296,1,32369,74.4352,1
FILHO,296,3,32371,75.4108,1
FILHO,296,4,32372,77.0384,1
FILHO,296,5,32373,77.9519,1
FILHO,296,2,32370,79.5525,1
FILHO,296,7,32375,81.0042,1
FILHO,296,6,32374,81.5713,1
WAIT,296,0,0,32368,81.8023,1
WAIT,296,1,1,32369,81.8357,1
WAIT,296,2,2,32370,81.8422,1
WAIT,296,3,3,32371,81.8513,1
WAIT,296,4,4,32372,81.8581,1
WAIT,296,5,5,32373,81.8642,1
WAIT,296,6,6,32374,81.8715,1
WAIT,296,7,7,32375,81.8776,1
FILHO,297,0,32379,73.5037,1
FILHO,297,2,32381,74.6105,1
FILHO,297,1,32380,75.6528,1
FILHO,297,3,32382,76.6310,1
FILHO,297,5,32384,78.4765,1
FILHO,297,7,32386,80.3030,1
FILHO,297,6,32385,81.5332,1
WAIT,297,0,0,32379,81.7562,1
WAIT,297,1,1,32380,81.7869,1
WAIT,297,2,2,32381,81.7943,1
WAIT,297,3,3,32382,81.8004,1
WAIT,297,4,5,32384,81.8086,1
WAIT,297,5,6,32385,81.8178,1
WAIT,297,6,7,32386,81.8255,1
FILHO,297,4,32383,82.4591,1
WAIT,297,7,4,32383,82.6193,1
FILHO,298,3,32392,84.5201,1
FILHO,298,1,32390,86.9636,1
FILHO,298,2,32391,89.6136,1
FILHO,298,6,32395,91.9169,1
FILHO,298,0,32389,93.0983,1
FILHO,298,7,32396,93.3928,1
WAIT,298,0,0,32389,93.7790,1
WAIT,298,1,1,32390,93.8188,1
WAIT,298,2,2,32391,93.8324,1
WAIT,298,3,3,32392,93.8446,1
WAIT,298,4,6,32395,93.8580,1
WAIT,298,5,7,32396,93.8700,1
FILHO,298,5,32394,95.0341,1
FILHO,298,4,32393,95.8738,1
WAIT,298,6,4,32393,96.0565,1
WAIT,298,7,5,32394,96.0796,1
FILHO,299,3,32414,75.7889,1
FILHO,299,2,32413,78.3223,1
FILHO,299,4,32415,81.2699,1
FILHO,299,1,32412,83.4036,1
FILHO,299,5,32416,85.6837,1
FILHO,299,0,32411,87.1180,1
FILHO,299,6,32417,89.1826,1
WAIT,299,0,0,32411,89.3478,1
WAIT,299,1,1,32412,89.3824,1
WAIT,299,2,2,32413,89.3959,1
WAIT,299,3,3,32414,89.4068,1
WAIT,299,4,4,32415,89.4206,1
WAIT,299,5,5,32416,89.4317,1
WAIT,299,6,6,32417,89.4449,1
FILHO,299,7,32418,89.9176,1
WAIT,299,7,7,32418,90.0645,1
FILHO,0,1,32432,30.6231,2
FILHO,0,2,32433,30.4800,2
WAIT,0,0,1,32432,31.0605,2
WAIT,0,1,2,32433,31.0964,2
FILHO,0,0,32431,54.5358,2
WAIT,0,2,0,32431,57.5401,2
FILHO,0,7,32438,59.1476,2
WAIT,0,3,7,32438,59.3554,2
FILHO,0,3,32434,60.4797,2
WAIT,0,4,3,32434,60.6877,2
FILHO,0,5,32436,64.2217,2
FILHO,0,6,32437,64.2671,2
WAIT,0,5,5,32436,64.4389,2
WAIT,0,6,6,32437,64.4555,2
FILHO,0,4,32435,64.4565,2
WAIT,0,7,4,32435,64.6330,2
FILHO,1,0,32441,60.0966,2
FILHO,1,4,32445,53.1603,2
FILHO,1,1,32442,60.4733,2
FILHO,1,5,32446,60.5892,2
FILHO,1,6,32447,59.1557,2
FILHO,1,2,32443,60.7621,2
FILHO,1,3,32444,60.9830,2
FILHO,1,7,32448,60.1526,2
WAIT,1,0,0,32441,61.2222,2
WAIT,1,1,1,32442,61.2487,2
WAIT,1,2,2,32443,61.2548,2
WAIT,1,3,3,32444,61.2640,2
WAIT,1,4,4,32445,61.2698,2
WAIT,1,5,5,32446,61.2793,2
WAIT,1,6,6,32447,61.2833,2
WAIT,1,7,7,32448,61.2882,2
FILHO,2,1,32452,45.5471,2
FILHO,2,2,32453,42.2905,2
FILHO,2,3,32454,45.2670,2
WAIT,2,0,1,32452,46.0944,2
WAIT,2,1,2,32453,46.1260,2
WAIT,2,2,3,32454,46.1327,2
FILHO,2,4,32455,55.2812,2
WAIT,2,3,4,32455,58.5565,2
FILHO,2,5,32456,58.6149,2
WAIT,2,4,5,32456,58.7927,2
FILHO,2,6,32457,59.1018,2
WAIT,2,5,6,32457,59.2608,2
FILHO,2,0,32451,59.8109,2
WAIT,2,6,0,32451,59.9976,2
FILHO,2,7,32458,61.4334,2
WAIT,2,7,7,32458,61.5855,2
FILHO,3,1,32462,45.8317,2
FILHO,3,2,32463,46.0909,2
FILHO,3,3,32464,46.4154,2
WAIT,3,0,1,32462,46.5989,2
WAIT,3,1,2,32463,46.6233,2
WAIT,3,2,3,32464,46.6288,2
FILHO,3,0,32461,57.0302,2
FILHO,3,4,32465,59.0870,2
WAIT,3,3,4,32465,59.3304,2
FILHO,3,5,32466,59.5747,2
WAIT,3,4,5,32466,59.7489,2
FILHO,3,6,32467,59.8788,2
WAIT,3,5,6,32467,60.0298,2
WAIT,3,6,0,32461,60.2780,2
FILHO,3,7,32468,62.5465,2
WAIT,3,7,7,32468,62.7063,2
FILHO,4,3,32474,15.6381,2
WAIT,4,0,3,32474,15.9491,2
FILHO,4,0,32471,55.9472,2
FILHO,4,7,32478,56.2428,2
WAIT,4,1,0,32471,56.4393,2
WAIT,4,2,7,32478,56.4533,2
FILHO,4,1,32472,56.5794,2
FILHO,4,2,32473,56.6925,2
WAIT,4,3,1,32472,56.7623,2
FILHO,4,6,32477,59.1527,2
FILHO,4,5,32476,61.4802,2
WAIT,4,4,2,32473,61.6648,2
WAIT,4,5,5,32476,61.6780,2
WAIT,4,6,6,32477,61.6844,2
FILHO,4,4,32475,62.0278,2
WAIT,4,7,4,32475,62.1889,2
FILHO,5,2,32483,45.1045,2
FILHO,5,3,32484,45.4690,2
FILHO,5,4,32485,45.6580,2
WAIT,5,0,2,32483,45.8497,2
WAIT,5,1,3,32484,45.8771,2
WAIT,5,2,4,32485,45.8836,2
FILHO,5,1,32482,58.3534,2
WAIT,5,3,1,32482,58.6249,2
FILHO,5,5,32486,58.8109,2
WAIT,5,4,5,32486,58.9979,2
FILHO,5,6,32487,60.3290,2
FILHO,5,0,32481,60.4908,2
WAIT,5,5,0,32481,60.7966,2
WAIT,5,6,6,32487,60.8071,2
FILHO,5,7,32488,61.6581,2
WAIT,5,7,7,32488,61.8201,2
FILHO,6,4,32495,53.8858,2
FILHO,6,2,32493,53.9117,2
FILHO,6,0,32491,60.0607,2
FILHO,6,1,32492,60.5897,2
FILHO,6,5,32496,60.9023,2
FILHO,6,6,32497,59.9854,2
FILHO,6,3,32494,61.3047,2
FILHO,6,7,32498,59.9939,2
WAIT,6,0,0,32491,61.5820,2
WAIT,6,1,1,32492,61.6026,2
WAIT,6,2,2,32493,61.6067,2
WAIT,6,3,3,32494,61.6132,2
WAIT,6,4,4,32495,61.6169,2
WAIT,6,5,5,32496,61.6214,2
WAIT,6,6,6,32497,61.6253,2
WAIT,6,7,7,32498,61.6309,2
FILHO,7,1,32502,51.6189,2
FILHO,7,2,32503,52.8708,2
FILHO,7,3,32504,56.2327,2
WAIT,7,0,1,32502,56.4207,2
WAIT,7,1,2,32503,56.4454,2
WAIT,7,2,3,32504,56.4523,2
FILHO,7,0,32501,56.9697,2
WAIT,7,3,0,32501,57.1433,2
FILHO,7,4,32505,59.9797,2
FILHO,7,6,32507,60.2746,2
FILHO,7,5,32506,61.5886,2
WAIT,7,4,4,32505,62.7728,2
WAIT,7,5,5,32506,62.7868,2
WAIT,7,6,6,32507,62.7935,2
FILHO,7,7,32508,62.8454,2
WAIT,7,7,7,32508,62.9858,2
FILHO,8,4,32515,15.5801,2
WAIT,8,0,4,32515,15.8218,2
FILHO,8,1,32512,55.0640,2
FILHO,8,3,32514,56.0097,2
FILHO,8,0,32511,56.0427,2
FILHO,8,7,32518,52.1425,2
WAIT,8,1,0,32511,56.4091,2
WAIT,8,2,3,32514,56.4211,2
WAIT,8,3,7,32518,56.4283,2
WAIT,8,4,1,32512,56.5070,2
FILHO,8,2,32513,59.1086,2
FILHO,8,5,32516,59.4489,2
WAIT,8,5,5,32516,59.6354,2
WAIT,8,6,2,32513,59.7455,2
FILHO,8,6,32517,61.2298,2
WAIT,8,7,6,32517,61.3805,2
FILHO,9,3,32524,45.6920,2
FILHO,9,4,32525,46.3163,2
FILHO,9,5,32526,47.0546,2
WAIT,9,0,3,32524,47.2449,2
WAIT,9,1,4,32525,47.2734,2
WAIT,9,2,5,32526,47.2813,2
FILHO,9,2,32523,58.8942,2
FILHO,9,1,32522,59.5067,2
WAIT,9,3,1,32522,59.7145,2
WAIT,9,4,2,32523,59.8675,2
FILHO,9,0,32521,61.4505,2
WAIT,9,5,0,32521,61.6521,2
FILHO,9,7,32528,61.9560,2
WAIT,9,6,7,32528,62.1846,2
FILHO,9,6,32527,62.4536,2
WAIT,9,7,6,32527,62.6593,2
FILHO,10,3,32538,42.3069,2
FILHO,10,5,32540,45.3197,2
FILHO,10,4,32539,46.0930,2
WAIT,10,0,3,32538,46.5796,2
WAIT,10,1,4,32539,46.6217,2
WAIT,10,2,5,32540,46.6419,2
FILHO,10,0,32535,57.2099,2
FILHO,10,1,32536,59.4301,2
WAIT,10,3,1,32536,59.6449,2
FILHO,10,2,32537,58.3647,2
WAIT,10,4,2,32537,59.8071,2
FILHO,10,6,32541,60.4323,2
WAIT,10,5,0,32535,61.4553,2
WAIT,10,6,6,32541,61.4795,2
FILHO,10,7,32542,62.0423,2
WAIT,10,7,7,32542,62.1945,2
FILHO,11,1,32549,45.5312,2
FILHO,11,2,32550,46.1412,2
FILHO,11,3,32551,46.4041,2
WAIT,11,0,1,32549,46.7227,2
WAIT,11,1,2,32550,46.7550,2
WAIT,11,2,3,32551,46.7621,2
FILHO,11,0,32548,56.4350,2
WAIT,11,3,0,32548,59.6770,2
FILHO,11,5,32553,59.9594,2
WAIT,11,4,5,32553,60.1698,2
FILHO,11,6,32554,60.2356,2
WAIT,11,5,6,32554,60.4220,2
FILHO,11,4,32552,60.4983,2
WAIT,11,6,4,32552,60.7153,2
FILHO,11,7,32555,62.1011,2
WAIT,11,7,7,32555,62.2641,2
FILHO,12,1,32559,45.8862,2
FILHO,12,3,32561,46.3199,2
FILHO,12,2,32560,46.6513,2
WAIT,12,0,1,32559,46.8544,2
WAIT,12,1,2,32560,46.8857,2
WAIT,12,2,3,32561,46.8914,2
FILHO,12,0,32558,56.5032,2
WAIT,12,3,0,32558,56.8253,2
FILHO,12,5,32563,57.7438,2
WAIT,12,4,5,32563,59.9625,2
FILHO,12,6,32564,60.2313,2
WAIT,12,5,6,32564,60.4176,2
FILHO,12,4,32562,60.6548,2
WAIT,12,6,4,32562,60.8709,2
FILHO,12,7,32565,62.2459,2
WAIT,12,7,7,32565,62.4138,2
FILHO,13,3,32571,45.4863,2
FILHO,13,4,32572,46.0392,2
FILHO,13,5,32573,46.7545,2
WAIT,13,0,3,32571,46.9461,2
WAIT,13,1,4,32572,46.9731,2
WAIT,13,2,5,32573,46.9787,2
FILHO,13,2,32570,59.3928,2
WAIT,13,3,2,32570,59.6315,2
FILHO,13,1,32569,60.1767,2
WAIT,13,4,1,32569,60.3775,2
FILHO,13,0,32568,61.0171,2
WAIT,13,5,0,32568,61.2263,2
FILHO,13,6,32574,62.6604,2
FILHO,13,7,32575,62.6676,2
WAIT,13,6,6,32574,62.8527,2
WAIT,13,7,7,32575,62.8662,2
FILHO,14,1,32579,51.4871,2
FILHO,14,4,32582,53.4639,2
FILHO,14,0,32578,59.9725,2
FILHO,14,3,32581,60.6334,2
FILHO,14,6,32584,60.9101,2
FILHO,14,2,32580,54.5403,2
FILHO,14,5,32583,59.5661,2
FILHO,14,7,32585,61.5132,2
WAIT,14,0,0,32578,61.6413,2
WAIT,14,1,1,32579,61.6707,2
WAIT,14,2,2,32580,61.6796,2
WAIT,14,3,3,32581,61.6861,2
WAIT,14,4,4,32582,61.6946,2
WAIT,14,5,5,32583,61.7017,2
WAIT,14,6,6,32584,61.7083,2
WAIT,14,7,7,32585,61.7138,2
FILHO,15,2,32590,45.0880,2
FILHO,15,1,32589,45.9596,2
FILHO,15,3,32591,46.8294,2
WAIT,15,0,1,32589,47.1096,2
WAIT,15,1,2,32590,47.1611,2
WAIT,15,2,3,32591,47.1859,2
FILHO,15,4,32592,59.9919,2
WAIT,15,3,4,32592,60.2419,2
FILHO,15,5,32593,60.6411,2
WAIT,15,4,5,32593,60.8762,2
FILHO,15,6,32594,62.1110,2
WAIT,15,5,6,32594,62.3640,2
FILHO,15,0,32588,62.6437,2
WAIT,15,6,0,32588,62.8473,2
FILHO,15,7,32595,62.8887,2
WAIT,15,7,7,32595,63.0446,2
FILHO,16,3,32619,44.6690,2
FILHO,16,1,32617,45.4848,2
FILHO,16,2,32618,45.9551,2
WAIT,16,0,1,32617,46.2762,2
WAIT,16,1,2,32618,46.3026,2
WAIT,16,2,3,32619,46.3093,2
FILHO,16,4,32620,58.6770,2
FILHO,16,5,32621,59.0626,2
WAIT,16,3,5,32621,59.2879,2
WAIT,16,4,4,32620,59.4327,2
FILHO,16,0,32616,60.0440,2
WAIT,16,5,0,32616,60.2293,2
FILHO,16,6,32622,59.7157,2
WAIT,16,6,6,32622,60.4010,2
FILHO,16,7,32623,61.8854,2
WAIT,16,7,7,32623,62.0409,2
FILHO,17,1,32627,41.6849,2
FILHO,17,0,32626,45.5354,2
FILHO,17,2,32628,46.3550,2
WAIT,17,0,0,32626,46.5500,2
WAIT,17,1,1,32627,46.5791,2
WAIT,17,2,2,32628,46.5847,2
FILHO,17,5,32631,57.6963,2
FILHO,17,4,32630,58.6306,2
WAIT,17,3,4,32630,58.8515,2
WAIT,17,4,5,32631,58.9773,2
FILHO,17,6,32632,59.6012,2
FILHO,17,3,32629,60.3861,2
WAIT,17,5,3,32629,60.8228,2
WAIT,17,6,6,32632,60.8346,2
FILHO,17,7,32633,61.7364,2
WAIT,17,7,7,32633,61.9098,2
FILHO,18,2,32638,57.0016,2
FILHO,18,0,32636,59.8795,2
FILHO,18,5,32641,53.2237,2
FILHO,18,1,32637,60.4306,2
WAIT,18,0,0,32636,60.6185,2
WAIT,18,1,1,32637,60.6457,2
FILHO,18,4,32640,60.6141,2
WAIT,18,2,2,32638,60.6519,2
WAIT,18,3,5,32641,60.6586,2
WAIT,18,4,4,32640,60.7820,2
FILHO,18,6,32642,60.8937,2
WAIT,18,5,6,32642,61.0626,2
FILHO,18,7,32643,61.1562,2
WAIT,18,6,7,32643,61.3334,2
FILHO,18,3,32639,61.4634,2
WAIT,18,7,3,32639,61.5970,2
FILHO,19,1,32647,45.9131,2
FILHO,19,2,32648,46.1580,2
FILHO,19,3,32649,45.0067,2
WAIT,19,0,1,32647,46.5372,2
WAIT,19,1,2,32648,46.5785,2
WAIT,19,2,3,32649,46.5983,2
FILHO,19,5,32651,58.7195,2
WAIT,19,3,5,32651,59.0114,2
FILHO,19,4,32650,59.1831,2
WAIT,19,4,4,32650,59.3842,2
FILHO,19,0,32646,60.0178,2
FILHO,19,7,32653,60.7791,2
WAIT,19,5,0,32646,60.9869,2
WAIT,19,6,7,32653,61.0130,2
FILHO,19,6,32652,62.1315,2
WAIT,19,7,6,32652,62.3359,2
FILHO,20,7,32663,34.1413,2
FILHO,20,0,32656,34.5908,2
WAIT,20,0,0,32656,34.8707,2
WAIT,20,1,7,32663,34.9057,2
FILHO,20,4,32660,60.4670,2
FILHO,20,2,32658,61.8876,2
WAIT,20,2,2,32658,62.1092,2
FILHO,20,1,32657,58.5493,2
WAIT,20,3,1,32657,62.2628,2
FILHO,20,3,32659,62.2776,2
WAIT,20,4,3,32659,62.4528,2
FILHO,20,5,32661,57.5557,2
WAIT,20,5,5,32661,62.7063,2
WAIT,20,6,4,32660,62.8163,2
FILHO,20,6,32662,63.3111,2
WAIT,20,7,6,32662,63.4593,2
FILHO,21,3,32669,45.1713,2
FILHO,21,4,32670,45.5264,2
FILHO,21,5,32671,46.1793,2
WAIT,21,0,3,32669,46.4344,2
WAIT,21,1,4,32670,46.4654,2
WAIT,21,2,5,32671,46.4714,2
FILHO,21,1,32667,59.2004,2
WAIT,21,3,1,32667,59.4682,2
FILHO,21,2,32668,59.9472,2
WAIT,21,4,2,32668,60.1338,2
FILHO,21,0,32666,60.4821,2
WAIT,21,5,0,32666,60.6703,2
FILHO,21,6,32672,60.7052,2
WAIT,21,6,6,32672,60.8923,2
FILHO,21,7,32673,62.6714,2
WAIT,21,7,7,32673,62.8325,2
FILHO,22,4,32680,44.5828,2
FILHO,22,3,32679,45.1835,2
FILHO,22,5,32681,45.5585,2
WAIT,22,0,3,32679,45.8791,2
WAIT,22,1,4,32680,45.9087,2
WAIT,22,2,5,32681,45.9157,2
FILHO,22,2,32678,58.5924,2
FILHO,22,0,32676,59.0975,2
WAIT,22,3,0,32676,59.3125,2
WAIT,22,4,2,32678,59.4262,2
FILHO,22,1,32677,59.4887,2
FILHO,22,6,32682,59.8235,2
WAIT,22,5,1,32677,60.0257,2
WAIT,22,6,6,32682,60.0371,2
FILHO,22,7,32683,61.7591,2
WAIT,22,7,7,32683,61.9260,2
FILHO,23,1,32687,36.5866,2
FILHO,23,2,32688,33.6127,2
WAIT,23,0,1,32687,42.6861,2
WAIT,23,1,2,32688,42.7203,2
FILHO,23,0,32686,43.4125,2
WAIT,23,2,0,32686,43.6011,2
FILHO,23,7,32693,58.6488,2
WAIT,23,3,7,32693,58.9240,2
FILHO,23,3,32689,59.0023,2
WAIT,23,4,3,32689,59.1901,2
FILHO,23,5,32691,59.5811,2
WAIT,23,5,5,32691,59.8176,2
FILHO,23,4,32690,56.6340,2
WAIT,23,6,4,32690,60.0065,2
FILHO,23,6,32692,61.3967,2
WAIT,23,7,6,32692,61.5536,2
FILHO,24,3,32699,53.3309,2
FILHO,24,2,32698,57.2827,2
FILHO,24,5,32701,59.2252,2
FILHO,24,0,32696,60.1981,2
FILHO,24,7,32703,60.2745,2
FILHO,24,4,32700,60.7480,2
FILHO,24,1,32697,60.7715,2
WAIT,24,0,0,32696,60.9353,2
WAIT,24,1,1,32697,60.9674,2
WAIT,24,2,3,32699,60.9742,2
WAIT,24,3,4,32700,60.9819,2
WAIT,24,4,5,32701,60.9866,2
WAIT,24,5,7,32703,60.9925,2
FILHO,24,6,32702,61.1197,2
WAIT,24,6,6,32702,61.2560,2
WAIT,24,7,2,32698,61.3022,2
FILHO,25,3,32709,45.2797,2
FILHO,25,1,32707,45.5997,2
FILHO,25,2,32708,45.8642,2
WAIT,25,0,1,32707,46.0479,2
WAIT,25,1,2,32708,46.0770,2
WAIT,25,2,3,32709,46.0843,2
FILHO,25,5,32711,57.3930,2
FILHO,25,4,32710,58.4167,2
WAIT,25,3,4,32710,58.6429,2
WAIT,25,4,5,32711,58.7190,2
FILHO,25,6,32712,59.2182,2
WAIT,25,5,6,32712,59.3804,2
FILHO,25,0,32706,59.6536,2
WAIT,25,6,0,32706,59.8402,2
FILHO,25,7,32713,61.5573,2
WAIT,25,7,7,32713,61.7210,2
FILHO,26,1,32718,45.7068,2
FILHO,26,2,32719,46.0936,2
FILHO,26,3,32720,46.5668,2
WAIT,26,0,1,32718,46.7546,2
WAIT,26,1,2,32719,46.7829,2
WAIT,26,2,3,32720,46.7884,2
FILHO,26,5,32722,59.7893,2
FILHO,26,6,32723,60.5715,2
WAIT,26,3,5,32722,60.7538,2
WAIT,26,4,6,32723,60.7679,2
FILHO,26,0,32717,61.7985,2
WAIT,26,5,0,32717,61.9890,2
FILHO,26,4,32721,62.1990,2
FILHO,26,7,32724,62.3366,2
WAIT,26,6,4,32721,62.4140,2
WAIT,26,7,7,32724,62.5087,2
FILHO,27,3,32730,45.4203,2
FILHO,27,1,32728,45.8961,2
FILHO,27,2,32729,46.3901,2
WAIT,27,0,1,32728,46.6030,2
WAIT,27,1,2,32729,46.6350,2
WAIT,27,2,3,32730,46.6408,2
FILHO,27,6,32733,58.4733,2
FILHO,27,5,32732,59.5340,2
WAIT,27,3,5,32732,59.7805,2
WAIT,27,4,6,32733,59.9167,2
FILHO,27,0,32727,56.5466,2
WAIT,27,5,0,32727,60.1305,2
FILHO,27,4,32731,60.3739,2
WAIT,27,6,4,32731,60.5824,2
FILHO,27,7,32734,61.9878,2
WAIT,27,7,7,32734,62.1475,2
FILHO,28,1,32738,45.8117,2
FILHO,28,2,32739,46.3253,2
FILHO,28,3,32740,46.8558,2
WAIT,28,0,1,32738,47.0469,2
WAIT,28,1,2,32739,47.0724,2
WAIT,28,2,3,32740,47.0780,2
FILHO,28,4,32741,59.9703,2
FILHO,28,5,32742,60.4171,2
WAIT,28,3,4,32741,60.6036,2
WAIT,28,4,5,32742,60.6129,2
FILHO,28,0,32737,62.0511,2
WAIT,28,5,0,32737,62.2365,2
FILHO,28,6,32743,62.3406,2
WAIT,28,6,6,32743,62.5021,2
FILHO,28,7,32744,62.5618,2
WAIT,28,7,7,32744,62.6999,2
FILHO,29,3,32750,54.2490,2
FILHO,29,5,32752,56.0996,2
FILHO,29,0,32747,60.1020,2
WAIT,29,0,0,32747,60.3607,2
WAIT,29,1,5,32752,60.3936,2
FILHO,29,4,32751,60.4910,2
WAIT,29,2,4,32751,60.6843,2
FILHO,29,1,32748,60.6693,2
WAIT,29,3,1,32748,60.8440,2
FILHO,29,6,32753,60.8116,2
WAIT,29,4,3,32750,60.9905,2
WAIT,29,5,6,32753,61.0348,2
FILHO,29,2,32749,61.0864,2
FILHO,29,7,32754,61.1872,2
WAIT,29,6,2,32749,61.2863,2
WAIT,29,7,7,32754,61.3775,2
FILHO,30,2,32759,44.1814,2
FILHO,30,1,32758,45.4692,2
FILHO,30,3,32760,46.3850,2
WAIT,30,0,1,32758,46.6433,2
WAIT,30,1,2,32759,46.6681,2
WAIT,30,2,3,32760,46.6737,2
FILHO,30,6,32763,59.2069,2
FILHO,30,4,32761,59.2589,2
FILHO,30,5,32762,59.5991,2
WAIT,30,3,5,32762,59.8055,2
WAIT,30,4,6,32763,59.8978,2
FILHO,30,0,32757,60.6567,2
WAIT,30,5,0,32757,60.8331,2
WAIT,30,6,4,32761,60.9576,2
FILHO,30,7,32764,61.7631,2
WAIT,30,7,7,32764,61.9207,2
FILHO,31,4,32771,53.5265,2
FILHO,31,3,32770,53.6405,2
FILHO,31,2,32769,56.5364,2
FILHO,31,5,32772,56.6021,2
FILHO,31,0,32767,60.0210,2
FILHO,31,6,32773,59.6882,2
FILHO,31,1,32768,60.5768,2
FILHO,31,7,32774,59.6921,2
WAIT,31,0,0,32767,60.8193,2
WAIT,31,1,1,32768,60.8532,2
WAIT,31,2,2,32769,60.8680,2
WAIT,31,3,3,32770,60.8851,2
WAIT,31,4,4,32771,60.9020,2
WAIT,31,5,5,32772,60.9176,2
WAIT,31,6,6,32773,60.9340,2
WAIT,31,7,7,32774,60.9499,2
FILHO,32,4,32796,44.2474,2
FILHO,32,0,32792,45.3625,2
FILHO,32,5,32797,45.7834,2
WAIT,32,0,0,32792,46.0810,2
WAIT,32,1,4,32796,46.1129,2
WAIT,32,2,5,32797,46.1191,2
FILHO,32,2,32794,55.3148,2
WAIT,32,3,2,32794,58.5522,2
FILHO,32,6,32798,58.9597,2
WAIT,32,4,6,32798,59.1498,2
FILHO,32,1,32793,60.5866,2
FILHO,32,3,32795,60.3532,2
WAIT,32,5,1,32793,61.4142,2
WAIT,32,6,3,32795,61.4270,2
FILHO,32,7,32799,62.0164,2
WAIT,32,7,7,32799,62.1750,2
FILHO,33,6,32808,59.4079,2
FILHO,33,7,32809,60.4263,2
FILHO,33,3,32805,60.5455,2
FILHO,33,0,32802,60.5738,2
FILHO,33,5,32807,53.5077,2
FILHO,33,1,32803,61.0599,2
FILHO,33,4,32806,61.2353,2
FILHO,33,2,32804,61.4615,2
WAIT,33,0,0,32802,61.7483,2
WAIT,33,1,1,32803,61.7741,2
WAIT,33,2,2,32804,61.7784,2
WAIT,33,3,3,32805,61.7825,2
WAIT,33,4,4,32806,61.7868,2
WAIT,33,5,5,32807,61.7916,2
WAIT,33,6,6,32808,61.7955,2
WAIT,33,7,7,32809,61.7992,2
FILHO,34,5,32817,44.6398,2
FILHO,34,3,32815,45.2819,2
FILHO,34,4,32816,45.5618,2
WAIT,34,0,3,32815,45.9061,2
WAIT,34,1,4,32816,45.9328,2
WAIT,34,2,5,32817,45.9385,2
FILHO,34,1,32813,57.2931,2
FILHO,34,0,32812,58.6646,2
WAIT,34,3,1,32813,58.7347,2
FILHO,34,2,32814,58.7910,2
WAIT,34,4,2,32814,58.9704,2
WAIT,34,5,0,32812,59.1149,2
FILHO,34,6,32818,60.3619,2
WAIT,34,6,6,32818,60.5530,2
FILHO,34,7,32819,61.7242,2
WAIT,34,7,7,32819,61.8693,2
FILHO,35,1,32823,44.4822,2
FILHO,35,0,32822,46.1436,2
FILHO,35,2,32824,46.8167,2
WAIT,35,0,0,32822,47.0165,2
WAIT,35,1,1,32823,47.0414,2
WAIT,35,2,2,32824,47.0482,2
FILHO,35,6,32828,59.6434,2
FILHO,35,5,32827,60.1115,2
WAIT,35,3,5,32827,60.3372,2
WAIT,35,4,6,32828,60.4670,2
FILHO,35,3,32825,60.8889,2
WAIT,35,5,3,32825,61.0745,2
FILHO,35,7,32829,62.2245,2
WAIT,35,6,7,32829,62.4220,2
FILHO,35,4,32826,62.4501,2
WAIT,35,7,4,32826,62.5906,2
FILHO,36,1,32833,46.0575,2
FILHO,36,2,32834,46.4911,2
FILHO,36,3,32835,45.5366,2
WAIT,36,0,1,32833,46.8644,2
WAIT,36,1,2,32834,46.8898,2
WAIT,36,2,3,32835,46.8967,2
FILHO,36,5,32837,60.3739,2
FILHO,36,6,32838,60.8308,2
WAIT,36,3,5,32837,61.0171,2
WAIT,36,4,6,32838,61.0298,2
FILHO,36,0,32832,61.1034,2
WAIT,36,5,0,32832,61.2848,2
FILHO,36,4,32836,61.5412,2
WAIT,36,6,4,32836,61.7552,2
FILHO,36,7,32839,62.1973,2
WAIT,36,7,7,32839,62.3890,2
FILHO,37,2,32844,55.0033,2
FILHO,37,0,32842,59.2971,2
FILHO,37,3,32845,59.9543,2
FILHO,37,4,32846,60.2107,2
FILHO,37,5,32847,59.0462,2
WAIT,37,0,0,32842,60.5227,2
WAIT,37,1,3,32845,60.5507,2
WAIT,37,2,4,32846,60.5562,2
WAIT,37,3,5,32847,60.5626,2
FILHO,37,7,32849,60.9423,2
FILHO,37,1,32843,61.2087,2
FILHO,37,6,32848,61.2232,2
WAIT,37,4,1,32843,61.3830,2
WAIT,37,5,6,32848,61.3973,2
WAIT,37,6,7,32849,61.4033,2
WAIT,37,7,2,32844,61.5186,2
FILHO,38,4,32856,15.7062,2
WAIT,38,0,4,32856,15.9541,2
FILHO,38,0,32852,56.3399,2
FILHO,38,7,32859,52.9628,2
WAIT,38,1,0,32852,56.7977,2
WAIT,38,2,7,32859,56.8079,2
FILHO,38,1,32853,57.1046,2
WAIT,38,3,1,32853,57.2854,2
FILHO,38,3,32855,59.8133,2
FILHO,38,2,32854,59.9913,2
FILHO,38,6,32858,61.6891,2
WAIT,38,4,2,32854,61.8352,2
WAIT,38,5,3,32855,61.8472,2
WAIT,38,6,6,32858,61.8527,2
FILHO,38,5,32857,62.3931,2
WAIT,38,7,5,32857,62.5435,2
FILHO,39,3,32865,48.3504,2
FILHO,39,4,32866,49.4614,2
FILHO,39,5,32867,49.7867,2
FILHO,39,0,32862,53.1875,2
WAIT,39,0,0,32862,57.2817,2
WAIT,39,1,3,32865,57.3157,2
WAIT,39,2,4,32866,57.3233,2
WAIT,39,3,5,32867,57.3299,2
FILHO,39,2,32864,60.7081,2
FILHO,39,1,32863,61.1828,2
FILHO,39,6,32868,62.2110,2
WAIT,39,4,1,32863,62.4014,2
WAIT,39,5,2,32864,62.4141,2
WAIT,39,6,6,32868,62.4202,2
FILHO,39,7,32869,62.5146,2
WAIT,39,7,7,32869,62.6529,2
FILHO,40,1,32873,45.6063,2
FILHO,40,2,32874,45.8202,2
FILHO,40,3,32875,46.2318,2
WAIT,40,0,1,32873,46.4184,2
WAIT,40,1,2,32874,46.4482,2
WAIT,40,2,3,32875,46.4541,2
FILHO,40,0,32872,56.6922,2
WAIT,40,3,0,32872,59.0820,2
FILHO,40,4,32876,59.1246,2
WAIT,40,4,4,32876,59.3151,2
FILHO,40,5,32877,59.0498,2
WAIT,40,5,5,32877,59.4994,2
FILHO,40,6,32878,60.4133,2
WAIT,40,6,6,32878,60.5911,2
FILHO,40,7,32879,61.6767,2
WAIT,40,7,7,32879,61.8303,2
FILHO,41,1,32884,42.4610,2
FILHO,41,2,32885,45.9129,2
FILHO,41,3,32886,46.2874,2
WAIT,41,0,1,32884,46.4873,2
WAIT,41,1,2,32885,46.5281,2
WAIT,41,2,3,32886,46.5472,2
FILHO,41,4,32887,58.7429,2
WAIT,41,3,4,32887,58.9921,2
FILHO,41,6,32889,59.5759,2
FILHO,41,5,32888,59.7772,2
WAIT,41,4,5,32888,59.9825,2
FILHO,41,0,32883,60.6909,2
WAIT,41,5,0,32883,60.9132,2
WAIT,41,6,6,32889,61.1109,2
FILHO,41,7,32890,62.2496,2
WAIT,41,7,7,32890,62.4976,2
FILHO,42,1,32900,45.8123,2
FILHO,42,2,32901,46.1618,2
FILHO,42,3,32902,46.9680,2
WAIT,42,0,1,32900,47.1658,2
WAIT,42,1,2,32901,47.1950,2
WAIT,42,2,3,32902,47.2008,2
FILHO,42,4,32903,59.6049,2
WAIT,42,3,4,32903,59.8250,2
FILHO,42,6,32905,60.0968,2
WAIT,42,4,6,32905,60.2770,2
FILHO,42,0,32899,61.1798,2
WAIT,42,5,0,32899,61.3838,2
FILHO,42,5,32904,61.7734,2
WAIT,42,6,5,32904,61.9517,2
FILHO,42,7,32906,62.6951,2
WAIT,42,7,7,32906,62.8547,2
FILHO,43,5,32914,53.5469,2
FILHO,43,2,32911,53.6814,2
FILHO,43,3,32912,56.6917,2
FILHO,43,4,32913,56.7591,2
WAIT,43,0,5,32914,59.8618,2
FILHO,43,0,32909,59.9634,2
WAIT,43,1,0,32909,60.1647,2
WAIT,43,2,4,32913,60.2895,2
FILHO,43,1,32910,60.5213,2
WAIT,43,3,1,32910,60.6992,2
WAIT,43,4,2,32911,60.7683,2
WAIT,43,5,3,32912,60.8182,2
FILHO,43,6,32915,61.1345,2
WAIT,43,6,6,32915,61.3182,2
FILHO,43,7,32916,61.5138,2
WAIT,43,7,7,32916,61.6642,2
FILHO,44,1,32920,39.5184,2
FILHO,44,3,32922,45.8700,2
FILHO,44,2,32921,46.2069,2
WAIT,44,0,1,32920,46.3907,2
WAIT,44,1,2,32921,46.4182,2
WAIT,44,2,3,32922,46.4237,2
FILHO,44,5,32924,55.4643,2
WAIT,44,3,5,32924,58.7233,2
FILHO,44,4,32923,58.7766,2
WAIT,44,4,4,32923,58.9499,2
FILHO,44,0,32919,59.2983,2
FILHO,44,6,32925,59.8439,2
WAIT,44,5,0,32919,60.0273,2
WAIT,44,6,6,32925,60.0376,2
FILHO,44,7,32926,61.4315,2
WAIT,44,7,7,32926,61.6072,2
FILHO,45,1,32930,45.5934,2
FILHO,45,2,32931,42.3392,2
FILHO,45,3,32932,46.0406,2
WAIT,45,0,1,32930,46.2263,2
WAIT,45,1,2,32931,46.2566,2
WAIT,45,2,3,32932,46.2622,2
FILHO,45,5,32934,58.2529,2
FILHO,45,4,32933,58.5056,2
WAIT,45,3,4,32933,58.7192,2
WAIT,45,4,5,32934,58.8332,2
FILHO,45,6,32935,59.1163,2
WAIT,45,5,6,32935,59.2742,2
FILHO,45,0,32929,59.9855,2
WAIT,45,6,0,32929,60.1701,2
FILHO,45,7,32936,61.9669,2
WAIT,45,7,7,32936,62.1655,2
FILHO,46,1,32940,39.4676,2
FILHO,46,2,32941,42.4217,2
FILHO,46,3,32942,45.9126,2
WAIT,46,0,1,32940,46.1034,2
WAIT,46,1,2,32941,46.1312,2
WAIT,46,2,3,32942,46.1369,2
FILHO,46,4,32943,55.4560,2
WAIT,46,3,4,32943,58.6983,2
FILHO,46,5,32944,59.0040,2
WAIT,46,4,5,32944,59.1859,2
FILHO,46,0,32939,59.2799,2
FILHO,46,6,32945,59.6982,2
WAIT,46,5,0,32939,59.8988,2
WAIT,46,6,6,32945,59.9070,2
FILHO,46,7,32946,61.4292,2
WAIT,46,7,7,32946,61.6655,2
FILHO,47,3,32952,53.4185,2
FILHO,47,0,32949,54.4434,2
FILHO,47,6,32955,59.4003,2
FILHO,47,2,32951,60.2396,2
WAIT,47,0,2,32951,60.4605,2
FILHO,47,1,32950,51.4839,2
FILHO,47,4,32953,60.7287,2
WAIT,47,1,0,32949,60.8961,2
WAIT,47,2,1,32950,60.9073,2
WAIT,47,3,3,32952,60.9129,2
WAIT,47,4,4,32953,60.9189,2
FILHO,47,5,32954,60.9069,2
WAIT,47,5,6,32955,61.0145,2
WAIT,47,6,5,32954,61.0676,2
FILHO,47,7,32956,61.0737,2
WAIT,47,7,7,32956,61.2185,2
FILHO,48,2,32961,45.5107,2
FILHO,48,3,32962,39.6274,2
FILHO,48,1,32960,46.0064,2
WAIT,48,0,1,32960,46.2500,2
WAIT,48,1,2,32961,46.2797,2
WAIT,48,2,3,32962,46.2853,2
FILHO,48,5,32964,58.5699,2
FILHO,48,4,32963,55.6767,2
WAIT,48,3,4,32963,58.9097,2
WAIT,48,4,5,32964,59.0205,2
FILHO,48,0,32959,59.3940,2
FILHO,48,6,32965,60.1506,2
WAIT,48,5,0,32959,60.3539,2
WAIT,48,6,6,32965,60.3642,2
FILHO,48,7,32966,61.6066,2
WAIT,48,7,7,32966,61.8090,2
FILHO,49,1,32970,33.6009,2
FILHO,49,0,32969,40.0186,2
WAIT,49,0,0,32969,42.7247,2
WAIT,49,1,1,32970,42.7589,2
FILHO,49,2,32971,43.6004,2
WAIT,49,2,2,32971,43.8190,2
FILHO,49,4,32973,58.6083,2
FILHO,49,7,32976,58.7875,2
WAIT,49,3,7,32976,59.0352,2
FILHO,49,3,32972,59.4126,2
WAIT,49,4,3,32972,59.6074,2
FILHO,49,6,32975,60.6103,2
WAIT,49,5,6,32975,60.8303,2
WAIT,49,6,4,32973,61.0073,2
FILHO,49,5,32974,61.3762,2
WAIT,49,7,5,32974,61.5454,2
FILHO,50,2,32981,45.3189,2
FILHO,50,1,32980,45.5345,2
FILHO,50,3,32982,45.8495,2
WAIT,50,0,1,32980,46.1472,2
WAIT,50,1,2,32981,46.1777,2
WAIT,50,2,3,32982,46.1834,2
FILHO,50,4,32983,55.3591,2
WAIT,50,3,4,32983,58.6267,2
FILHO,50,5,32984,58.6637,2
WAIT,50,4,5,32984,58.8489,2
FILHO,50,6,32985,59.1384,2
WAIT,50,5,6,32985,59.3004,2
FILHO,50,0,32979,59.8451,2
WAIT,50,6,0,32979,60.0320,2
FILHO,50,7,32986,61.4048,2
WAIT,50,7,7,32986,61.5770,2
FILHO,51,1,32990,45.5510,2
FILHO,51,3,32992,46.0561,2
FILHO,51,2,32991,46.4312,2
WAIT,51,0,1,32990,46.6177,2
WAIT,51,1,2,32991,46.6425,2
WAIT,51,2,3,32992,46.6480,2
FILHO,51,5,32994,59.1367,2
FILHO,51,4,32993,59.3722,2
WAIT,51,3,4,32993,59.5929,2
FILHO,51,6,32995,59.9401,2
WAIT,51,4,6,32995,60.1226,2
FILHO,51,0,32989,61.0134,2
WAIT,51,5,0,32989,61.1988,2
WAIT,51,6,5,32994,61.3502,2
FILHO,51,7,32996,62.1031,2
WAIT,51,7,7,32996,62.2784,2
FILHO,52,6,33005,54.1449,2
FILHO,52,4,33003,56.0882,2
FILHO,52,2,33001,57.1333,2
FILHO,52,5,33004,59.1232,2
FILHO,52,0,32999,60.0306,2
FILHO,52,7,33006,60.1064,2
FILHO,52,3,33002,53.1704,2
FILHO,52,1,33000,60.6124,2
WAIT,52,0,0,32999,61.0089,2
WAIT,52,1,1,33000,61.0292,2
WAIT,52,2,2,33001,61.0336,2
WAIT,52,3,3,33002,61.0373,2
WAIT,52,4,4,33003,61.0418,2
WAIT,52,5,5,33004,61.0474,2
WAIT,52,6,6,33005,61.0511,2
WAIT,52,7,7,33006,61.0550,2
FILHO,53,1,33010,45.6598,2
FILHO,53,2,33011,42.2879,2
FILHO,53,3,33012,46.4921,2
WAIT,53,0,1,33010,46.6801,2
WAIT,53,1,2,33011,46.7072,2
WAIT,53,2,3,33012,46.7129,2
FILHO,53,5,33014,59.3741,2
WAIT,53,3,5,33014,59.5909,2
FILHO,53,6,33015,58.3001,2
WAIT,53,4,6,33015,59.7390,2
FILHO,53,7,33016,61.9910,2
WAIT,53,5,7,33016,62.1740,2
FILHO,53,0,33009,62.3973,2
WAIT,53,6,0,33009,62.6061,2
FILHO,53,4,33013,62.7058,2
WAIT,53,7,4,33013,62.8515,2
FILHO,54,1,33020,46.2288,2
FILHO,54,2,33021,46.6717,2
FILHO,54,3,33022,44.8066,2
WAIT,54,0,1,33020,47.0518,2
WAIT,54,1,2,33021,47.0795,2
WAIT,54,2,3,33022,47.0864,2
FILHO,54,0,33019,56.6077,2
WAIT,54,3,0,33019,59.8374,2
FILHO,54,5,33024,60.3728,2
WAIT,54,4,5,33024,60.5635,2
FILHO,54,6,33025,60.8982,2
WAIT,54,5,6,33025,61.0698,2
FILHO,54,4,33023,61.5236,2
WAIT,54,6,4,33023,61.7018,2
FILHO,54,7,33026,62.7798,2
WAIT,54,7,7,33026,62.9758,2
FILHO,55,1,33030,40.0792,2
FILHO,55,2,33031,40.4171,2
WAIT,55,0,1,33030,40.6115,2
WAIT,55,1,2,33031,40.6432,2
FILHO,55,0,33029,43.6693,2
WAIT,55,2,0,33029,43.8607,2
FILHO,55,6,33035,56.8732,2
FILHO,55,5,33034,57.2583,2
WAIT,55,3,5,33034,57.5870,2
WAIT,55,4,6,33035,57.6004,2
FILHO,55,3,33032,60.9943,2
WAIT,55,5,3,33032,61.2373,2
FILHO,55,4,33033,61.3702,2
WAIT,55,6,4,33033,61.5526,2
FILHO,55,7,33036,61.5469,2
WAIT,55,7,7,33036,61.7187,2
FILHO,56,3,33042,45.3790,2
FILHO,56,1,33040,45.5137,2
FILHO,56,2,33041,45.9464,2
WAIT,56,0,1,33040,46.2752,2
WAIT,56,1,2,33041,46.3074,2
WAIT,56,2,3,33042,46.3128,2
FILHO,56,4,33043,55.3413,2
WAIT,56,3,4,33043,58.6086,2
FILHO,56,5,33044,59.0346,2
WAIT,56,4,5,33044,59.2162,2
FILHO,56,6,33045,59.3283,2
FILHO,56,0,33039,60.0154,2
WAIT,56,5,0,33039,60.2406,2
WAIT,56,6,6,33045,60.2518,2
FILHO,56,7,33046,61.6473,2
WAIT,56,7,7,33046,61.7917,2
FILHO,57,1,33051,45.8087,2
FILHO,57,3,33053,46.7202,2
FILHO,57,2,33052,46.9278,2
WAIT,57,0,1,33051,47.1339,2
WAIT,57,1,2,33052,47.1662,2
WAIT,57,2,3,33053,47.1733,2
FILHO,57,0,33050,56.5349,2
WAIT,57,3,0,33050,59.0906,2
FILHO,57,4,33054,59.6636,2
WAIT,57,4,4,33054,59.8569,2
FILHO,57,6,33056,61.3211,2
WAIT,57,5,6,33056,61.5295,2
FILHO,57,5,33055,62.2011,2
WAIT,57,6,5,33055,62.4061,2
FILHO,57,7,33057,63.0623,2
WAIT,57,7,7,33057,63.2930,2
FILHO,58,3,33063,32.7495,2
FILHO,58,4,33064,33.4101,2
WAIT,58,0,3,33063,33.6252,2
WAIT,58,1,4,33064,33.6551,2
FILHO,58,1,33061,60.8628,2
FILHO,58,5,33065,61.1713,2
FILHO,58,6,33066,61.4008,2
WAIT,58,2,1,33061,61.7379,2
WAIT,58,3,5,33065,61.7521,2
WAIT,58,4,6,33066,61.7583,2
FILHO,58,7,33067,62.8499,2
WAIT,58,5,7,33067,63.0335,2
FILHO,58,2,33062,63.8680,2
WAIT,58,6,2,33062,64.0597,2
FILHO,58,0,33060,64.0737,2
WAIT,58,7,0,33060,64.2270,2
FILHO,59,0,33070,46.6331,2
FILHO,59,1,33071,46.9782,2
FILHO,59,2,33072,47.6033,2
WAIT,59,0,1,33071,47.7941,2
WAIT,59,1,2,33072,47.8238,2
WAIT,59,2,0,33070,47.8628,2
FILHO,59,3,33073,57.1003,2
FILHO,59,5,33075,60.1723,2
WAIT,59,3,5,33075,60.4260,2
FILHO,59,6,33076,60.9322,2
WAIT,59,4,6,33076,61.1152,2
WAIT,59,5,3,33073,61.5165,2
FILHO,59,7,33077,62.0475,2
WAIT,59,6,7,33077,62.2084,2
FILHO,59,4,33074,62.8188,2
WAIT,59,7,4,33074,62.9657,2
FILHO,60,4,33084,48.1102,2
FILHO,60,3,33083,54.3201,2
FILHO,60,5,33085,54.7079,2
FILHO,60,7,33087,56.1974,2
FILHO,60,2,33082,58.9904,2
WAIT,60,0,2,33082,59.2255,2
WAIT,60,1,3,33083,59.2785,2
WAIT,60,2,4,33084,59.2842,2
WAIT,60,3,5,33085,59.2954,2
WAIT,60,4,7,33087,59.3065,2
FILHO,60,1,33081,59.8859,2
WAIT,60,5,1,33081,60.0696,2
FILHO,60,6,33086,61.3327,2
WAIT,60,6,6,33086,61.5292,2
FILHO,60,0,33080,62.0084,2
WAIT,60,7,0,33080,62.1864,2
FILHO,61,1,33091,53.7983,2
FILHO,61,4,33094,53.7843,2
FILHO,61,2,33092,60.7830,2
FILHO,61,5,33095,56.9223,2
FILHO,61,0,33090,61.1335,2
FILHO,61,3,33093,56.9392,2
FILHO,61,6,33096,61.4697,2
FILHO,61,7,33097,61.7091,2
WAIT,61,0,0,33090,61.8527,2
WAIT,61,1,1,33091,61.8712,2
WAIT,61,2,2,33092,61.8764,2
WAIT,61,3,3,33093,61.8801,2
WAIT,61,4,4,33094,61.8838,2
WAIT,61,5,5,33095,61.8877,2
WAIT,61,6,6,33096,61.8941,2
WAIT,61,7,7,33097,61.8978,2
FILHO,62,2,33102,45.3062,2
FILHO,62,3,33103,45.6983,2
FILHO,62,1,33101,46.2810,2
WAIT,62,0,1,33101,46.5580,2
WAIT,62,1,2,33102,46.5959,2
WAIT,62,2,3,33103,46.6085,2
FILHO,62,4,33104,59.7334,2
WAIT,62,3,4,33104,60.0039,2
FILHO,62,6,33106,58.4797,2
WAIT,62,4,6,33106,60.2052,2
FILHO,62,7,33107,61.2549,2
FILHO,62,5,33105,61.6956,2
FILHO,62,0,33100,61.9414,2
WAIT,62,5,0,33100,62.0920,2
WAIT,62,6,5,33105,62.1106,2
WAIT,62,7,7,33107,62.1242,2
FILHO,63,2,33112,44.6503,2
FILHO,63,1,33111,45.7720,2
FILHO,63,3,33113,46.2958,2
WAIT,63,0,1,33111,46.5972,2
WAIT,63,1,2,33112,46.6219,2
WAIT,63,2,3,33113,46.6274,2
FILHO,63,4,33114,58.8107,2
WAIT,63,3,4,33114,59.0314,2
FILHO,63,5,33115,59.1886,2
WAIT,63,4,5,33115,59.3622,2
FILHO,63,0,33110,59.8611,2
FILHO,63,6,33116,60.4922,2
WAIT,63,5,0,33110,60.6838,2
WAIT,63,6,6,33116,60.6934,2
FILHO,63,7,33117,61.9757,2
WAIT,63,7,7,33117,62.1236,2
FILHO,64,1,33121,45.5455,2
FILHO,64,2,33122,46.3307,2
FILHO,64,3,33123,46.7177,2
WAIT,64,0,1,33121,46.9109,2
WAIT,64,1,2,33122,46.9411,2
WAIT,64,2,3,33123,46.9466,2
FILHO,64,0,33120,56.8942,2
FILHO,64,4,33124,59.4246,2
WAIT,64,3,4,33124,59.6372,2
FILHO,64,5,33125,58.9783,2
WAIT,64,4,5,33125,59.7840,2
FILHO,64,6,33126,60.6950,2
WAIT,64,5,0,33120,61.0606,2
WAIT,64,6,6,33126,61.0727,2
FILHO,64,7,33127,62.0188,2
WAIT,64,7,7,33127,62.1797,2
FILHO,65,0,33130,57.0093,2
FILHO,65,4,33134,50.8278,2
FILHO,65,5,33135,57.6719,2
FILHO,65,1,33131,58.6189,2
FILHO,65,6,33136,59.7090,2
WAIT,65,0,0,33130,59.9241,2
WAIT,65,1,1,33131,59.9496,2
WAIT,65,2,4,33134,59.9567,2
WAIT,65,3,5,33135,59.9621,2
WAIT,65,4,6,33136,59.9674,2
FILHO,65,2,33132,59.9993,2
WAIT,65,5,2,33132,60.1703,2
FILHO,65,3,33133,60.5882,2
WAIT,65,6,3,33133,60.7581,2
FILHO,65,7,33137,61.4691,2
WAIT,65,7,7,33137,61.6192,2
FILHO,66,4,33144,53.5709,2
FILHO,66,3,33143,54.5172,2
FILHO,66,6,33146,59.4335,2
FILHO,66,0,33140,60.1191,2
FILHO,66,7,33147,60.4792,2
FILHO,66,5,33145,60.5826,2
FILHO,66,2,33142,60.7031,2
FILHO,66,1,33141,60.9618,2
WAIT,66,0,0,33140,61.1030,2
WAIT,66,1,1,33141,61.1234,2
WAIT,66,2,2,33142,61.1276,2
WAIT,66,3,3,33143,61.1323,2
WAIT,66,4,4,33144,61.1362,2
WAIT,66,5,5,33145,61.1400,2
WAIT,66,6,6,33146,61.1443,2
WAIT,66,7,7,33147,61.1483,2
FILHO,67,3,33153,44.8413,2
FILHO,67,1,33151,45.6120,2
FILHO,67,2,33152,46.4906,2
WAIT,67,0,1,33151,46.6769,2
WAIT,67,1,2,33152,46.7019,2
WAIT,67,2,3,33153,46.7074,2
FILHO,67,4,33154,59.7433,2
WAIT,67,3,4,33154,60.0419,2
FILHO,67,5,33155,60.6905,2
WAIT,67,4,5,33155,60.8808,2
FILHO,67,6,33156,61.8038,2
WAIT,67,5,6,33156,62.4922,2
FILHO,67,0,33150,62.6516,2
FILHO,67,7,33157,62.7302,2
WAIT,67,6,0,33150,62.8634,2
WAIT,67,7,7,33157,62.9154,2
FILHO,68,1,33166,16.6694,2
WAIT,68,0,1,33166,16.9121,2
FILHO,68,4,33169,52.9828,2
FILHO,68,0,33165,53.9574,2
WAIT,68,1,0,33165,54.1510,2
WAIT,68,2,4,33169,54.1622,2
FILHO,68,2,33167,54.8041,2
WAIT,68,3,2,33167,54.9830,2
FILHO,68,7,33172,61.3469,2
FILHO,68,6,33171,62.0131,2
FILHO,68,3,33168,62.2741,2
WAIT,68,4,3,33168,62.4887,2
WAIT,68,5,6,33171,62.4982,2
WAIT,68,6,7,33172,62.5730,2
FILHO,68,5,33170,62.7330,2
WAIT,68,7,5,33170,62.8678,2
FILHO,69,3,33178,45.5382,2
FILHO,69,5,33180,46.1221,2
FILHO,69,4,33179,46.8951,2
WAIT,69,0,3,33178,47.0811,2
WAIT,69,1,4,33179,47.1096,2
WAIT,69,2,5,33180,47.1153,2
FILHO,69,2,33177,60.0877,2
WAIT,69,3,2,33177,60.3517,2
FILHO,69,6,33181,60.3786,2
WAIT,69,4,6,33181,60.5574,2
FILHO,69,0,33175,61.0742,2
WAIT,69,5,0,33175,61.2647,2
FILHO,69,1,33176,61.9595,2
WAIT,69,6,1,33176,62.1452,2
FILHO,69,7,33182,62.7661,2
WAIT,69,7,7,33182,62.9605,2
FILHO,70,4,33189,44.9319,2
FILHO,70,3,33188,45.6531,2
FILHO,70,5,33190,46.4326,2
WAIT,70,0,3,33188,46.7187,2
WAIT,70,1,4,33189,46.7468,2
WAIT,70,2,5,33190,46.7529,2
FILHO,70,2,33187,59.1427,2
WAIT,70,3,2,33187,59.3885,2
FILHO,70,1,33186,59.0547,2
WAIT,70,4,1,33186,59.5764,2
FILHO,70,6,33191,60.0038,2
FILHO,70,0,33185,60.7308,2
WAIT,70,5,0,33185,60.9210,2
WAIT,70,6,6,33191,62.2193,2
FILHO,70,7,33192,62.5473,2
WAIT,70,7,7,33192,62.6987,2
FILHO,71,3,33198,42.4838,2
FILHO,71,2,33197,39.6341,2
FILHO,71,1,33196,46.0480,2
WAIT,71,0,1,33196,46.2368,2
WAIT,71,1,2,33197,46.2724,2
WAIT,71,2,3,33198,46.2885,2
FILHO,71,4,33199,55.5613,2
WAIT,71,3,4,33199,58.8323,2
FILHO,71,5,33200,58.6504,2
WAIT,71,4,5,33200,59.0318,2
FILHO,71,0,33195,60.6931,2
WAIT,71,5,0,33195,60.8947,2
FILHO,71,7,33202,60.9600,2
WAIT,71,6,7,33202,61.1698,2
FILHO,71,6,33201,61.5481,2
WAIT,71,7,6,33201,61.7202,2
FILHO,72,4,33210,42.1723,2
FILHO,72,3,33209,45.3271,2
FILHO,72,5,33211,45.9008,2
WAIT,72,0,3,33209,46.0781,2
WAIT,72,1,4,33210,46.1029,2
WAIT,72,2,5,33211,46.1097,2
FILHO,72,1,33207,58.0837,2
FILHO,72,2,33208,58.6543,2
WAIT,72,3,1,33207,58.8984,2
WAIT,72,4,2,33208,58.9097,2
FILHO,72,6,33212,60.0129,2
FILHO,72,0,33206,60.5267,2
WAIT,72,5,0,33206,60.7076,2
WAIT,72,6,6,33212,60.7187,2
FILHO,72,7,33213,61.6703,2
WAIT,72,7,7,33213,61.8123,2
FILHO,73,3,33220,57.1891,2
FILHO,73,1,33218,57.2964,2
FILHO,73,0,33217,60.6135,2
FILHO,73,4,33221,60.8883,2
FILHO,73,2,33219,61.1611,2
FILHO,73,5,33222,61.6434,2
FILHO,73,7,33224,61.9663,2
FILHO,73,6,33223,62.0272,2
WAIT,73,0,0,33217,62.2265,2
WAIT,73,1,1,33218,62.2711,2
WAIT,73,2,2,33219,62.2988,2
WAIT,73,3,3,33220,62.3248,2
WAIT,73,4,4,33221,62.3512,2
WAIT,73,5,5,33222,62.4000,2
WAIT,73,6,6,33223,62.4284,2
WAIT,73,7,7,33224,62.4540,2
FILHO,74,4,33236,31.0295,2
FILHO,74,3,33235,31.4421,2
WAIT,74,0,4,33236,31.7584,2
WAIT,74,1,3,33235,31.9686,2
FILHO,74,2,33234,57.5097,2
FILHO,74,5,33237,60.2007,2
FILHO,74,1,33233,60.4675,2
FILHO,74,6,33238,61.8775,2
FILHO,74,0,33232,62.1341,2
FILHO,74,7,33239,62.5398,2
WAIT,74,2,0,33232,62.7196,2
WAIT,74,3,1,33233,62.7354,2
WAIT,74,4,2,33234,62.7443,2
WAIT,74,5,5,33237,62.7535,2
WAIT,74,6,6,33238,62.7618,2
WAIT,74,7,7,33239,62.7721,2
FILHO,75,2,33244,45.1269,2
FILHO,75,1,33243,45.5370,2
FILHO,75,3,33245,42.3118,2
WAIT,75,0,1,33243,45.9857,2
WAIT,75,1,2,33244,46.0199,2
WAIT,75,2,3,33245,46.0254,2
FILHO,75,4,33246,58.3721,2
WAIT,75,3,4,33246,58.5967,2
FILHO,75,5,33247,58.6846,2
WAIT,75,4,5,33247,58.8634,2
FILHO,75,0,33242,59.4459,2
FILHO,75,6,33248,59.8453,2
WAIT,75,5,0,33242,60.3538,2
WAIT,75,6,6,33248,60.3661,2
FILHO,75,7,33249,61.3737,2
WAIT,75,7,7,33249,61.5252,2
FILHO,76,3,33255,29.3653,2
FILHO,76,2,33254,30.3145,2
WAIT,76,0,2,33254,30.5203,2
WAIT,76,1,3,33255,30.5512,2
FILHO,76,5,33257,56.4990,2
FILHO,76,4,33256,60.6285,2
FILHO,76,0,33252,60.8107,2
FILHO,76,1,33253,60.8958,2
FILHO,76,6,33258,61.4411,2
FILHO,76,7,33259,61.4975,2
WAIT,76,2,0,33252,61.6785,2
WAIT,76,3,1,33253,61.6920,2
WAIT,76,4,5,33257,61.7195,2
WAIT,76,5,6,33258,61.7260,2
WAIT,76,6,7,33259,61.7324,2
WAIT,76,7,4,33256,61.8543,2
FILHO,77,2,33264,57.2053,2
FILHO,77,0,33262,60.0154,2
FILHO,77,4,33266,56.2357,2
FILHO,77,5,33267,53.2675,2
FILHO,77,1,33263,60.5006,2
FILHO,77,6,33268,59.2579,2
FILHO,77,3,33265,54.2736,2
WAIT,77,0,0,33262,60.7546,2
WAIT,77,1,1,33263,60.7816,2
WAIT,77,2,4,33266,60.7875,2
WAIT,77,3,5,33267,60.7964,2
WAIT,77,4,6,33268,60.8023,2
WAIT,77,5,3,33265,60.8475,2
FILHO,77,7,33269,60.1926,2
WAIT,77,6,2,33264,60.9644,2
WAIT,77,7,7,33269,61.0321,2
FILHO,78,3,33275,45.2072,2
FILHO,78,1,33273,45.5818,2
FILHO,78,2,33274,46.3662,2
WAIT,78,0,1,33273,46.6745,2
WAIT,78,1,2,33274,46.7098,2
WAIT,78,2,3,33275,46.7230,2
FILHO,78,4,33276,59.4057,2
WAIT,78,3,4,33276,59.6378,2
FILHO,78,5,33277,59.8934,2
WAIT,78,4,5,33277,60.0769,2
FILHO,78,6,33278,60.2360,2
WAIT,78,5,6,33278,60.4503,2
FILHO,78,0,33272,60.5305,2
WAIT,78,6,0,33272,60.7097,2
FILHO,78,7,33279,62.5587,2
WAIT,78,7,7,33279,62.7313,2
FILHO,79,1,33283,45.6132,2
FILHO,79,2,33284,45.9377,2
FILHO,79,3,33285,46.6180,2
WAIT,79,0,1,33283,46.8250,2
WAIT,79,1,2,33284,46.8534,2
WAIT,79,2,3,33285,46.8588,2
FILHO,79,0,33282,56.4595,2
FILHO,79,4,33286,59.6992,2
FILHO,79,6,33288,59.7112,2
WAIT,79,3,0,33282,59.8087,2
WAIT,79,4,6,33288,59.9721,2
FILHO,79,5,33287,60.3022,2
WAIT,79,5,5,33287,60.4826,2
WAIT,79,6,4,33286,60.6244,2
FILHO,79,7,33289,62.3493,2
WAIT,79,7,7,33289,62.5175,2
FILHO,80,2,33294,39.4666,2
FILHO,80,1,33293,45.6043,2
FILHO,80,3,33295,46.3375,2
WAIT,80,0,1,33293,46.6636,2
WAIT,80,1,2,33294,46.7307,2
WAIT,80,2,3,33295,46.7374,2
FILHO,80,0,33292,56.4467,2
WAIT,80,3,0,33292,59.6918,2
FILHO,80,5,33297,59.9207,2
WAIT,80,4,5,33297,60.1091,2
FILHO,80,6,33298,60.5726,2
WAIT,80,5,6,33298,60.7723,2
FILHO,80,4,33296,61.7197,2
WAIT,80,6,4,33296,61.9048,2
FILHO,80,7,33299,62.0829,2
WAIT,80,7,7,33299,62.2296,2
FILHO,81,1,33303,45.7726,2
FILHO,81,2,33304,46.5491,2
FILHO,81,3,33305,46.9510,2
WAIT,81,0,1,33303,47.1485,2
WAIT,81,1,2,33304,47.1792,2
WAIT,81,2,3,33305,47.1858,2
FILHO,81,4,33306,59.9419,2
WAIT,81,3,4,33306,60.2120,2
FILHO,81,6,33308,60.4889,2
WAIT,81,4,6,33308,60.6982,2
FILHO,81,0,33302,61.0018,2
WAIT,81,5,0,33302,61.2022,2
FILHO,81,7,33309,62.3511,2
WAIT,81,6,7,33309,62.5082,2
FILHO,81,5,33307,59.7507,2
WAIT,81,7,5,33307,62.6398,2
FILHO,82,1,33313,45.6051,2
FILHO,82,2,33314,46.0502,2
FILHO,82,3,33315,46.2347,2
WAIT,82,0,1,33313,46.4135,2
WAIT,82,1,2,33314,46.4405,2
WAIT,82,2,3,33315,46.4463,2
FILHO,82,5,33317,58.4129,2
FILHO,82,4,33316,55.4579,2
WAIT,82,3,4,33316,58.6913,2
WAIT,82,4,5,33317,58.8363,2
FILHO,82,0,33312,59.4086,2
FILHO,82,6,33318,60.4156,2
FILHO,82,7,33319,61.3436,2
WAIT,82,5,0,33312,61.4973,2
WAIT,82,6,6,33318,61.5111,2
WAIT,82,7,7,33319,61.5174,2
FILHO,83,0,33322,45.8623,2
FILHO,83,2,33324,48.9640,2
FILHO,83,1,33323,49.2974,2
WAIT,83,0,0,33322,49.5012,2
WAIT,83,1,1,33323,49.5292,2
WAIT,83,2,2,33324,49.5352,2
FILHO,83,3,33325,53.6956,2
WAIT,83,3,3,33325,53.8804,2
FILHO,83,6,33328,60.0107,2
WAIT,83,4,6,33328,60.2188,2
FILHO,83,5,33327,60.7242,2
WAIT,83,5,5,33327,60.9205,2
FILHO,83,7,33329,61.1683,2
WAIT,83,6,7,33329,61.3451,2
FILHO,83,4,33326,62.5651,2
WAIT,83,7,4,33326,62.7197,2
FILHO,84,1,33333,45.6680,2
FILHO,84,2,33334,46.2865,2
FILHO,84,3,33335,46.6799,2
WAIT,84,0,1,33333,46.8646,2
WAIT,84,1,2,33334,46.8881,2
WAIT,84,2,3,33335,46.8937,2
FILHO,84,4,33336,58.9272,2
WAIT,84,3,4,33336,59.1760,2
FILHO,84,5,33337,59.4339,2
WAIT,84,4,5,33337,59.6114,2
FILHO,84,0,33332,60.2977,2
WAIT,84,5,0,33332,60.4844,2
FILHO,84,6,33338,61.0956,2
WAIT,84,6,6,33338,61.2688,2
FILHO,84,7,33339,61.8325,2
WAIT,84,7,7,33339,61.9870,2
FILHO,85,1,33343,45.7090,2
FILHO,85,2,33344,46.0080,2
FILHO,85,3,33345,45.3024,2
WAIT,85,0,1,33343,46.3746,2
WAIT,85,1,2,33344,46.4039,2
WAIT,85,2,3,33345,46.4096,2
FILHO,85,4,33346,59.3067,2
WAIT,85,3,4,33346,59.5862,2
FILHO,85,5,33347,59.8816,2
WAIT,85,4,5,33347,60.0711,2
FILHO,85,0,33342,60.2149,2
WAIT,85,5,0,33342,60.4269,2
FILHO,85,6,33348,60.4537,2
WAIT,85,6,6,33348,60.6354,2
FILHO,85,7,33349,61.9798,2
WAIT,85,7,7,33349,62.1441,2
FILHO,86,1,33353,45.8297,2
FILHO,86,3,33355,46.1233,2
FILHO,86,2,33354,45.5581,2
WAIT,86,0,1,33353,46.4771,2
WAIT,86,1,2,33354,46.5041,2
WAIT,86,2,3,33355,46.5105,2
FILHO,86,5,33357,58.4974,2
FILHO,86,4,33356,55.5481,2
WAIT,86,3,4,33356,58.7930,2
WAIT,86,4,5,33357,58.9167,2
FILHO,86,0,33352,59.3724,2
FILHO,86,6,33358,60.2965,2
WAIT,86,5,0,33352,60.6251,2
WAIT,86,6,6,33358,60.6374,2
FILHO,86,7,33359,61.3945,2
WAIT,86,7,7,33359,61.5450,2
FILHO,87,7,33370,59.6052,2
FILHO,87,6,33369,59.6164,2
FILHO,87,3,33366,60.5448,2
FILHO,87,0,33363,60.8791,2
FILHO,87,5,33368,61.0373,2
FILHO,87,4,33367,56.7365,2
FILHO,87,2,33365,61.3143,2
FILHO,87,1,33364,56.7327,2
WAIT,87,0,0,33363,61.6301,2
WAIT,87,1,1,33364,61.6515,2
WAIT,87,2,2,33365,61.6557,2
WAIT,87,3,3,33366,61.6596,2
WAIT,87,4,4,33367,61.6632,2
WAIT,87,5,5,33368,61.6677,2
WAIT,87,6,6,33369,61.6719,2
WAIT,87,7,7,33370,61.6754,2
FILHO,88,2,33375,54.3934,2
FILHO,88,4,33377,56.4078,2
FILHO,88,3,33376,57.4501,2
FILHO,88,0,33373,60.2525,2
FILHO,88,5,33378,53.5350,2
FILHO,88,6,33379,59.5360,2
FILHO,88,1,33374,60.7219,2
FILHO,88,7,33380,60.9509,2
WAIT,88,0,0,33373,61.1805,2
WAIT,88,1,1,33374,61.2023,2
WAIT,88,2,2,33375,61.2075,2
WAIT,88,3,3,33376,61.2111,2
WAIT,88,4,4,33377,61.2148,2
WAIT,88,5,5,33378,61.2183,2
WAIT,88,6,6,33379,61.2246,2
WAIT,88,7,7,33380,61.2281,2
FILHO,89,1,33384,45.8071,2
FILHO,89,2,33385,41.7663,2
FILHO,89,3,33386,46.4732,2
WAIT,89,0,1,33384,46.6556,2
WAIT,89,1,2,33385,46.6855,2
WAIT,89,2,3,33386,46.6909,2
FILHO,89,4,33387,58.9819,2
WAIT,89,3,4,33387,59.2322,2
FILHO,89,6,33389,59.7044,2
FILHO,89,5,33388,59.7343,2
WAIT,89,4,5,33388,59.9293,2
FILHO,89,0,33383,60.0895,2
WAIT,89,5,0,33383,60.2648,2
WAIT,89,6,6,33389,60.3830,2
FILHO,89,7,33390,62.1456,2
WAIT,89,7,7,33390,62.3024,2
FILHO,90,1,33394,45.7019,2
FILHO,90,3,33396,46.2009,2
FILHO,90,2,33395,46.6500,2
WAIT,90,0,1,33394,46.8372,2
WAIT,90,1,2,33395,46.8958,2
WAIT,90,2,3,33396,46.9045,2
FILHO,90,0,33393,56.4011,2
WAIT,90,3,0,33393,58.8889,2
FILHO,90,5,33398,59.6985,2
WAIT,90,4,5,33398,59.9073,2
FILHO,90,6,33399,60.8980,2
WAIT,90,5,6,33399,61.0799,2
FILHO,90,4,33397,61.9667,2
WAIT,90,6,4,33397,62.1457,2
FILHO,90,7,33400,62.3375,2
WAIT,90,7,7,33400,62.4792,2
FILHO,91,1,33404,45.5923,2
FILHO,91,3,33406,41.7522,2
FILHO,91,2,33405,46.0952,2
WAIT,91,0,1,33404,46.2849,2
WAIT,91,1,2,33405,46.3168,2
WAIT,91,2,3,33406,46.3221,2
FILHO,91,4,33407,55.6814,2
FILHO,91,5,33408,58.7080,2
WAIT,91,3,4,33407,58.9408,2
WAIT,91,4,5,33408,59.0817,2
FILHO,91,6,33409,59.7963,2
FILHO,91,0,33403,60.0601,2
WAIT,91,5,0,33403,60.8197,2
WAIT,91,6,6,33409,60.8319,2
FILHO,91,7,33410,61.4478,2
WAIT,91,7,7,33410,61.5935,2
FILHO,92,2,33415,54.4140,2
FILHO,92,5,33418,56.3217,2
FILHO,92,3,33416,57.4469,2
FILHO,92,0,33413,60.2003,2
FILHO,92,4,33417,53.5248,2
FILHO,92,7,33420,60.4002,2
WAIT,92,0,0,33413,60.5857,2
WAIT,92,1,4,33417,60.6292,2
WAIT,92,2,5,33418,60.6455,2
WAIT,92,3,2,33415,60.7467,2
WAIT,92,4,3,33416,60.8587,2
FILHO,92,1,33414,60.8247,2
WAIT,92,5,7,33420,60.9133,2
WAIT,92,6,1,33414,60.9999,2
FILHO,92,6,33419,59.5011,2
WAIT,92,7,6,33419,61.1213,2
FILHO,93,2,33445,56.9527,2
FILHO,93,5,33448,57.9396,2
FILHO,93,7,33450,59.9409,2
FILHO,93,0,33443,60.8633,2
FILHO,93,6,33449,60.8674,2
FILHO,93,1,33444,54.0245,2
WAIT,93,0,0,33443,61.4689,2
WAIT,93,1,1,33444,61.5036,2
WAIT,93,2,2,33445,61.5150,2
WAIT,93,3,6,33449,61.5295,2
WAIT,93,4,7,33450,61.5410,2
FILHO,93,4,33447,61.6642,2
WAIT,93,5,4,33447,61.8336,2
WAIT,93,6,5,33448,61.9582,2
FILHO,93,3,33446,62.1330,2
WAIT,93,7,3,33446,62.3018,2
FILHO,94,3,33456,45.0058,2
FILHO,94,1,33454,45.8413,2
FILHO,94,2,33455,46.4461,2
WAIT,94,0,1,33454,46.7407,2
WAIT,94,1,2,33455,46.7671,2
WAIT,94,2,3,33456,46.7732,2
FILHO,94,5,33458,59.2771,2
WAIT,94,3,5,33458,59.5161,2
FILHO,94,6,33459,59.5922,2
WAIT,94,4,6,33459,59.7653,2
FILHO,94,0,33453,60.7479,2
WAIT,94,5,0,33453,60.9321,2
FILHO,94,4,33457,61.3385,2
WAIT,94,6,4,33457,61.5177,2
FILHO,94,7,33460,61.7903,2
WAIT,94,7,7,33460,61.9453,2
FILHO,95,2,33465,51.4752,2
FILHO,95,4,33467,53.4199,2
FILHO,95,1,33464,54.5303,2
FILHO,95,3,33466,57.4859,2
FILHO,95,0,33463,59.9613,2
FILHO,95,5,33468,56.5682,2
FILHO,95,6,33469,60.7047,2
FILHO,95,7,33470,60.9393,2
WAIT,95,0,0,33463,61.1865,2
WAIT,95,1,1,33464,61.2046,2
WAIT,95,2,2,33465,61.2099,2
WAIT,95,3,3,33466,61.2141,2
WAIT,95,4,4,33467,61.2181,2
WAIT,95,5,5,33468,61.2227,2
WAIT,95,6,6,33469,61.2270,2
WAIT,95,7,7,33470,61.2306,2
FILHO,96,3,33476,44.6538,2
FILHO,96,1,33474,45.4546,2
FILHO,96,2,33475,41.6746,2
WAIT,96,0,1,33474,45.9687,2
WAIT,96,1,2,33475,45.9952,2
WAIT,96,2,3,33476,46.0008,2
FILHO,96,0,33473,56.6475,2
FILHO,96,5,33478,58.6793,2
WAIT,96,3,5,33478,58.9123,2
FILHO,96,4,33477,59.0251,2
WAIT,96,4,4,33477,59.2018,2
FILHO,96,6,33479,59.4777,2
WAIT,96,5,6,33479,59.6326,2
WAIT,96,6,0,33473,59.7983,2
FILHO,96,7,33480,61.5910,2
WAIT,96,7,7,33480,61.7484,2
FILHO,97,4,33487,53.2875,2
FILHO,97,5,33488,56.2993,2
FILHO,97,2,33485,59.1962,2
FILHO,97,0,33483,60.2127,2
FILHO,97,6,33489,59.3502,2
FILHO,97,3,33486,60.8816,2
FILHO,97,1,33484,61.1749,2
FILHO,97,7,33490,61.1958,2
WAIT,97,0,0,33483,61.4225,2
WAIT,97,1,1,33484,61.4618,2
WAIT,97,2,2,33485,61.4743,2
WAIT,97,3,3,33486,61.4911,2
WAIT,97,4,4,33487,61.5065,2
WAIT,97,5,5,33488,61.5214,2
WAIT,97,6,6,33489,61.5365,2
WAIT,97,7,7,33490,61.5514,2
FILHO,98,3,33496,44.8873,2
FILHO,98,5,33498,45.6404,2
FILHO,98,4,33497,45.8530,2
WAIT,98,0,3,33496,46.0375,2
WAIT,98,1,4,33497,46.0622,2
WAIT,98,2,5,33498,46.0702,2
FILHO,98,0,33493,58.8103,2
WAIT,98,3,0,33493,59.0492,2
FILHO,98,1,33494,58.6021,2
WAIT,98,4,1,33494,59.2108,2
FILHO,98,6,33499,60.5045,2
FILHO,98,2,33495,61.0424,2
WAIT,98,5,2,33495,61.6715,2
WAIT,98,6,6,33499,61.6851,2
FILHO,98,7,33500,61.7911,2
WAIT,98,7,7,33500,61.9322,2
FILHO,99,0,33503,45.4022,2
FILHO,99,4,33507,45.9092,2
FILHO,99,5,33508,46.3797,2
WAIT,99,0,0,33503,46.5644,2
WAIT,99,1,4,33507,46.5950,2
WAIT,99,2,5,33508,46.6008,2
FILHO,99,1,33504,57.2165,2
FILHO,99,2,33505,59.8685,2
WAIT,99,3,2,33505,60.0816,2
FILHO,99,3,33506,60.4012,2
WAIT,99,4,3,33506,60.5848,2
WAIT,99,5,1,33504,61.4386,2
FILHO,99,6,33509,61.6628,2
WAIT,99,6,6,33509,61.8439,2
FILHO,99,7,33510,62.7793,2
WAIT,99,7,7,33510,62.9198,2
FILHO,100,1,33514,45.6805,2
FILHO,100,3,33516,46.2429,2
FILHO,100,2,33515,46.5928,2
WAIT,100,0,1,33514,46.7708,2
WAIT,100,1,2,33515,46.7986,2
WAIT,100,2,3,33516,46.8041,2
FILHO,100,6,33519,59.7119,2
FILHO,100,4,33517,59.6918,2
FILHO,100,5,33518,59.9975,2
WAIT,100,3,5,33518,60.2168,2
WAIT,100,4,6,33519,60.3200,2
FILHO,100,0,33513,60.4889,2
WAIT,100,5,0,33513,60.6687,2
WAIT,100,6,4,33517,60.9334,2
FILHO,100,7,33520,62.4570,2
WAIT,100,7,7,33520,62.6085,2
FILHO,101,6,33529,59.2664,2
FILHO,101,0,33523,59.9995,2
FILHO,101,7,33530,60.2875,2
FILHO,101,4,33527,60.3306,2
FILHO,101,1,33524,51.4992,2
FILHO,101,5,33528,60.6466,2
FILHO,101,2,33525,60.8596,2
FILHO,101,3,33526,60.9065,2
WAIT,101,0,0,33523,61.0458,2
WAIT,101,1,1,33524,61.0693,2
WAIT,101,2,2,33525,61.0746,2
WAIT,101,3,3,33526,61.0803,2
WAIT,101,4,4,33527,61.0908,2
WAIT,101,5,5,33528,61.0961,2
WAIT,101,6,6,33529,61.1017,2
WAIT,101,7,7,33530,61.1104,2
FILHO,102,3,33536,44.7099,2
FILHO,102,1,33534,45.9177,2
FILHO,102,2,33535,41.7567,2
WAIT,102,0,1,33534,46.4395,2
WAIT,102,1,2,33535,46.4736,2
WAIT,102,2,3,33536,46.4794,2
FILHO,102,4,33537,59.4400,2
FILHO,102,5,33538,59.8207,2
WAIT,102,3,4,33537,60.0174,2
WAIT,102,4,5,33538,60.0302,2
FILHO,102,0,33533,61.1041,2
WAIT,102,5,0,33533,61.2990,2
FILHO,102,6,33539,59.7725,2
WAIT,102,6,6,33539,61.4895,2
FILHO,102,7,33540,62.2567,2
WAIT,102,7,7,33540,62.4140,2
FILHO,103,3,33547,46.0654,2
FILHO,103,4,33548,46.5060,2
FILHO,103,5,33549,45.0999,2
WAIT,103,0,3,33547,46.8659,2
WAIT,103,1,4,33548,46.8950,2
WAIT,103,2,5,33549,46.9020,2
FILHO,103,2,33546,59.1433,2
WAIT,103,3,2,33546,59.4020,2
FILHO,103,1,33545,59.6784,2
WAIT,103,4,1,33545,59.8608,2
FILHO,103,0,33544,60.5774,2
FILHO,103,6,33550,60.9280,2
WAIT,103,5,0,33544,61.1684,2
WAIT,103,6,6,33550,61.1814,2
FILHO,103,7,33551,62.4177,2
WAIT,103,7,7,33551,62.5617,2
FILHO,104,5,33559,56.8258,2
FILHO,104,7,33561,59.8308,2
FILHO,104,6,33560,59.8522,2
FILHO,104,0,33554,60.1933,2
FILHO,104,4,33558,60.6222,2
FILHO,104,1,33555,60.7074,2
FILHO,104,3,33557,56.8941,2
FILHO,104,2,33556,61.0366,2
WAIT,104,0,0,33554,61.2127,2
WAIT,104,1,1,33555,61.2415,2
WAIT,104,2,2,33556,61.2472,2
WAIT,104,3,3,33557,61.2539,2
WAIT,104,4,4,33558,61.2596,2
WAIT,104,5,5,33559,61.2684,2
WAIT,104,6,6,33560,61.2737,2
WAIT,104,7,7,33561,61.2796,2
FILHO,105,3,33567,44.9540,2
FILHO,105,1,33565,45.6932,2
FILHO,105,2,33566,46.5057,2
WAIT,105,0,1,33565,46.8337,2
WAIT,105,1,2,33566,46.8796,2
WAIT,105,2,3,33567,46.9070,2
FILHO,105,5,33569,57.8903,2
FILHO,105,4,33568,59.0708,2
WAIT,105,3,4,33568,59.3035,2
WAIT,105,4,5,33569,59.4120,2
FILHO,105,0,33564,61.4285,2
FILHO,105,7,33571,61.4370,2
WAIT,105,5,0,33564,61.6432,2
WAIT,105,6,7,33571,61.6746,2
FILHO,105,6,33570,62.2294,2
WAIT,105,7,6,33570,62.3892,2
FILHO,106,5,33585,45.0325,2
FILHO,106,0,33580,45.2173,2
FILHO,106,4,33584,45.8189,2
WAIT,106,0,0,33580,46.1219,2
WAIT,106,1,4,33584,46.1750,2
WAIT,106,2,5,33585,46.1813,2
FILHO,106,2,33582,59.4651,2
WAIT,106,3,2,33582,59.6968,2
FILHO,106,3,33583,59.7114,2
WAIT,106,4,3,33583,59.8952,2
FILHO,106,1,33581,61.0934,2
WAIT,106,5,1,33581,61.2927,2
FILHO,106,7,33587,61.7804,2
WAIT,106,6,7,33587,61.9383,2
FILHO,106,6,33586,62.1830,2
WAIT,106,7,6,33586,62.3212,2
FILHO,107,3,33593,45.2331,2
FILHO,107,5,33595,46.0896,2
FILHO,107,4,33594,46.5277,2
WAIT,107,0,3,33593,46.7108,2
WAIT,107,1,4,33594,46.7418,2
WAIT,107,2,5,33595,46.7474,2
FILHO,107,1,33591,59.4096,2
WAIT,107,3,1,33591,59.6263,2
FILHO,107,2,33592,59.8638,2
WAIT,107,4,2,33592,60.0380,2
FILHO,107,0,33590,60.5544,2
FILHO,107,6,33596,61.1059,2
WAIT,107,5,0,33590,62.1001,2
WAIT,107,6,6,33596,62.1123,2
FILHO,107,7,33597,62.5902,2
WAIT,107,7,7,33597,62.7306,2
FILHO,108,1,33601,45.6488,2
FILHO,108,2,33602,46.0467,2
FILHO,108,3,33603,46.4002,2
WAIT,108,0,1,33601,46.5750,2
WAIT,108,1,2,33602,46.5988,2
WAIT,108,2,3,33603,46.6044,2
FILHO,108,4,33604,58.7795,2
WAIT,108,3,4,33604,58.9981,2
FILHO,108,5,33605,59.1738,2
WAIT,108,4,5,33605,59.3442,2
FILHO,108,0,33600,59.8807,2
WAIT,108,5,0,33600,60.0603,2
FILHO,108,7,33607,62.0794,2
FILHO,108,6,33606,62.3377,2
WAIT,108,6,6,33606,62.5361,2
WAIT,108,7,7,33607,62.5503,2
FILHO,109,0,33625,46.3264,2
FILHO,109,2,33627,47.0597,2
FILHO,109,1,33626,47.4474,2
WAIT,109,0,0,33625,47.6513,2
WAIT,109,1,1,33626,47.6898,2
WAIT,109,2,2,33627,47.7023,2
FILHO,109,3,33628,60.0203,2
WAIT,109,3,3,33628,60.2678,2
FILHO,109,5,33630,60.5637,2
WAIT,109,4,5,33630,60.7583,2
FILHO,109,4,33629,61.5168,2
WAIT,109,5,4,33629,61.7139,2
FILHO,109,7,33632,62.1610,2
WAIT,109,6,7,33632,62.3542,2
FILHO,109,6,33631,62.9538,2
WAIT,109,7,6,33631,63.1106,2
FILHO,110,1,33636,45.4116,2
FILHO,110,2,33637,45.8764,2
FILHO,110,3,33638,46.5185,2
WAIT,110,0,1,33636,46.7138,2
WAIT,110,1,2,33637,46.7399,2
WAIT,110,2,3,33638,46.7456,2
FILHO,110,6,33641,57.6366,2
FILHO,110,5,33640,59.7696,2
WAIT,110,3,5,33640,59.9661,2
WAIT,110,4,6,33641,60.1046,2
FILHO,110,0,33635,60.3498,2
WAIT,110,5,0,33635,60.5228,2
FILHO,110,4,33639,60.9326,2
WAIT,110,6,4,33639,61.1051,2
FILHO,110,7,33642,62.6713,2
WAIT,110,7,7,33642,62.9026,2
FILHO,111,1,33646,45.4882,2
FILHO,111,3,33648,45.7386,2
FILHO,111,2,33647,45.1325,2
WAIT,111,0,1,33646,46.0716,2
WAIT,111,1,2,33647,46.0999,2
WAIT,111,2,3,33648,46.1054,2
FILHO,111,4,33649,58.3393,2
WAIT,111,3,4,33649,58.5536,2
FILHO,111,5,33650,58.1540,2
WAIT,111,4,5,33650,58.7347,2
FILHO,111,0,33645,60.0706,2
WAIT,111,5,0,33645,60.2717,2
FILHO,111,6,33651,60.3567,2
WAIT,111,6,6,33651,60.5369,2
FILHO,111,7,33652,61.6143,2
WAIT,111,7,7,33652,61.7702,2
FILHO,112,0,33655,51.5375,2
FILHO,112,2,33657,54.5152,2
FILHO,112,5,33660,56.5623,2
FILHO,112,1,33656,57.5675,2
FILHO,112,7,33662,59.4175,2
FILHO,112,3,33658,60.3104,2
FILHO,112,6,33661,60.4307,2
FILHO,112,4,33659,60.5824,2
WAIT,112,0,0,33655,60.9327,2
WAIT,112,1,1,33656,60.9517,2
WAIT,112,2,2,33657,60.9576,2
WAIT,112,3,3,33658,60.9614,2
WAIT,112,4,4,33659,60.9653,2
WAIT,112,5,5,33660,60.9693,2
WAIT,112,6,6,33661,60.9740,2
WAIT,112,7,7,33662,60.9777,2
FILHO,113,3,33668,54.2655,2
FILHO,113,7,33672,57.3727,2
FILHO,113,5,33670,57.5447,2
FILHO,113,4,33669,53.4712,2
WAIT,113,0,3,33668,57.8890,2
WAIT,113,1,4,33669,57.9168,2
WAIT,113,2,5,33670,57.9225,2
WAIT,113,3,7,33672,57.9885,2
FILHO,113,2,33667,60.3731,2
FILHO,113,1,33666,57.4876,2
FILHO,113,6,33671,60.8701,2
WAIT,113,4,1,33666,61.0061,2
WAIT,113,5,2,33667,61.0181,2
WAIT,113,6,6,33671,61.0241,2
FILHO,113,0,33665,61.0915,2
WAIT,113,7,0,33665,61.2767,2
FILHO,114,0,33675,15.8499,2
WAIT,114,0,0,33675,16.1070,2
FILHO,114,3,33678,55.2419,2
FILHO,114,1,33676,56.0420,2
FILHO,114,7,33682,56.2513,2
WAIT,114,1,1,33676,56.4665,2
WAIT,114,2,7,33682,56.4794,2
WAIT,114,3,3,33678,56.5729,2
FILHO,114,2,33677,59.6337,2
FILHO,114,4,33679,59.9495,2
FILHO,114,5,33680,60.8964,2
FILHO,114,6,33681,61.7307,2
WAIT,114,4,2,33677,61.8806,2
WAIT,114,5,4,33679,61.8942,2
WAIT,114,6,5,33680,61.9004,2
WAIT,114,7,6,33681,61.9061,2
FILHO,115,1,33686,46.0861,2
FILHO,115,2,33687,46.5942,2
FILHO,115,3,33688,46.9888,2
WAIT,115,0,1,33686,47.1790,2
WAIT,115,1,2,33687,47.2103,2
WAIT,115,2,3,33688,47.2161,2
FILHO,115,5,33690,59.8847,2
WAIT,115,3,5,33690,60.1464,2
FILHO,115,6,33691,60.6471,2
WAIT,115,4,6,33691,60.8288,2
FILHO,115,0,33685,61.0398,2
WAIT,115,5,0,33685,61.2227,2
FILHO,115,4,33689,62.0995,2
WAIT,115,6,4,33689,62.2810,2
FILHO,115,7,33692,62.7336,2
WAIT,115,7,7,33692,62.9122,2
FILHO,116,2,33697,42.2749,2
FILHO,116,1,33696,45.8821,2
FILHO,116,3,33698,46.3154,2
WAIT,116,0,1,33696,46.5187,2
WAIT,116,1,2,33697,46.5476,2
WAIT,116,2,3,33698,46.5529,2
FILHO,116,5,33700,59.7291,2
WAIT,116,3,5,33700,59.9684,2
FILHO,116,6,33701,60.0084,2
WAIT,116,4,6,33701,60.1797,2
FILHO,116,0,33695,60.4845,2
WAIT,116,5,0,33695,60.6639,2
FILHO,116,4,33699,60.8828,2
WAIT,116,6,4,33699,61.0539,2
FILHO,116,7,33702,61.7570,2
WAIT,116,7,7,33702,61.9166,2
FILHO,117,1,33706,45.7912,2
FILHO,117,2,33707,46.6201,2
FILHO,117,3,33708,47.0533,2
WAIT,117,0,1,33706,47.2363,2
WAIT,117,1,2,33707,47.2617,2
WAIT,117,2,3,33708,47.2673,2
FILHO,117,6,33711,60.1421,2
WAIT,117,3,6,33711,60.3379,2
FILHO,117,7,33712,60.8349,2
WAIT,117,4,7,33712,61.0286,2
FILHO,117,0,33705,61.1802,2
WAIT,117,5,0,33705,61.3539,2
FILHO,117,5,33710,61.5321,2
WAIT,117,6,5,33710,61.7065,2
FILHO,117,4,33709,62.3988,2
WAIT,117,7,4,33709,62.5512,2
FILHO,118,3,33719,44.6899,2
FILHO,118,1,33717,45.4916,2
FILHO,118,2,33718,45.9608,2
WAIT,118,0,1,33717,46.2837,2
WAIT,118,1,2,33718,46.3082,2
WAIT,118,2,3,33719,46.3139,2
FILHO,118,4,33720,58.7336,2
WAIT,118,3,4,33720,58.9764,2
FILHO,118,5,33721,59.2633,2
WAIT,118,4,5,33721,59.4380,2
FILHO,118,0,33716,59.6708,2
FILHO,118,6,33722,60.0677,2
WAIT,118,5,0,33716,60.8076,2
WAIT,118,6,6,33722,60.8192,2
FILHO,118,7,33723,61.8296,2
WAIT,118,7,7,33723,61.9672,2
FILHO,119,2,33728,45.1156,2
FILHO,119,1,33727,45.4888,2
FILHO,119,3,33729,45.8610,2
WAIT,119,0,1,33727,46.1426,2
WAIT,119,1,2,33728,46.1721,2
WAIT,119,2,3,33729,46.1776,2
FILHO,119,4,33730,55.1113,2
WAIT,119,3,4,33730,58.3317,2
FILHO,119,5,33731,58.4712,2
WAIT,119,4,5,33731,58.6695,2
FILHO,119,6,33732,58.9611,2
WAIT,119,5,6,33732,59.1210,2
FILHO,119,0,33726,59.7589,2
WAIT,119,6,0,33726,59.9482,2
FILHO,119,7,33733,61.3688,2
WAIT,119,7,7,33733,61.5530,2
FILHO,120,2,33738,44.9677,2
FILHO,120,1,33737,46.1752,2
FILHO,120,3,33739,46.4646,2
WAIT,120,0,1,33737,46.7710,2
WAIT,120,1,2,33738,46.8059,2
WAIT,120,2,3,33739,46.8130,2
FILHO,120,0,33736,56.7539,2
WAIT,120,3,0,33736,59.0897,2
FILHO,120,5,33741,59.1934,2
WAIT,120,4,5,33741,59.3948,2
FILHO,120,4,33740,59.6796,2
WAIT,120,5,4,33740,59.8577,2
FILHO,120,6,33742,60.0860,2
WAIT,120,6,6,33742,60.2820,2
FILHO,120,7,33743,61.9874,2
WAIT,120,7,7,33743,62.1538,2
FILHO,121,1,33747,45.4532,2
FILHO,121,3,33749,42.2679,2
FILHO,121,2,33748,46.4891,2
WAIT,121,0,1,33747,46.6823,2
WAIT,121,1,2,33748,46.7126,2
WAIT,121,2,3,33749,46.7182,2
FILHO,121,6,33752,58.2276,2
FILHO,121,4,33750,59.6446,2
WAIT,121,3,4,33750,59.8837,2
WAIT,121,4,6,33752,60.0272,2
FILHO,121,0,33746,60.6260,2
WAIT,121,5,0,33746,60.8132,2
FILHO,121,5,33751,61.1027,2
WAIT,121,6,5,33751,61.2785,2
FILHO,121,7,33753,62.0552,2
WAIT,121,7,7,33753,62.2126,2
FILHO,122,1,33757,39.3998,2
FILHO,122,3,33759,45.7188,2
FILHO,122,2,33758,46.1278,2
WAIT,122,0,1,33757,46.3072,2
WAIT,122,1,2,33758,46.3343,2
WAIT,122,2,3,33759,46.3397,2
FILHO,122,4,33760,55.3810,2
WAIT,122,3,4,33760,58.5865,2
FILHO,122,5,33761,58.6484,2
WAIT,122,4,5,33761,58.8239,2
FILHO,122,0,33756,59.2291,2
FILHO,122,6,33762,60.0262,2
WAIT,122,5,0,33756,61.5253,2
WAIT,122,6,6,33762,61.5359,2
FILHO,122,7,33763,61.4932,2
WAIT,122,7,7,33763,61.6735,2
FILHO,123,3,33769,44.7908,2
FILHO,123,1,33767,45.9598,2
FILHO,123,2,33768,46.8959,2
WAIT,123,0,1,33767,47.1976,2
WAIT,123,1,2,33768,47.2245,2
WAIT,123,2,3,33769,47.2302,2
FILHO,123,0,33766,56.8552,2
FILHO,123,6,33772,59.8103,2
FILHO,123,5,33771,60.7481,2
WAIT,123,3,5,33771,60.9680,2
WAIT,123,4,6,33772,61.0509,2
WAIT,123,5,0,33766,61.1873,2
FILHO,123,4,33770,62.4986,2
FILHO,123,7,33773,62.5278,2
WAIT,123,6,4,33770,62.6828,2
WAIT,123,7,7,33773,62.6989,2
FILHO,124,3,33779,45.3507,2
FILHO,124,1,33777,45.6084,2
FILHO,124,2,33778,46.0856,2
WAIT,124,0,1,33777,46.2901,2
WAIT,124,1,2,33778,46.3178,2
WAIT,124,2,3,33779,46.3248,2
FILHO,124,4,33780,55.4775,2
WAIT,124,3,4,33780,58.7113,2
FILHO,124,5,33781,59.0194,2
WAIT,124,4,5,33781,59.2092,2
FILHO,124,0,33776,59.5533,2
FILHO,124,6,33782,59.8832,2
WAIT,124,5,0,33776,60.0713,2
WAIT,124,6,6,33782,60.0929,2
FILHO,124,7,33783,61.5141,2
WAIT,124,7,7,33783,61.6863,2
FILHO,125,0,33786,30.0314,2
FILHO,125,4,33790,30.7324,2
WAIT,125,0,0,33786,30.9322,2
WAIT,125,1,4,33790,30.9639,2
FILHO,125,2,33788,60.2847,2
FILHO,125,5,33791,60.7185,2
FILHO,125,6,33792,61.0503,2
FILHO,125,3,33789,61.4823,2
WAIT,125,2,2,33788,61.6828,2
WAIT,125,3,3,33789,61.6968,2
WAIT,125,4,5,33791,61.7025,2
WAIT,125,5,6,33792,61.7077,2
FILHO,125,7,33793,61.7097,2
WAIT,125,6,7,33793,61.8986,2
FILHO,125,1,33787,62.1062,2
WAIT,125,7,1,33787,62.3136,2
FILHO,126,4,33800,53.0475,2
FILHO,126,3,33799,54.1754,2
FILHO,126,5,33801,56.1880,2
FILHO,126,2,33798,57.0605,2
FILHO,126,0,33796,60.0688,2
FILHO,126,1,33797,60.5702,2
FILHO,126,6,33802,60.7056,2
WAIT,126,0,0,33796,60.9105,2
WAIT,126,1,1,33797,60.9445,2
WAIT,126,2,2,33798,60.9499,2
WAIT,126,3,3,33799,60.9550,2
WAIT,126,4,4,33800,60.9605,2
WAIT,126,5,5,33801,60.9661,2
WAIT,126,6,6,33802,60.9739,2
FILHO,126,7,33803,61.0723,2
WAIT,126,7,7,33803,61.2133,2
FILHO,127,3,33809,51.8039,2
FILHO,127,7,33813,55.0655,2
FILHO,127,4,33810,50.8975,2
FILHO,127,0,33806,56.4831,2
WAIT,127,0,0,33806,59.9471,2
WAIT,127,1,3,33809,59.9844,2
WAIT,127,2,4,33810,59.9903,2
WAIT,127,3,7,33813,59.9959,2
FILHO,127,1,33807,60.0664,2
WAIT,127,4,1,33807,60.2504,2
FILHO,127,2,33808,60.3943,2
WAIT,127,5,2,33808,60.5666,2
FILHO,127,5,33811,61.8552,2
WAIT,127,6,5,33811,62.0770,2
FILHO,127,6,33812,62.1751,2
WAIT,127,7,6,33812,62.3148,2
FILHO,128,2,33818,41.9543,2
FILHO,128,0,33816,45.8797,2
FILHO,128,3,33819,46.3035,2
WAIT,128,0,0,33816,46.4963,2
WAIT,128,1,2,33818,46.5268,2
WAIT,128,2,3,33819,46.5342,2
FILHO,128,1,33817,56.9502,2
FILHO,128,4,33820,57.9722,2
FILHO,128,5,33821,58.9574,2
WAIT,128,3,5,33821,59.2055,2
WAIT,128,4,4,33820,59.3184,2
FILHO,128,6,33822,60.0480,2
WAIT,128,5,1,33817,61.0979,2
WAIT,128,6,6,33822,61.1127,2
FILHO,128,7,33823,61.9688,2
WAIT,128,7,7,33823,62.1373,2
FILHO,129,2,33828,30.1507,2
FILHO,129,3,33829,30.5029,2
WAIT,129,0,2,33828,30.6881,2
WAIT,129,1,3,33829,30.7127,2
FILHO,129,4,33830,53.7749,2
FILHO,129,5,33831,60.0965,2
FILHO,129,6,33832,60.3261,2
FILHO,129,1,33827,60.9148,2
WAIT,129,2,1,33827,61.1071,2
WAIT,129,3,4,33830,61.1181,2
WAIT,129,4,5,33831,61.1236,2
WAIT,129,5,6,33832,61.1318,2
FILHO,129,0,33826,61.2290,2
WAIT,129,6,0,33826,61.3666,2
FILHO,129,7,33833,57.7945,2
WAIT,129,7,7,33833,61.5173,2
FILHO,130,1,33837,51.4766,2
FILHO,130,3,33839,57.5118,2
FILHO,130,5,33841,58.4231,2
FILHO,130,0,33836,59.8714,2
FILHO,130,6,33842,60.2240,2
FILHO,130,4,33840,60.4442,2
FILHO,130,7,33843,60.5220,2
FILHO,130,2,33838,60.8324,2
WAIT,130,0,0,33836,61.0497,2
WAIT,130,1,1,33837,61.0702,2
WAIT,130,2,2,33838,61.0749,2
WAIT,130,3,3,33839,61.0791,2
WAIT,130,4,4,33840,61.0853,2
WAIT,130,5,5,33841,61.0891,2
WAIT,130,6,6,33842,61.0928,2
WAIT,130,7,7,33843,61.0987,2
FILHO,131,1,33847,45.4633,2
FILHO,131,3,33849,45.7586,2
FILHO,131,2,33848,46.1249,2
WAIT,131,0,1,33847,46.3108,2
WAIT,131,1,2,33848,46.3420,2
WAIT,131,2,3,33849,46.3475,2
FILHO,131,0,33846,56.5742,2
FILHO,131,4,33850,58.7781,2
WAIT,131,3,0,33846,58.9552,2
WAIT,131,4,4,33850,59.0059,2
FILHO,131,5,33851,57.9040,2
WAIT,131,5,5,33851,59.1712,2
FILHO,131,6,33852,60.7131,2
WAIT,131,6,6,33852,60.8945,2
FILHO,131,7,33853,61.4767,2
WAIT,131,7,7,33853,61.6272,2
FILHO,132,1,33857,45.6584,2
FILHO,132,3,33859,45.9839,2
FILHO,132,2,33858,46.4209,2
WAIT,132,0,1,33857,46.6347,2
WAIT,132,1,2,33858,46.6654,2
WAIT,132,2,3,33859,46.6710,2
FILHO,132,4,33860,56.4337,2
WAIT,132,3,4,33860,59.7130,2
FILHO,132,6,33862,59.9928,2
WAIT,132,4,6,33862,60.1715,2
FILHO,132,0,33856,60.5638,2
WAIT,132,5,0,33856,60.7512,2
FILHO,132,7,33863,61.9390,2
WAIT,132,6,7,33863,62.1004,2
FILHO,132,5,33861,62.2804,2
WAIT,132,7,5,33861,62.4231,2
FILHO,133,3,33869,45.2384,2
FILHO,133,1,33867,45.6299,2
FILHO,133,2,33868,45.9103,2
WAIT,133,0,1,33867,46.2236,2
WAIT,133,1,2,33868,46.2515,2
WAIT,133,2,3,33869,46.2573,2
FILHO,133,5,33871,58.3999,2
WAIT,133,3,5,33871,58.6513,2
FILHO,133,4,33870,58.2968,2
WAIT,133,4,4,33870,58.8329,2
FILHO,133,6,33872,59.1579,2
WAIT,133,5,6,33872,59.3151,2
FILHO,133,0,33866,60.0705,2
WAIT,133,6,0,33866,60.2546,2
FILHO,133,7,33873,61.6553,2
WAIT,133,7,7,33873,61.8072,2
FILHO,134,0,33877,59.9458,2
FILHO,134,1,33878,60.4533,2
FILHO,134,4,33881,60.4518,2
FILHO,134,2,33879,60.9127,2
FILHO,134,5,33882,61.6794,2
FILHO,134,3,33880,62.1081,2
FILHO,134,6,33883,62.3028,2
FILHO,134,7,33884,62.6434,2
WAIT,134,0,0,33877,62.7856,2
WAIT,134,1,1,33878,62.8009,2
WAIT,134,2,2,33879,62.8051,2
WAIT,134,3,3,33880,62.8093,2
WAIT,134,4,4,33881,62.8136,2
WAIT,134,5,5,33882,62.8180,2
WAIT,134,6,6,33883,62.8245,2
WAIT,134,7,7,33884,62.8285,2
FILHO,135,3,33890,42.4192,2
FILHO,135,1,33888,45.5748,2
FILHO,135,2,33889,45.8852,2
WAIT,135,0,1,33888,46.1808,2
WAIT,135,1,2,33889,46.2062,2
WAIT,135,2,3,33890,46.2118,2
FILHO,135,4,33891,58.5458,2
WAIT,135,3,4,33891,58.7680,2
FILHO,135,5,33892,58.7852,2
WAIT,135,4,5,33892,58.9587,2
FILHO,135,0,33887,59.3786,2
FILHO,135,6,33893,59.9202,2
WAIT,135,5,0,33887,60.1000,2
WAIT,135,6,6,33893,60.1103,2
FILHO,135,7,33894,61.3456,2
WAIT,135,7,7,33894,61.4909,2
FILHO,136,1,33898,39.3749,2
FILHO,136,2,33899,45.6688,2
FILHO,136,3,33900,45.9155,2
WAIT,136,0,1,33898,46.1004,2
WAIT,136,1,2,33899,46.1285,2
WAIT,136,2,3,33900,46.1351,2
FILHO,136,4,33901,58.2949,2
FILHO,136,5,33902,55.3936,2
WAIT,136,3,5,33902,58.6269,2
WAIT,136,4,4,33901,58.6991,2
FILHO,136,0,33897,59.1686,2
FILHO,136,6,33903,59.9956,2
WAIT,136,5,0,33897,60.1959,2
WAIT,136,6,6,33903,60.2148,2
FILHO,136,7,33904,61.4863,2
WAIT,136,7,7,33904,61.7388,2
FILHO,137,0,33910,60.0724,2
FILHO,137,1,33911,60.5918,2
FILHO,137,3,33913,61.0033,2
FILHO,137,4,33914,61.1954,2
FILHO,137,2,33912,61.4338,2
FILHO,137,7,33917,61.6625,2
FILHO,137,5,33915,61.6855,2
FILHO,137,6,33916,61.9473,2
WAIT,137,0,0,33910,62.1071,2
WAIT,137,1,1,33911,62.1359,2
WAIT,137,2,2,33912,62.1503,2
WAIT,137,3,3,33913,62.1633,2
WAIT,137,4,4,33914,62.1767,2
WAIT,137,5,5,33915,62.1897,2
WAIT,137,6,6,33916,62.2030,2
WAIT,137,7,7,33917,62.2175,2
FILHO,138,4,33927,16.1411,2
WAIT,138,0,4,33927,16.4113,2
FILHO,138,0,33923,56.5394,2
FILHO,138,7,33930,56.8160,2
WAIT,138,1,0,33923,56.9982,2
WAIT,138,2,7,33930,57.0112,2
FILHO,138,2,33925,57.3181,2
WAIT,138,3,2,33925,57.4951,2
FILHO,138,1,33924,59.8427,2
WAIT,138,4,1,33924,60.0284,2
FILHO,138,3,33926,60.3346,2
FILHO,138,6,33929,62.2869,2
WAIT,138,5,3,33926,62.4284,2
WAIT,138,6,6,33929,62.4402,2
FILHO,138,5,33928,62.6055,2
WAIT,138,7,5,33928,62.7700,2
FILHO,139,2,33935,42.1163,2
FILHO,139,1,33934,45.8036,2
FILHO,139,3,33936,46.2676,2
WAIT,139,0,1,33934,46.4722,2
WAIT,139,1,2,33935,46.4994,2
WAIT,139,2,3,33936,46.5061,2
FILHO,139,4,33937,58.9285,2
FILHO,139,6,33939,58.2773,2
WAIT,139,3,4,33937,59.3490,2
WAIT,139,4,6,33939,59.3622,2
FILHO,139,0,33933,60.8386,2
WAIT,139,5,0,33933,61.0194,2
FILHO,139,7,33940,61.1357,2
WAIT,139,6,7,33940,61.2927,2
FILHO,139,5,33938,61.3878,2
WAIT,139,7,5,33938,61.5245,2
FILHO,140,1,33944,45.5160,2
FILHO,140,2,33945,48.4705,2
FILHO,140,3,33946,45.1667,2
WAIT,140,0,1,33944,48.8413,2
WAIT,140,1,2,33945,48.8811,2
WAIT,140,2,3,33946,48.8959,2
FILHO,140,4,33947,52.4422,2
WAIT,140,3,4,33947,52.6371,2
FILHO,140,6,33949,58.8969,2
FILHO,140,5,33948,59.1633,2
FILHO,140,0,33943,59.9695,2
WAIT,140,4,0,33943,60.3054,2
WAIT,140,5,5,33948,60.3238,2
WAIT,140,6,6,33949,60.3351,2
FILHO,140,7,33950,61.7205,2
WAIT,140,7,7,33950,61.8865,2
FILHO,141,7,33960,44.1768,2
FILHO,141,0,33953,44.8012,2
FILHO,141,3,33956,45.2731,2
WAIT,141,0,0,33953,45.5819,2
WAIT,141,1,3,33956,45.6130,2
WAIT,141,2,7,33960,45.6203,2
FILHO,141,1,33954,57.1609,2
FILHO,141,4,33957,58.2683,2
WAIT,141,3,4,33957,58.4892,2
FILHO,141,5,33958,58.7031,2
WAIT,141,4,5,33958,58.8858,2
FILHO,141,2,33955,60.5479,2
WAIT,141,5,1,33954,60.7412,2
WAIT,141,6,2,33955,60.7538,2
FILHO,141,6,33959,61.6698,2
WAIT,141,7,6,33959,61.8250,2
FILHO,142,4,33967,53.7100,2
FILHO,142,3,33966,53.7575,2
FILHO,142,0,33963,60.0734,2
FILHO,142,1,33964,60.5789,2
FILHO,142,5,33968,60.8081,2
FILHO,142,2,33965,61.2802,2
FILHO,142,6,33969,61.4125,2
FILHO,142,7,33970,61.7708,2
WAIT,142,0,0,33963,61.9416,2
WAIT,142,1,1,33964,61.9646,2
WAIT,142,2,2,33965,61.9689,2
WAIT,142,3,3,33966,61.9744,2
WAIT,142,4,4,33967,61.9787,2
WAIT,142,5,5,33968,61.9828,2
WAIT,142,6,6,33969,61.9866,2
WAIT,142,7,7,33970,61.9928,2
FILHO,143,1,33974,45.6462,2
FILHO,143,2,33975,45.9805,2
FILHO,143,3,33976,46.6564,2
WAIT,143,0,1,33974,46.8506,2
WAIT,143,1,2,33975,46.8830,2
WAIT,143,2,3,33976,46.8883,2
FILHO,143,5,33978,59.7586,2
WAIT,143,3,5,33978,60.0016,2
FILHO,143,6,33979,60.0629,2
WAIT,143,4,6,33979,60.2451,2
FILHO,143,0,33973,61.4510,2
WAIT,143,5,0,33973,61.6423,2
FILHO,143,7,33980,62.0292,2
WAIT,143,6,7,33980,62.1851,2
FILHO,143,4,33977,59.2954,2
WAIT,143,7,4,33977,62.3178,2
FILHO,144,3,33986,42.3357,2
FILHO,144,1,33984,45.7597,2
FILHO,144,2,33985,48.4652,2
WAIT,144,0,1,33984,48.7684,2
WAIT,144,1,2,33985,48.8021,2
WAIT,144,2,3,33986,48.8079,2
FILHO,144,4,33987,52.2554,2
WAIT,144,3,4,33987,52.4693,2
FILHO,144,5,33988,56.4108,2
FILHO,144,6,33989,59.8239,2
WAIT,144,4,5,33988,60.0054,2
WAIT,144,5,6,33989,60.0191,2
FILHO,144,0,33983,60.9848,2
FILHO,144,7,33990,61.0817,2
WAIT,144,6,0,33983,61.1861,2
WAIT,144,7,7,33990,61.2511,2
FILHO,145,1,33994,45.4954,2
FILHO,145,2,33995,48.7072,2
FILHO,145,3,33996,49.4319,2
WAIT,145,0,1,33994,49.7111,2
WAIT,145,1,2,33995,49.7412,2
WAIT,145,2,3,33996,49.7481,2
FILHO,145,0,33993,53.3488,2
WAIT,145,3,0,33993,53.5311,2
FILHO,145,6,33999,59.4729,2
FILHO,145,5,33998,59.8871,2
FILHO,145,4,33997,60.0728,2
WAIT,145,4,4,33997,60.6863,2
WAIT,145,5,5,33998,60.6993,2
WAIT,145,6,6,33999,60.7056,2
FILHO,145,7,34000,61.9729,2
WAIT,145,7,7,34000,62.1279,2
FILHO,146,1,34004,45.6992,2
FILHO,146,2,34005,46.2496,2
FILHO,146,3,34006,47.0065,2
WAIT,146,0,1,34004,47.1966,2
WAIT,146,1,2,34005,47.2279,2
WAIT,146,2,3,34006,47.2335,2
FILHO,146,0,34003,56.5509,2
WAIT,146,3,0,34003,58.9577,2
FILHO,146,5,34008,59.7171,2
WAIT,146,4,5,34008,59.9072,2
FILHO,146,6,34009,60.9096,2
WAIT,146,5,6,34009,61.1046,2
FILHO,146,7,34010,61.7861,2
WAIT,146,6,7,34010,61.9553,2
FILHO,146,4,34007,62.4432,2
WAIT,146,7,4,34007,62.5879,2
FILHO,147,1,34014,45.5806,2
FILHO,147,3,34016,46.1753,2
FILHO,147,2,34015,47.1806,2
WAIT,147,0,1,34014,47.3658,2
WAIT,147,1,2,34015,47.3958,2
WAIT,147,2,3,34016,47.4012,2
FILHO,147,4,34017,60.2516,2
WAIT,147,3,4,34017,60.4857,2
FILHO,147,5,34018,60.8614,2
WAIT,147,4,5,34018,61.0447,2
FILHO,147,0,34013,61.8301,2
WAIT,147,5,0,34013,62.0253,2
FILHO,147,7,34020,62.4908,2
WAIT,147,6,7,34020,62.6490,2
FILHO,147,6,34019,59.7473,2
WAIT,147,7,6,34019,62.8093,2
FILHO,148,1,34024,45.4382,2
FILHO,148,2,34025,46.1670,2
FILHO,148,3,34026,46.5047,2
WAIT,148,0,1,34024,46.6950,2
WAIT,148,1,2,34025,46.7250,2
WAIT,148,2,3,34026,46.7318,2
FILHO,148,5,34028,59.5851,2
WAIT,148,3,5,34028,59.8094,2
FILHO,148,6,34029,59.9852,2
WAIT,148,4,6,34029,60.1594,2
FILHO,148,0,34023,60.6021,2
WAIT,148,5,0,34023,60.7867,2
FILHO,148,4,34027,60.9969,2
WAIT,148,6,4,34027,61.1715,2
FILHO,148,7,34030,61.9047,2
WAIT,148,7,7,34030,62.0646,2
FILHO,149,2,34036,27.5928,2
FILHO,149,1,34035,30.9457,2
WAIT,149,0,1,34035,31.1418,2
WAIT,149,1,2,34036,31.1706,2
FILHO,149,4,34038,53.5631,2
FILHO,149,5,34039,56.4711,2
FILHO,149,6,34040,59.3819,2
FILHO,149,0,34034,59.8498,2
FILHO,149,7,34041,55.6947,2
WAIT,149,2,0,34034,60.5947,2
WAIT,149,3,4,34038,60.6111,2
WAIT,149,4,5,34039,60.6173,2
WAIT,149,5,6,34040,60.6222,2
WAIT,149,6,7,34041,60.6278,2
FILHO,149,3,34037,61.5342,2
WAIT,149,7,3,34037,61.6959,2
FILHO,150,0,34044,59.9015,2
FILHO,150,1,34045,60.1920,2
FILHO,150,7,34051,60.7362,2
FILHO,150,4,34048,60.8140,2
FILHO,150,5,34049,61.2326,2
FILHO,150,6,34050,61.5285,2
FILHO,150,3,34047,61.6012,2
FILHO,150,2,34046,61.9283,2
WAIT,150,0,0,34044,62.0893,2
WAIT,150,1,1,34045,62.1100,2
WAIT,150,2,2,34046,62.1143,2
WAIT,150,3,3,34047,62.1193,2
WAIT,150,4,4,34048,62.1234,2
WAIT,150,5,5,34049,62.1279,2
WAIT,150,6,6,34050,62.1316,2
WAIT,150,7,7,34051,62.1362,2
FILHO,151,2,34056,45.9597,2
FILHO,151,1,34055,46.4624,2
FILHO,151,3,34057,46.9214,2
WAIT,151,0,1,34055,47.1019,2
WAIT,151,1,2,34056,47.1276,2
WAIT,151,2,3,34057,47.1332,2
FILHO,151,5,34059,60.5104,2
FILHO,151,6,34060,60.9227,2
WAIT,151,3,5,34059,61.1137,2
WAIT,151,4,6,34060,61.1222,2
FILHO,151,0,34054,61.2356,2
WAIT,151,5,0,34054,61.4242,2
FILHO,151,4,34058,61.7298,2
WAIT,151,6,4,34058,61.9190,2
FILHO,151,7,34061,62.6282,2
WAIT,151,7,7,34061,62.8057,2
FILHO,152,3,34067,31.5260,2
WAIT,152,0,3,34067,38.7033,2
FILHO,152,7,34071,50.3857,2
WAIT,152,1,7,34071,50.6067,2
FILHO,152,1,34065,60.4924,2
WAIT,152,2,1,34065,60.6993,2
FILHO,152,0,34064,61.2078,2
WAIT,152,3,0,34064,61.3896,2
FILHO,152,2,34066,61.5139,2
WAIT,152,4,2,34066,61.7092,2
FILHO,152,6,34070,62.7043,2
WAIT,152,5,6,34070,62.8880,2
FILHO,152,4,34068,63.2643,2
WAIT,152,6,4,34068,63.4788,2
FILHO,152,5,34069,63.9997,2
WAIT,152,7,5,34069,64.3213,2
FILHO,153,0,34080,39.5887,2
FILHO,153,2,34082,47.9207,2
FILHO,153,1,34081,48.1885,2
WAIT,153,0,0,34080,48.3902,2
WAIT,153,1,1,34081,48.4277,2
WAIT,153,2,2,34082,48.4426,2
FILHO,153,4,34084,60.6617,2
FILHO,153,6,34086,61.7124,2
WAIT,153,3,4,34084,62.6669,2
WAIT,153,4,6,34086,62.6830,2
FILHO,153,3,34083,64.2660,2
WAIT,153,5,3,34083,64.4727,2
FILHO,153,5,34085,64.5756,2
WAIT,153,6,5,34085,64.7829,2
FILHO,153,7,34087,64.8631,2
WAIT,153,7,7,34087,65.0197,2
FILHO,154,3,34099,19.8219,2
WAIT,154,0,3,34099,21.5150,2
FILHO,154,1,34097,56.6602,2
FILHO,154,4,34100,58.1748,2
FILHO,154,2,34098,59.1522,2
WAIT,154,1,1,34097,59.3994,2
WAIT,154,2,2,34098,59.4323,2
WAIT,154,3,4,34100,59.4672,2
FILHO,154,5,34101,63.0419,2
WAIT,154,4,5,34101,63.8742,2
FILHO,154,7,34103,64.2311,2
WAIT,154,5,7,34103,64.9156,2
FILHO,154,6,34102,64.8043,2
WAIT,154,6,6,34102,65.1241,2
FILHO,154,0,34096,65.1802,2
WAIT,154,7,0,34096,65.3520,2
FILHO,155,0,34112,57.1932,2
FILHO,155,4,34116,59.5276,2
FILHO,155,6,34118,59.6317,2
WAIT,155,0,0,34112,59.7532,2
WAIT,155,1,4,34116,59.7938,2
WAIT,155,2,6,34118,59.8339,2
FILHO,155,3,34115,61.1497,2
FILHO,155,5,34117,61.7648,2
WAIT,155,3,3,34115,61.8584,2
WAIT,155,4,5,34117,62.0029,2
FILHO,155,1,34113,62.5792,2
FILHO,155,7,34119,62.6799,2
FILHO,155,2,34114,63.1348,2
WAIT,155,5,1,34113,63.3173,2
WAIT,155,6,2,34114,63.3346,2
WAIT,155,7,7,34119,63.3476,2
FILHO,156,5,34133,59.3073,2
FILHO,156,3,34131,60.1577,2
FILHO,156,0,34128,60.5370,2
FILHO,156,4,34132,60.5817,2
FILHO,156,1,34129,54.3486,2
FILHO,156,2,34130,60.8743,2
FILHO,156,7,34135,60.9647,2
FILHO,156,6,34134,61.2236,2
WAIT,156,0,0,34128,61.3715,2
WAIT,156,1,1,34129,61.3913,2
WAIT,156,2,2,34130,61.3957,2
WAIT,156,3,3,34131,61.3995,2
WAIT,156,4,4,34132,61.4058,2
WAIT,156,5,5,34133,61.4104,2
WAIT,156,6,6,34134,61.4419,2
WAIT,156,7,7,34135,61.4493,2
FILHO,157,4,34142,16.0517,2
WAIT,157,0,4,34142,16.2725,2
FILHO,157,1,34139,55.3491,2
FILHO,157,2,34140,56.3722,2
FILHO,157,0,34138,56.4832,2
FILHO,157,7,34145,56.8010,2
WAIT,157,1,0,34138,56.9884,2
WAIT,157,2,7,34145,57.0028,2
WAIT,157,3,1,34139,57.0907,2
FILHO,157,3,34141,60.0571,2
FILHO,157,6,34144,62.3925,2
WAIT,157,4,2,34140,62.5730,2
WAIT,157,5,3,34141,62.5889,2
WAIT,157,6,6,34144,62.5962,2
FILHO,157,5,34143,62.6235,2
WAIT,157,7,5,34143,62.7649,2
FILHO,158,4,34152,15.9239,2
WAIT,158,0,4,34152,16.1842,2
FILHO,158,3,34151,53.4119,2
WAIT,158,1,3,34151,53.7207,2
FILHO,158,2,34150,54.2656,2
FILHO,158,1,34149,54.6657,2
WAIT,158,2,1,34149,54.8603,2
WAIT,158,3,2,34150,54.8823,2
FILHO,158,5,34153,60.1277,2
FILHO,158,6,34154,61.5951,2
FILHO,158,0,34148,61.6993,2
WAIT,158,4,0,34148,62.0279,2
WAIT,158,5,5,34153,62.0567,2
WAIT,158,6,6,34154,62.0784,2
FILHO,158,7,34155,62.4654,2
WAIT,158,7,7,34155,62.6908,2
FILHO,159,3,34161,15.2563,2
WAIT,159,0,3,34161,15.5451,2
FILHO,159,2,34160,49.1433,2
FILHO,159,7,34165,52.2714,2
WAIT,159,1,2,34160,55.5050,2
WAIT,159,2,7,34165,55.5194,2
FILHO,159,1,34159,55.7715,2
WAIT,159,3,1,34159,55.9552,2
FILHO,159,6,34164,59.7728,2
FILHO,159,0,34158,57.3419,2
FILHO,159,4,34162,60.5241,2
FILHO,159,5,34163,61.7044,2
WAIT,159,4,0,34158,61.8481,2
WAIT,159,5,4,34162,61.8612,2
WAIT,159,6,5,34163,61.8670,2
WAIT,159,7,6,34164,61.8739,2
FILHO,160,1,34169,45.4753,2
FILHO,160,3,34171,45.7603,2
FILHO,160,2,34170,45.9869,2
WAIT,160,0,1,34169,46.1701,2
WAIT,160,1,2,34170,46.1972,2
WAIT,160,2,3,34171,46.2030,2
FILHO,160,0,34168,56.6487,2
WAIT,160,3,0,34168,58.9319,2
FILHO,160,4,34172,58.9762,2
WAIT,160,4,4,34172,59.1617,2
FILHO,160,5,34173,59.4196,2
WAIT,160,5,5,34173,59.5917,2
FILHO,160,6,34174,59.7666,2
WAIT,160,6,6,34174,59.9741,2
FILHO,160,7,34175,61.9020,2
WAIT,160,7,7,34175,62.0676,2
FILHO,161,0,34178,53.1071,2
FILHO,161,3,34181,54.1985,2
FILHO,161,4,34182,60.0904,2
FILHO,161,1,34179,60.5978,2
FILHO,161,5,34183,61.2788,2
FILHO,161,6,34184,61.6514,2
FILHO,161,2,34180,61.6538,2
FILHO,161,7,34185,62.0098,2
WAIT,161,0,0,34178,62.1546,2
WAIT,161,1,1,34179,62.1762,2
WAIT,161,2,2,34180,62.1805,2
WAIT,161,3,3,34181,62.1849,2
WAIT,161,4,4,34182,62.1887,2
WAIT,161,5,5,34183,62.1937,2
WAIT,161,6,6,34184,62.1973,2
WAIT,161,7,7,34185,62.2015,2
FILHO,162,2,34190,57.3010,2
FILHO,162,6,34194,59.3798,2
FILHO,162,0,34188,60.0284,2
FILHO,162,4,34192,60.2759,2
FILHO,162,1,34189,60.3545,2
FILHO,162,5,34193,56.4033,2
FILHO,162,7,34195,60.7386,2
FILHO,162,3,34191,60.9895,2
WAIT,162,0,0,34188,61.1633,2
WAIT,162,1,1,34189,61.1837,2
WAIT,162,2,2,34190,61.1878,2
WAIT,162,3,3,34191,61.1916,2
WAIT,162,4,4,34192,61.1953,2
WAIT,162,5,5,34193,61.2010,2
WAIT,162,6,6,34194,61.2050,2
WAIT,162,7,7,34195,61.2087,2
FILHO,163,3,34201,44.5312,2
FILHO,163,1,34199,46.0917,2
FILHO,163,2,34200,46.3159,2
WAIT,163,0,1,34199,46.5373,2
WAIT,163,1,2,34200,46.5646,2
WAIT,163,2,3,34201,46.5714,2
FILHO,163,5,34203,56.6582,2
FILHO,163,4,34202,59.3018,2
WAIT,163,3,4,34202,59.5948,2
WAIT,163,4,5,34203,59.6070,2
FILHO,163,0,34198,59.9758,2
FILHO,163,6,34204,61.0323,2
WAIT,163,5,0,34198,61.7509,2
WAIT,163,6,6,34204,61.7633,2
FILHO,163,7,34205,62.1772,2
WAIT,163,7,7,34205,62.3209,2
FILHO,164,2,34210,54.4280,2
FILHO,164,6,34214,56.4770,2
FILHO,164,1,34209,57.4787,2
FILHO,164,3,34211,60.3065,2
FILHO,164,0,34208,51.4988,2
FILHO,164,4,34212,60.5534,2
FILHO,164,7,34215,60.9538,2
FILHO,164,5,34213,61.0843,2
WAIT,164,0,0,34208,61.1456,2
WAIT,164,1,1,34209,61.1729,2
WAIT,164,2,2,34210,61.1787,2
WAIT,164,3,3,34211,61.1860,2
WAIT,164,4,4,34212,61.1944,2
WAIT,164,5,6,34214,61.1995,2
WAIT,164,6,7,34215,61.2075,2
WAIT,164,7,5,34213,61.2618,2
FILHO,165,1,34220,45.8675,2
FILHO,165,2,34221,46.3069,2
FILHO,165,3,34222,46.7734,2
WAIT,165,0,1,34220,46.9613,2
WAIT,165,1,2,34221,46.9913,2
WAIT,165,2,3,34222,46.9977,2
FILHO,165,5,34224,59.4069,2
FILHO,165,4,34223,59.4864,2
WAIT,165,3,5,34224,59.6774,2
FILHO,165,6,34225,60.1794,2
WAIT,165,4,6,34225,60.3607,2
FILHO,165,0,34219,60.7086,2
WAIT,165,5,0,34219,60.9015,2
WAIT,165,6,4,34223,61.0311,2
FILHO,165,7,34226,62.6540,2
WAIT,165,7,7,34226,62.8179,2
FILHO,166,3,34232,45.2727,2
FILHO,166,5,34234,45.5680,2
FILHO,166,4,34233,46.2101,2
WAIT,166,0,3,34232,46.3939,2
WAIT,166,1,4,34233,46.4255,2
WAIT,166,2,5,34234,46.4315,2
FILHO,166,2,34231,59.1198,2
WAIT,166,3,2,34231,59.3633,2
FILHO,166,1,34230,59.4021,2
WAIT,166,4,1,34230,59.5797,2
FILHO,166,0,34229,60.3419,2
FILHO,166,6,34235,61.1313,2
WAIT,166,5,0,34229,61.9221,2
WAIT,166,6,6,34235,61.9323,2
FILHO,166,7,34236,62.4425,2
WAIT,166,7,7,34236,62.6394,2
FILHO,167,1,34240,33.5781,2
FILHO,167,2,34241,36.5890,2
WAIT,167,0,1,34240,36.7829,2
WAIT,167,1,2,34241,36.8055,2
FILHO,167,7,34246,43.5317,2
WAIT,167,2,7,34246,43.7229,2
FILHO,167,0,34239,57.0280,2
FILHO,167,3,34242,57.4119,2
WAIT,167,3,0,34239,57.5947,2
WAIT,167,4,3,34242,57.6086,2
FILHO,167,4,34243,58.9033,2
WAIT,167,5,4,34243,61.3443,2
FILHO,167,5,34244,61.3052,2
WAIT,167,6,5,34244,61.5135,2
FILHO,167,6,34245,61.8645,2
WAIT,167,7,6,34245,62.0102,2
FILHO,168,1,34250,45.5357,2
FILHO,168,3,34252,46.1567,2
FILHO,168,2,34251,46.7706,2
WAIT,168,0,1,34250,46.9829,2
WAIT,168,1,2,34251,47.0265,2
WAIT,168,2,3,34252,47.0482,2
FILHO,168,5,34254,58.6118,2
FILHO,168,4,34253,59.3776,2
WAIT,168,3,4,34253,59.6086,2
WAIT,168,4,5,34254,59.7457,2
FILHO,168,0,34249,60.6924,2
WAIT,168,5,0,34249,60.9225,2
FILHO,168,7,34256,61.6958,2
FILHO,168,6,34255,61.7396,2
WAIT,168,6,6,34255,61.9225,2
WAIT,168,7,7,34256,61.9483,2
FILHO,169,1,34266,41.7410,2
FILHO,169,0,34265,45.9302,2
FILHO,169,2,34267,44.7989,2
WAIT,169,0,0,34265,46.4432,2
WAIT,169,1,1,34266,46.4711,2
WAIT,169,2,2,34267,46.4769,2
FILHO,169,4,34269,59.3248,2
WAIT,169,3,4,34269,59.5791,2
FILHO,169,5,34270,59.7559,2
FILHO,169,6,34271,59.7738,2
WAIT,169,4,5,34270,59.9603,2
FILHO,169,3,34268,60.2198,2
WAIT,169,5,3,34268,60.4081,2
WAIT,169,6,6,34271,60.5503,2
FILHO,169,7,34272,62.1858,2
WAIT,169,7,7,34272,62.3417,2
FILHO,170,1,34276,45.6470,2
FILHO,170,2,34277,46.0890,2
FILHO,170,3,34278,46.4724,2
WAIT,170,0,1,34276,46.6585,2
WAIT,170,1,2,34277,46.6843,2
WAIT,170,2,3,34278,46.6899,2
FILHO,170,5,34280,56.7886,2
FILHO,170,4,34279,58.9905,2
WAIT,170,3,4,34279,59.1960,2
WAIT,170,4,5,34280,59.2892,2
FILHO,170,6,34281,60.2211,2
FILHO,170,0,34275,60.6583,2
WAIT,170,5,0,34275,60.9511,2
WAIT,170,6,6,34281,60.9634,2
FILHO,170,7,34282,61.7572,2
WAIT,170,7,7,34282,61.8971,2
FILHO,171,4,34289,53.3202,2
FILHO,171,0,34285,60.0035,2
FILHO,171,1,34286,60.4167,2
FILHO,171,7,34292,60.9071,2
FILHO,171,5,34290,61.0334,2
FILHO,171,3,34288,54.4179,2
FILHO,171,6,34291,61.2942,2
FILHO,171,2,34287,61.6624,2
WAIT,171,0,0,34285,61.8234,2
WAIT,171,1,1,34286,61.8494,2
WAIT,171,2,2,34287,61.8586,2
WAIT,171,3,3,34288,61.8692,2
WAIT,171,4,4,34289,61.8777,2
WAIT,171,5,5,34290,61.8892,2
WAIT,171,6,6,34291,61.8976,2
WAIT,171,7,7,34292,61.9092,2
FILHO,172,3,34298,44.8090,2
FILHO,172,1,34296,45.6843,2
FILHO,172,2,34297,46.5179,2
WAIT,172,0,1,34296,46.7980,2
WAIT,172,1,2,34297,46.8284,2
WAIT,172,2,3,34298,46.8349,2
FILHO,172,4,34299,58.7780,2
WAIT,172,3,4,34299,58.9926,2
FILHO,172,5,34300,59.1549,2
WAIT,172,4,5,34300,59.3304,2
FILHO,172,6,34301,60.0336,2
FILHO,172,0,34295,60.5119,2
FILHO,172,7,34302,61.6703,2
WAIT,172,5,0,34295,61.8084,2
WAIT,172,6,6,34301,61.8213,2
WAIT,172,7,7,34302,61.8274,2
FILHO,173,1,34306,48.7188,2
FILHO,173,3,34308,49.3643,2
FILHO,173,2,34307,45.4777,2
WAIT,173,0,1,34306,49.7390,2
WAIT,173,1,2,34307,49.7715,2
WAIT,173,2,3,34308,49.7770,2
FILHO,173,5,34310,52.7346,2
WAIT,173,3,5,34310,52.9238,2
FILHO,173,6,34311,59.1797,2
FILHO,173,4,34309,59.6146,2
FILHO,173,0,34305,60.5935,2
WAIT,173,4,0,34305,60.7965,2
WAIT,173,5,4,34309,60.8065,2
WAIT,173,6,6,34311,60.8119,2
FILHO,173,7,34312,61.9200,2
WAIT,173,7,7,34312,62.0773,2
FILHO,174,1,34316,31.2154,2
FILHO,174,2,34317,31.9865,2
WAIT,174,0,1,34316,32.1889,2
WAIT,174,1,2,34317,32.2201,2
FILHO,174,4,34319,53.7317,2
WAIT,174,2,4,34319,60.0036,2
FILHO,174,0,34315,61.0973,2
FILHO,174,3,34318,59.8403,2
WAIT,174,3,0,34315,61.4438,2
WAIT,174,4,3,34318,61.4559,2
FILHO,174,6,34321,62.5797,2
FILHO,174,5,34320,62.6608,2
WAIT,174,5,5,34320,62.8251,2
WAIT,174,6,6,34321,62.8364,2
FILHO,174,7,34322,62.9869,2
WAIT,174,7,7,34322,63.1322,2
FILHO,175,2,34327,45.0243,2
FILHO,175,1,34326,45.3966,2
FILHO,175,3,34328,45.9429,2
WAIT,175,0,1,34326,46.1274,2
WAIT,175,1,2,34327,46.1834,2
WAIT,175,2,3,34328,46.1991,2
FILHO,175,0,34325,56.9738,2
FILHO,175,4,34329,58.0555,2
WAIT,175,3,4,34329,58.2787,2
FILHO,175,5,34330,56.0894,2
WAIT,175,4,5,34330,58.4417,2
WAIT,175,5,0,34325,60.2104,2
FILHO,175,6,34331,60.2822,2
WAIT,175,6,6,34331,60.4637,2
FILHO,175,7,34332,61.5287,2
WAIT,175,7,7,34332,61.7406,2
FILHO,176,1,34336,55.3414,2
FILHO,176,4,34339,51.2782,2
FILHO,176,2,34337,58.6327,2
WAIT,176,0,1,34336,58.8141,2
WAIT,176,1,2,34337,58.8465,2
WAIT,176,2,4,34339,58.8520,2
FILHO,176,7,34342,59.0324,2
WAIT,176,3,7,34342,59.2040,2
FILHO,176,3,34338,59.9312,2
FILHO,176,0,34335,61.0868,2
WAIT,176,4,0,34335,61.2627,2
WAIT,176,5,3,34338,61.2740,2
FILHO,176,6,34341,59.3267,2
WAIT,176,6,6,34341,61.5486,2
FILHO,176,5,34340,61.9427,2
WAIT,176,7,5,34340,62.0919,2
FILHO,177,1,34346,45.4748,2
FILHO,177,2,34347,45.9989,2
FILHO,177,3,34348,46.3696,2
WAIT,177,0,1,34346,46.5499,2
WAIT,177,1,2,34347,46.5745,2
WAIT,177,2,3,34348,46.5809,2
FILHO,177,4,34349,58.9177,2
WAIT,177,3,4,34349,59.0959,2
FILHO,177,5,34350,59.2778,2
WAIT,177,4,5,34350,59.4461,2
FILHO,177,0,34345,59.7158,2
FILHO,177,6,34351,60.0107,2
WAIT,177,5,0,34345,60.7147,2
WAIT,177,6,6,34351,60.7276,2
FILHO,177,7,34352,61.7128,2
WAIT,177,7,7,34352,61.8582,2
FILHO,178,3,34358,30.2836,2
FILHO,178,4,34359,30.9899,2
WAIT,178,0,3,34358,31.1845,2
WAIT,178,1,4,34359,31.2151,2
FILHO,178,0,34355,54.4729,2
FILHO,178,6,34361,57.3303,2
FILHO,178,7,34362,58.5715,2
FILHO,178,5,34360,60.4848,2
WAIT,178,2,0,34355,60.7503,2
WAIT,178,3,5,34360,60.7656,2
WAIT,178,4,6,34361,60.7716,2
FILHO,178,2,34357,60.9632,2
WAIT,178,5,2,34357,61.1418,2
WAIT,178,6,7,34362,61.2232,2
FILHO,178,1,34356,61.5358,2
WAIT,178,7,1,34356,61.6828,2
FILHO,179,0,34365,45.5553,2
FILHO,179,1,34366,45.9760,2
FILHO,179,2,34367,46.6476,2
WAIT,179,0,0,34365,46.8288,2
WAIT,179,1,1,34366,46.8555,2
WAIT,179,2,2,34367,46.8609,2
FILHO,179,5,34370,57.8638,2
WAIT,179,3,5,34370,59.0618,2
FILHO,179,4,34369,59.2281,2
WAIT,179,4,4,34369,59.4015,2
FILHO,179,3,34368,60.0863,2
FILHO,179,6,34371,61.3031,2
WAIT,179,5,3,34368,62.0619,2
WAIT,179,6,6,34371,62.0739,2
FILHO,179,7,34372,62.1049,2
WAIT,179,7,7,34372,62.2443,2
FILHO,180,1,34377,45.5193,2
FILHO,180,2,34378,48.4944,2
FILHO,180,3,34379,48.8709,2
WAIT,180,0,1,34377,49.0624,2
WAIT,180,1,2,34378,49.0940,2
WAIT,180,2,3,34379,49.0994,2
FILHO,180,4,34380,52.5948,2
WAIT,180,3,4,34380,52.7844,2
FILHO,180,6,34382,59.1899,2
FILHO,180,5,34381,59.9157,2
FILHO,180,7,34383,60.8377,2
WAIT,180,4,5,34381,61.2872,2
WAIT,180,5,6,34382,61.2995,2
WAIT,180,6,7,34383,61.3035,2
FILHO,180,0,34376,61.5617,2
WAIT,180,7,0,34376,61.7130,2
FILHO,181,0,34386,60.2810,2
FILHO,181,1,34387,60.8645,2
FILHO,181,5,34391,61.3440,2
FILHO,181,4,34390,61.7471,2
FILHO,181,2,34388,61.7520,2
FILHO,181,3,34389,62.2182,2
FILHO,181,6,34392,62.3631,2
WAIT,181,0,0,34386,62.5435,2
WAIT,181,1,1,34387,62.5713,2
WAIT,181,2,2,34388,62.5782,2
WAIT,181,3,3,34389,62.5856,2
WAIT,181,4,4,34390,62.5908,2
WAIT,181,5,5,34391,62.5958,2
WAIT,181,6,6,34392,62.6019,2
FILHO,181,7,34393,62.7584,2
WAIT,181,7,7,34393,62.8899,2
FILHO,182,3,34399,45.4607,2
FILHO,182,1,34397,45.9809,2
FILHO,182,2,34398,42.4639,2
WAIT,182,0,1,34397,46.4742,2
WAIT,182,1,2,34398,46.5000,2
WAIT,182,2,3,34399,46.5283,2
FILHO,182,5,34401,58.4393,2
FILHO,182,4,34400,58.8820,2
WAIT,182,3,4,34400,59.0589,2
WAIT,182,4,5,34401,59.1885,2
FILHO,182,6,34402,59.3683,2
WAIT,182,5,6,34402,59.5323,2
FILHO,182,0,34396,61.0797,2
WAIT,182,6,0,34396,61.2554,2
FILHO,182,7,34403,61.7069,2
WAIT,182,7,7,34403,61.8491,2
FILHO,183,1,34407,45.7505,2
FILHO,183,2,34408,42.0593,2
FILHO,183,3,34409,46.6713,2
WAIT,183,0,1,34407,46.8627,2
WAIT,183,1,2,34408,46.8901,2
WAIT,183,2,3,34409,46.8956,2
FILHO,183,6,34412,59.9284,2
FILHO,183,4,34410,59.9804,2
FILHO,183,5,34411,60.2022,2
WAIT,183,3,4,34410,60.3927,2
WAIT,183,4,5,34411,60.4046,2
FILHO,183,0,34406,60.5027,2
WAIT,183,5,0,34406,60.6955,2
WAIT,183,6,6,34412,60.7801,2
FILHO,183,7,34413,62.5526,2
WAIT,183,7,7,34413,62.7145,2
FILHO,184,2,34418,44.6497,2
FILHO,184,1,34417,45.8391,2
FILHO,184,3,34419,46.0940,2
WAIT,184,0,1,34417,46.3634,2
WAIT,184,1,2,34418,46.3918,2
WAIT,184,2,3,34419,46.3975,2
FILHO,184,0,34416,56.6242,2
WAIT,184,3,0,34416,58.8172,2
FILHO,184,5,34421,55.7644,2
WAIT,184,4,5,34421,58.9912,2
FILHO,184,4,34420,59.3060,2
WAIT,184,5,4,34420,59.4818,2
FILHO,184,6,34422,59.6420,2
WAIT,184,6,6,34422,59.8137,2
FILHO,184,7,34423,61.7225,2
WAIT,184,7,7,34423,61.8836,2
FILHO,185,1,34427,45.5334,2
FILHO,185,2,34428,45.8058,2
FILHO,185,3,34429,46.4850,2
WAIT,185,0,1,34427,46.6715,2
WAIT,185,1,2,34428,46.7012,2
WAIT,185,2,3,34429,46.7080,2
FILHO,185,5,34431,59.8228,2
WAIT,185,3,5,34431,60.0221,2
FILHO,185,6,34432,60.3036,2
WAIT,185,4,6,34432,60.4993,2
FILHO,185,0,34426,60.7986,2
WAIT,185,5,0,34426,60.9817,2
FILHO,185,7,34433,62.2298,2
WAIT,185,6,7,34433,62.4439,2
FILHO,185,4,34430,62.5338,2
WAIT,185,7,4,34430,62.6760,2
FILHO,186,1,34437,46.1041,2
FILHO,186,2,34438,46.9875,2
FILHO,186,3,34439,47.6629,2
WAIT,186,0,1,34437,47.8687,2
WAIT,186,1,2,34438,47.8976,2
WAIT,186,2,3,34439,47.9041,2
FILHO,186,0,34436,56.7685,2
WAIT,186,3,0,34436,60.1287,2
FILHO,186,5,34441,60.9989,2
WAIT,186,4,5,34441,61.2047,2
FILHO,186,6,34442,61.3638,2
WAIT,186,5,6,34442,61.5451,2
FILHO,186,7,34443,62.5685,2
WAIT,186,6,7,34443,62.7681,2
FILHO,186,4,34440,62.8653,2
WAIT,186,7,4,34440,63.0061,2
FILHO,187,3,34449,57.4444,2
FILHO,187,6,34452,59.4254,2
FILHO,187,0,34446,60.1478,2
FILHO,187,7,34453,60.4305,2
FILHO,187,4,34450,60.5267,2
FILHO,187,5,34451,56.4898,2
FILHO,187,1,34447,60.8617,2
FILHO,187,2,34448,61.1103,2
WAIT,187,0,0,34446,61.3356,2
WAIT,187,1,1,34447,61.3617,2
WAIT,187,2,2,34448,61.3704,2
WAIT,187,3,3,34449,61.3824,2
WAIT,187,4,4,34450,61.3915,2
WAIT,187,5,5,34451,61.4023,2
WAIT,187,6,6,34452,61.4103,2
WAIT,187,7,7,34453,61.4213,2
FILHO,188,1,34457,39.5056,2
FILHO,188,3,34459,45.4614,2
FILHO,188,2,34458,42.5338,2
WAIT,188,0,1,34457,45.9913,2
WAIT,188,1,2,34458,46.0221,2
WAIT,188,2,3,34459,46.0278,2
FILHO,188,4,34460,58.4943,2
FILHO,188,5,34461,58.6852,2
WAIT,188,3,5,34461,58.8798,2
WAIT,188,4,4,34460,58.9964,2
FILHO,188,6,34462,59.3297,2
WAIT,188,5,6,34462,59.4842,2
FILHO,188,0,34456,59.7075,2
WAIT,188,6,0,34456,59.8909,2
FILHO,188,7,34463,61.5132,2
WAIT,188,7,7,34463,61.6862,2
FILHO,189,3,34469,45.1882,2
FILHO,189,1,34467,45.6085,2
FILHO,189,2,34468,46.0747,2
WAIT,189,0,1,34467,46.2827,2
WAIT,189,1,2,34468,46.3118,2
WAIT,189,2,3,34469,46.3175,2
FILHO,189,4,34470,58.2867,2
WAIT,189,3,4,34470,58.4805,2
FILHO,189,5,34471,57.3230,2
WAIT,189,4,5,34471,58.6416,2
FILHO,189,6,34472,59.0610,2
WAIT,189,5,6,34472,59.2120,2
FILHO,189,0,34466,60.1755,2
WAIT,189,6,0,34466,60.3539,2
FILHO,189,7,34473,61.5910,2
WAIT,189,7,7,34473,61.7388,2
FILHO,190,3,34479,53.9494,2
FILHO,190,0,34476,50.9726,2
FILHO,190,4,34480,54.0194,2
FILHO,190,1,34477,60.4042,2
FILHO,190,5,34481,60.6471,2
FILHO,190,2,34478,61.0887,2
FILHO,190,6,34482,61.9482,2
FILHO,190,7,34483,62.2910,2
WAIT,190,0,0,34476,62.4309,2
WAIT,190,1,1,34477,62.4483,2
WAIT,190,2,2,34478,62.4539,2
WAIT,190,3,3,34479,62.4579,2
WAIT,190,4,4,34480,62.4619,2
WAIT,190,5,5,34481,62.4664,2
WAIT,190,6,6,34482,62.4704,2
WAIT,190,7,7,34483,62.4740,2
FILHO,191,2,34488,41.8616,2
FILHO,191,3,34489,44.9852,2
FILHO,191,1,34487,45.8705,2
WAIT,191,0,1,34487,46.2260,2
WAIT,191,1,2,34488,46.2565,2
WAIT,191,2,3,34489,46.2620,2
FILHO,191,4,34490,55.9946,2
FILHO,191,0,34486,56.5460,2
WAIT,191,3,0,34486,58.1019,2
WAIT,191,4,4,34490,59.2091,2
FILHO,191,5,34491,59.3807,2
WAIT,191,5,5,34491,59.5590,2
FILHO,191,6,34492,60.1756,2
WAIT,191,6,6,34492,60.3605,2
FILHO,191,7,34493,61.4794,2
WAIT,191,7,7,34493,61.6377,2
FILHO,192,1,34497,45.5781,2
FILHO,192,2,34498,41.7723,2
FILHO,192,3,34499,46.1512,2
WAIT,192,0,1,34497,46.3357,2
WAIT,192,1,2,34498,46.3618,2
WAIT,192,2,3,34499,46.3678,2
FILHO,192,4,34500,59.4132,2
FILHO,192,5,34501,59.6942,2
WAIT,192,3,4,34500,59.8903,2
WAIT,192,4,5,34501,59.9034,2
FILHO,192,0,34496,60.1271,2
WAIT,192,5,0,34496,60.3014,2
FILHO,192,6,34502,61.0244,2
WAIT,192,6,6,34502,61.2009,2
FILHO,192,7,34503,62.3585,2
WAIT,192,7,7,34503,62.5116,2
FILHO,193,1,34507,46.0314,2
FILHO,193,3,34509,46.4433,2
FILHO,193,2,34508,47.4954,2
WAIT,193,0,1,34507,47.6728,2
WAIT,193,1,2,34508,47.7008,2
WAIT,193,2,3,34509,47.7063,2
FILHO,193,5,34511,60.1938,2
WAIT,193,3,5,34511,60.4126,2
FILHO,193,6,34512,58.7308,2
WAIT,193,4,6,34512,60.5779,2
FILHO,193,0,34506,61.1770,2
WAIT,193,5,0,34506,61.3555,2
FILHO,193,7,34513,62.5355,2
WAIT,193,6,7,34513,62.6888,2
FILHO,193,4,34510,63.3048,2
WAIT,193,7,4,34510,63.4472,2
FILHO,194,2,34518,53.6546,2
FILHO,194,4,34520,53.6498,2
FILHO,194,0,34516,60.1321,2
FILHO,194,1,34517,60.6572,2
FILHO,194,5,34521,60.6963,2
FILHO,194,6,34522,61.1701,2
FILHO,194,3,34519,61.2770,2
WAIT,194,0,0,34516,61.4550,2
WAIT,194,1,1,34517,61.4827,2
WAIT,194,2,2,34518,61.4890,2
WAIT,194,3,3,34519,61.4948,2
WAIT,194,4,4,34520,61.5027,2
WAIT,194,5,5,34521,61.5080,2
WAIT,194,6,6,34522,61.5161,2
FILHO,194,7,34523,61.5848,2
WAIT,194,7,7,34523,61.7205,2
FILHO,195,5,34532,56.5726,2
FILHO,195,1,34528,57.4808,2
FILHO,195,0,34527,60.0177,2
FILHO,195,4,34531,60.3668,2
FILHO,195,6,34533,60.9364,2
FILHO,195,7,34534,60.9999,2
FILHO,195,2,34529,61.1774,2
FILHO,195,3,34530,61.3937,2
WAIT,195,0,0,34527,61.5879,2
WAIT,195,1,1,34528,61.6093,2
WAIT,195,2,2,34529,61.6136,2
WAIT,195,3,3,34530,61.6186,2
WAIT,195,4,4,34531,61.6224,2
WAIT,195,5,5,34532,61.6261,2
WAIT,195,6,6,34533,61.6333,2
WAIT,195,7,7,34534,61.6376,2
FILHO,196,4,34541,45.0699,2
FILHO,196,2,34539,46.2076,2
FILHO,196,3,34540,46.4192,2
WAIT,196,0,2,34539,46.6242,2
WAIT,196,1,3,34540,46.6544,2
WAIT,196,2,4,34541,46.6598,2
FILHO,196,1,34538,59.4335,2
WAIT,196,3,1,34538,59.6248,2
FILHO,196,5,34542,59.8870,2
WAIT,196,4,5,34542,60.0663,2
FILHO,196,6,34543,60.1277,2
FILHO,196,0,34537,60.2902,2
FILHO,196,7,34544,62.4058,2
WAIT,196,5,0,34537,62.5452,2
WAIT,196,6,6,34543,62.5561,2
WAIT,196,7,7,34544,62.5620,2
FILHO,197,3,34550,45.0352,2
FILHO,197,1,34548,45.5480,2
FILHO,197,2,34549,42.1143,2
WAIT,197,0,1,34548,45.9540,2
WAIT,197,1,2,34549,45.9811,2
WAIT,197,2,3,34550,45.9866,2
FILHO,197,4,34551,55.1367,2
WAIT,197,3,4,34551,58.3360,2
FILHO,197,5,34552,58.1191,2
WAIT,197,4,5,34552,58.4965,2
FILHO,197,6,34553,58.9251,2
WAIT,197,5,6,34553,59.0751,2
FILHO,197,0,34547,59.8588,2
WAIT,197,6,0,34547,60.0375,2
FILHO,197,7,34554,61.3903,2
WAIT,197,7,7,34554,61.5385,2
FILHO,198,3,34560,44.9633,2
FILHO,198,1,34558,45.5038,2
FILHO,198,2,34559,46.0798,2
WAIT,198,0,1,34558,46.2682,2
WAIT,198,1,2,34559,46.2963,2
WAIT,198,2,3,34560,46.3028,2
FILHO,198,6,34563,59.8017,2
FILHO,198,5,34562,60.0305,2
WAIT,198,3,5,34562,60.2171,2
WAIT,198,4,6,34563,60.2307,2
FILHO,198,0,34557,60.5373,2
WAIT,198,5,0,34557,60.7096,2
FILHO,198,4,34561,61.0298,2
WAIT,198,6,4,34561,61.2197,2
FILHO,198,7,34564,62.0534,2
WAIT,198,7,7,34564,62.3107,2
FILHO,199,1,34568,36.4923,2
FILHO,199,2,34569,33.2969,2
WAIT,199,0,1,34568,36.8714,2
WAIT,199,1,2,34569,36.8990,2
FILHO,199,6,34573,42.8642,2
WAIT,199,2,6,34573,43.0478,2
FILHO,199,3,34570,56.1892,2
FILHO,199,7,34574,55.3184,2
WAIT,199,3,7,34574,58.5272,2
FILHO,199,0,34567,59.0706,2
FILHO,199,4,34571,59.2029,2
WAIT,199,4,0,34567,59.2489,2
WAIT,199,5,3,34570,59.4687,2
WAIT,199,6,4,34571,59.4809,2
FILHO,199,5,34572,61.6077,2
WAIT,199,7,5,34572,61.7634,2
FILHO,200,3,34580,30.4966,2
FILHO,200,4,34581,30.7686,2
WAIT,200,0,3,34580,30.9609,2
WAIT,200,1,4,34581,30.9989,2
FILHO,200,1,34578,57.4072,2
FILHO,200,5,34582,57.4588,2
FILHO,200,2,34579,60.8943,2
FILHO,200,7,34584,61.4370,2
FILHO,200,6,34583,61.6217,2
WAIT,200,2,1,34578,61.7098,2
WAIT,200,3,2,34579,61.7421,2
WAIT,200,4,5,34582,61.7707,2
WAIT,200,5,6,34583,61.7996,2
WAIT,200,6,7,34584,61.8232,2
FILHO,200,0,34577,62.2562,2
WAIT,200,7,0,34577,62.4995,2
FILHO,201,1,34594,45.5655,2
FILHO,201,2,34595,42.3175,2
FILHO,201,3,34596,46.2055,2
WAIT,201,0,1,34594,46.4153,2
WAIT,201,1,2,34595,46.4439,2
WAIT,201,2,3,34596,46.4492,2
FILHO,201,4,34597,59.2759,2
WAIT,201,3,4,34597,59.4892,2
FILHO,201,6,34599,59.7320,2
WAIT,201,4,6,34599,59.9075,2
FILHO,201,0,34593,60.0686,2
WAIT,201,5,0,34593,60.2494,2
FILHO,201,5,34598,60.6538,2
WAIT,201,6,5,34598,60.8376,2
FILHO,201,7,34600,61.9327,2
WAIT,201,7,7,34600,62.0915,2
FILHO,202,3,34606,42.4511,2
WAIT,202,0,3,34606,45.6824,2
FILHO,202,2,34605,45.7282,2
WAIT,202,1,2,34605,45.8980,2
FILHO,202,1,34604,46.1567,2
WAIT,202,2,1,34604,46.3286,2
FILHO,202,4,34607,58.2473,2
WAIT,202,3,4,34607,58.4359,2
FILHO,202,5,34608,57.6400,2
WAIT,202,4,5,34608,58.6152,2
FILHO,202,6,34609,59.5103,2
FILHO,202,0,34603,59.8649,2
WAIT,202,5,0,34603,60.7006,2
WAIT,202,6,6,34609,60.7174,2
FILHO,202,7,34610,61.2832,2
WAIT,202,7,7,34610,61.4254,2
FILHO,203,3,34616,53.4986,2
FILHO,203,4,34617,53.5306,2
FILHO,203,5,34618,56.6228,2
FILHO,203,2,34615,56.6448,2
WAIT,203,0,3,34616,59.7142,2
WAIT,203,1,4,34617,59.7406,2
FILHO,203,0,34613,60.5372,2
WAIT,203,2,0,34613,60.7378,2
WAIT,203,3,5,34618,60.8486,2
WAIT,203,4,2,34615,60.9922,2
FILHO,203,6,34619,61.0533,2
WAIT,203,5,6,34619,61.2226,2
FILHO,203,7,34620,61.2111,2
WAIT,203,6,7,34620,61.4031,2
FILHO,203,1,34614,61.4969,2
WAIT,203,7,1,34614,61.6496,2
FILHO,204,2,34625,39.5496,2
FILHO,204,1,34624,42.5624,2
FILHO,204,3,34626,45.3125,2
WAIT,204,0,1,34624,45.8294,2
WAIT,204,1,2,34625,45.8577,2
WAIT,204,2,3,34626,45.8633,2
FILHO,204,4,34627,57.4410,2
WAIT,204,3,4,34627,58.6333,2
FILHO,204,5,34628,58.6046,2
WAIT,204,4,5,34628,58.8186,2
FILHO,204,0,34623,56.5816,2
FILHO,204,6,34629,59.5804,2
WAIT,204,5,0,34623,60.6465,2
WAIT,204,6,6,34629,60.6581,2
FILHO,204,7,34630,61.0091,2
WAIT,204,7,7,34630,61.1456,2
FILHO,205,4,34637,53.7450,2
FILHO,205,2,34635,53.7887,2
FILHO,205,3,34636,56.6280,2
FILHO,205,5,34638,56.6606,2
FILHO,205,0,34633,60.0794,2
FILHO,205,1,34634,60.6372,2
WAIT,205,0,0,34633,60.8198,2
WAIT,205,1,1,34634,60.8463,2
WAIT,205,2,3,34636,60.8527,2
FILHO,205,6,34639,60.8155,2
WAIT,205,3,4,34637,60.8769,2
WAIT,205,4,5,34638,60.8842,2
WAIT,205,5,2,34635,60.9879,2
WAIT,205,6,6,34639,60.9991,2
FILHO,205,7,34640,61.3419,2
WAIT,205,7,7,34640,61.4863,2
FILHO,206,1,34644,45.1423,2
FILHO,206,0,34643,45.5795,2
FILHO,206,2,34645,46.0609,2
WAIT,206,0,0,34643,46.3752,2
WAIT,206,1,1,34644,46.4066,2
WAIT,206,2,2,34645,46.4119,2
FILHO,206,3,34646,57.0403,2
FILHO,206,6,34649,58.1750,2
WAIT,206,3,3,34646,59.2821,2
FILHO,206,4,34647,59.5740,2
WAIT,206,4,4,34647,59.7539,2
WAIT,206,5,6,34649,59.8642,2
FILHO,206,7,34650,60.1182,2
WAIT,206,6,7,34650,60.2875,2
FILHO,206,5,34648,62.2813,2
WAIT,206,7,5,34648,62.4326,2
FILHO,207,2,34655,44.7482,2
FILHO,207,0,34653,45.8394,2
FILHO,207,1,34654,46.3981,2
WAIT,207,0,0,34653,46.6081,2
WAIT,207,1,1,34654,46.6359,2
WAIT,207,2,2,34655,46.6426,2
FILHO,207,4,34657,58.8143,2
WAIT,207,3,4,34657,59.0263,2
FILHO,207,5,34658,59.3838,2
WAIT,207,4,5,34658,59.5578,2
FILHO,207,3,34656,59.6670,2
WAIT,207,5,3,34656,59.8410,2
FILHO,207,6,34659,60.2632,2
WAIT,207,6,6,34659,60.4416,2
FILHO,207,7,34660,62.0210,2
WAIT,207,7,7,34660,62.1714,2
FILHO,208,5,34668,53.0482,2
FILHO,208,2,34665,54.0143,2
FILHO,208,6,34669,59.0786,2
FILHO,208,7,34670,60.0285,2
FILHO,208,0,34663,60.1081,2
WAIT,208,0,2,34665,60.2507,2
WAIT,208,1,7,34670,60.2852,2
WAIT,208,2,0,34663,60.3136,2
WAIT,208,3,5,34668,60.3793,2
FILHO,208,4,34667,60.5167,2
WAIT,208,4,4,34667,60.6928,2
WAIT,208,5,6,34669,60.7566,2
FILHO,208,1,34664,60.7875,2
WAIT,208,6,1,34664,60.9379,2
FILHO,208,3,34666,61.1043,2
WAIT,208,7,3,34666,61.2691,2
FILHO,209,3,34676,45.2894,2
FILHO,209,1,34674,45.4527,2
FILHO,209,2,34675,45.6735,2
WAIT,209,0,1,34674,45.9098,2
WAIT,209,1,2,34675,45.9381,2
WAIT,209,2,3,34676,45.9435,2
FILHO,209,4,34677,55.3023,2
FILHO,209,5,34678,58.3332,2
WAIT,209,3,4,34677,58.5009,2
WAIT,209,4,5,34678,58.6224,2
FILHO,209,6,34679,59.0345,2
WAIT,209,5,6,34679,59.1821,2
FILHO,209,0,34673,59.7030,2
WAIT,209,6,0,34673,59.8802,2
FILHO,209,7,34680,61.3967,2
WAIT,209,7,7,34680,61.5699,2
FILHO,210,2,34685,45.2863,2
FILHO,210,1,34684,45.6394,2
FILHO,210,3,34686,42.3830,2
WAIT,210,0,1,34684,45.9948,2
WAIT,210,1,2,34685,46.0204,2
WAIT,210,2,3,34686,46.0266,2
FILHO,210,4,34687,55.3892,2
WAIT,210,3,4,34687,58.5873,2
FILHO,210,5,34688,58.3819,2
WAIT,210,4,5,34688,58.7326,2
FILHO,210,6,34689,59.1936,2
WAIT,210,5,6,34689,59.3379,2
FILHO,210,0,34683,59.8275,2
WAIT,210,6,0,34683,60.0001,2
FILHO,210,7,34690,61.6137,2
WAIT,210,7,7,34690,61.7621,2
FILHO,211,2,34696,29.9067,2
FILHO,211,1,34695,30.4924,2
WAIT,211,0,1,34695,30.7239,2
WAIT,211,1,2,34696,30.7523,2
FILHO,211,4,34698,53.8815,2
FILHO,211,3,34697,54.9080,2
FILHO,211,5,34699,56.9169,2
FILHO,211,7,34701,57.8576,2
FILHO,211,6,34700,60.1981,2
WAIT,211,2,4,34698,60.3924,2
WAIT,211,3,5,34699,60.4040,2
WAIT,211,4,6,34700,60.4094,2
WAIT,211,5,7,34701,60.4148,2
WAIT,211,6,3,34697,60.4206,2
FILHO,211,0,34694,60.9714,2
WAIT,211,7,0,34694,61.1410,2
FILHO,212,1,34705,45.4052,2
FILHO,212,3,34707,42.3244,2
FILHO,212,2,34706,46.2398,2
WAIT,212,0,1,34705,46.4355,2
WAIT,212,1,2,34706,46.4639,2
WAIT,212,2,3,34707,46.4696,2
FILHO,212,5,34709,59.2659,2
WAIT,212,3,5,34709,59.4712,2
FILHO,212,6,34710,59.8825,2
WAIT,212,4,6,34710,60.0503,2
FILHO,212,0,34704,60.5501,2
WAIT,212,5,0,34704,60.7259,2
FILHO,212,7,34711,61.7330,2
WAIT,212,6,7,34711,61.8832,2
FILHO,212,4,34708,62.1167,2
WAIT,212,7,4,34708,62.2512,2
FILHO,213,3,34717,54.3437,2
FILHO,213,4,34718,57.7116,2
FILHO,213,5,34719,58.2001,2
WAIT,213,0,3,34717,58.3822,2
WAIT,213,1,4,34718,58.4139,2
WAIT,213,2,5,34719,58.4207,2
FILHO,213,7,34721,58.8160,2
WAIT,213,3,7,34721,58.9935,2
FILHO,213,2,34716,60.1199,2
WAIT,213,4,2,34716,60.2972,2
FILHO,213,0,34714,60.8465,2
WAIT,213,5,0,34714,61.0311,2
FILHO,213,1,34715,57.4313,2
WAIT,213,6,1,34715,62.6401,2
FILHO,213,6,34720,62.7301,2
WAIT,213,7,6,34720,62.8709,2
FILHO,214,5,34729,44.2559,2
FILHO,214,0,34724,45.0184,2
FILHO,214,4,34728,45.4871,2
WAIT,214,0,0,34724,45.7706,2
WAIT,214,1,4,34728,45.7967,2
WAIT,214,2,5,34729,45.8026,2
FILHO,214,1,34725,57.2541,2
FILHO,214,2,34726,58.2628,2
WAIT,214,3,2,34726,58.4941,2
FILHO,214,3,34727,58.6825,2
WAIT,214,4,3,34727,58.8611,2
FILHO,214,6,34730,60.0418,2
WAIT,214,5,1,34725,60.3743,2
WAIT,214,6,6,34730,60.3866,2
FILHO,214,7,34731,61.6292,2
WAIT,214,7,7,34731,61.7771,2
FILHO,215,0,34734,50.8908,2
FILHO,215,4,34738,53.8835,2
FILHO,215,2,34736,53.8958,2
FILHO,215,5,34739,56.9753,2
FILHO,215,1,34735,60.4126,2
FILHO,215,6,34740,61.4242,2
FILHO,215,7,34741,61.4626,2
WAIT,215,0,0,34734,61.6731,2
WAIT,215,1,1,34735,61.7055,2
WAIT,215,2,2,34736,61.7110,2
WAIT,215,3,4,34738,61.7178,2
WAIT,215,4,5,34739,61.7229,2
WAIT,215,5,6,34740,61.7278,2
WAIT,215,6,7,34741,61.7327,2
FILHO,215,3,34737,61.8059,2
WAIT,215,7,3,34737,61.9668,2
FILHO,216,3,34747,42.1048,2
FILHO,216,2,34746,45.1706,2
FILHO,216,1,34745,45.5694,2
WAIT,216,0,1,34745,45.9355,2
WAIT,216,1,2,34746,45.9758,2
WAIT,216,2,3,34747,45.9814,2
FILHO,216,4,34748,55.2662,2
WAIT,216,3,4,34748,58.5008,2
FILHO,216,5,34749,58.5148,2
WAIT,216,4,5,34749,58.6901,2
FILHO,216,6,34750,58.9491,2
WAIT,216,5,6,34750,59.1032,2
FILHO,216,0,34744,59.8560,2
WAIT,216,6,0,34744,60.0369,2
FILHO,216,7,34751,61.2420,2
WAIT,216,7,7,34751,61.4070,2
FILHO,217,2,34756,45.1677,2
FILHO,217,1,34755,45.5160,2
FILHO,217,3,34757,45.8311,2
WAIT,217,0,1,34755,46.0838,2
WAIT,217,1,2,34756,46.1082,2
WAIT,217,2,3,34757,46.1138,2
FILHO,217,4,34758,58.5849,2
WAIT,217,3,4,34758,58.7685,2
FILHO,217,5,34759,58.8832,2
WAIT,217,4,5,34759,59.0526,2
FILHO,217,0,34754,60.1369,2
FILHO,217,6,34760,60.4565,2
WAIT,217,5,0,34754,60.6392,2
WAIT,217,6,6,34760,60.6486,2
FILHO,217,7,34761,61.6967,2
WAIT,217,7,7,34761,61.8403,2
FILHO,218,7,34771,59.6984,2
FILHO,218,6,34770,59.7063,2
FILHO,218,0,34764,60.0644,2
FILHO,218,1,34765,60.6074,2
FILHO,218,5,34769,60.9170,2
FILHO,218,4,34768,61.1999,2
FILHO,218,3,34767,61.4265,2
FILHO,218,2,34766,61.6238,2
WAIT,218,0,0,34764,61.8164,2
WAIT,218,1,1,34765,61.8406,2
WAIT,218,2,2,34766,61.8512,2
WAIT,218,3,3,34767,61.8819,2
WAIT,218,4,4,34768,61.8979,2
WAIT,218,5,5,34769,61.9078,2
WAIT,218,6,6,34770,61.9166,2
WAIT,218,7,7,34771,61.9249,2
FILHO,219,2,34776,44.7219,2
FILHO,219,1,34775,45.5601,2
FILHO,219,3,34777,45.8209,2
WAIT,219,0,1,34775,46.0745,2
WAIT,219,1,2,34776,46.1050,2
WAIT,219,2,3,34777,46.1120,2
FILHO,219,5,34779,58.8667,2
WAIT,219,3,5,34779,59.0830,2
FILHO,219,6,34780,59.1469,2
WAIT,219,4,6,34780,59.3194,2
FILHO,219,0,34774,59.3510,2
WAIT,219,5,0,34774,59.5242,2
FILHO,219,4,34778,60.1751,2
WAIT,219,6,4,34778,60.3600,2
FILHO,219,7,34781,61.3865,2
WAIT,219,7,7,34781,61.5596,2
FILHO,220,1,34785,45.6649,2
FILHO,220,3,34787,45.9819,2
FILHO,220,2,34786,46.6600,2
WAIT,220,0,1,34785,46.8755,2
WAIT,220,1,2,34786,46.9066,2
WAIT,220,2,3,34787,46.9127,2
FILHO,220,4,34788,59.5866,2
FILHO,220,5,34789,60.0344,2
WAIT,220,3,5,34789,60.2402,2
FILHO,220,6,34790,60.4351,2
WAIT,220,4,6,34790,60.6174,2
FILHO,220,0,34784,60.8806,2
WAIT,220,5,0,34784,61.0714,2
FILHO,220,7,34791,62.0787,2
WAIT,220,6,7,34791,62.2337,2
WAIT,220,7,4,34788,62.2798,2
FILHO,221,1,34795,45.4624,2
FILHO,221,3,34797,45.9173,2
FILHO,221,2,34796,46.1602,2
WAIT,221,0,1,34795,46.3405,2
WAIT,221,1,2,34796,46.3680,2
WAIT,221,2,3,34797,46.3733,2
FILHO,221,0,34794,56.7214,2
WAIT,221,3,0,34794,58.9500,2
FILHO,221,4,34798,59.0683,2
WAIT,221,4,4,34798,59.2515,2
FILHO,221,5,34799,59.2681,2
WAIT,221,5,5,34799,59.4419,2
FILHO,221,6,34800,59.8515,2
WAIT,221,6,6,34800,60.0467,2
FILHO,221,7,34801,62.3580,2
WAIT,221,7,7,34801,62.5214,2
FILHO,222,4,34808,55.6841,2
FILHO,222,2,34806,56.6441,2
FILHO,222,0,34804,59.3798,2
FILHO,222,3,34807,60.3479,2
FILHO,222,1,34805,60.5009,2
WAIT,222,0,0,34804,60.6826,2
WAIT,222,1,1,34805,60.7138,2
WAIT,222,2,2,34806,60.7194,2
WAIT,222,3,3,34807,60.7249,2
WAIT,222,4,4,34808,60.7307,2
FILHO,222,5,34809,60.8241,2
WAIT,222,5,5,34809,61.0093,2
FILHO,222,7,34811,61.1544,2
WAIT,222,6,7,34811,61.2934,2
FILHO,222,6,34810,61.3893,2
WAIT,222,7,6,34810,61.5219,2
FILHO,223,2,34816,44.6595,2
FILHO,223,1,34815,45.7176,2
FILHO,223,3,34817,46.5049,2
WAIT,223,0,1,34815,46.7474,2
WAIT,223,1,2,34816,46.7741,2
WAIT,223,2,3,34817,46.7806,2
FILHO,223,4,34818,55.7589,2
WAIT,223,3,4,34818,58.9787,2
FILHO,223,5,34819,59.2452,2
WAIT,223,4,5,34819,59.4107,2
FILHO,223,0,34814,59.8469,2
FILHO,223,6,34820,60.1645,2
WAIT,223,5,0,34814,61.8289,2
WAIT,223,6,6,34820,61.8453,2
FILHO,223,7,34821,62.3457,2
WAIT,223,7,7,34821,62.4959,2
FILHO,224,0,34824,60.3948,2
FILHO,224,1,34825,60.9246,2
FILHO,224,3,34827,61.0200,2
FILHO,224,4,34828,61.2731,2
FILHO,224,2,34826,61.4528,2
FILHO,224,6,34830,61.7845,2
FILHO,224,5,34829,62.0341,2
FILHO,224,7,34831,62.4168,2
WAIT,224,0,0,34824,62.5581,2
WAIT,224,1,1,34825,62.5753,2
WAIT,224,2,2,34826,62.5799,2
WAIT,224,3,3,34827,62.5865,2
WAIT,224,4,4,34828,62.5900,2
WAIT,224,5,5,34829,62.5941,2
WAIT,224,6,6,34830,62.5982,2
WAIT,224,7,7,34831,62.6026,2
FILHO,225,3,34837,42.5195,2
FILHO,225,2,34836,45.7689,2
FILHO,225,1,34835,45.6032,2
WAIT,225,0,1,34835,46.2520,2
WAIT,225,1,2,34836,46.2819,2
WAIT,225,2,3,34837,46.2876,2
FILHO,225,4,34838,58.9432,2
WAIT,225,3,4,34838,59.1844,2
FILHO,225,5,34839,59.3659,2
WAIT,225,4,5,34839,59.5441,2
FILHO,225,0,34834,59.7872,2
FILHO,225,6,34840,60.1765,2
WAIT,225,5,0,34834,60.3669,2
WAIT,225,6,6,34840,60.3778,2
FILHO,225,7,34841,61.8528,2
WAIT,225,7,7,34841,62.0050,2
FILHO,226,0,34845,44.9920,2
FILHO,226,1,34846,45.5212,2
FILHO,226,2,34847,44.2581,2
WAIT,226,0,0,34845,45.8374,2
WAIT,226,1,1,34846,45.8637,2
WAIT,226,2,2,34847,45.8703,2
FILHO,226,3,34848,57.2256,2
FILHO,226,4,34849,55.2687,2
WAIT,226,3,4,34849,58.4759,2
FILHO,226,5,34850,58.7297,2
WAIT,226,4,5,34850,58.9001,2
FILHO,226,6,34851,60.0637,2
WAIT,226,5,3,34848,61.3444,2
WAIT,226,6,6,34851,61.3564,2
FILHO,226,7,34852,61.5898,2
WAIT,226,7,7,34852,61.7307,2
FILHO,227,0,34855,50.9599,2
FILHO,227,4,34859,60.4839,2
FILHO,227,1,34856,60.4825,2
FILHO,227,3,34858,60.9339,2
FILHO,227,5,34860,61.0204,2
FILHO,227,2,34857,61.4931,2
FILHO,227,6,34861,61.6224,2
FILHO,227,7,34862,61.9609,2
WAIT,227,0,0,34855,62.1334,2
WAIT,227,1,1,34856,62.1551,2
WAIT,227,2,2,34857,62.1604,2
WAIT,227,3,3,34858,62.1645,2
WAIT,227,4,4,34859,62.1700,2
WAIT,227,5,5,34860,62.1741,2
WAIT,227,6,6,34861,62.1781,2
WAIT,227,7,7,34862,62.1819,2
FILHO,228,3,34868,45.1430,2
FILHO,228,1,34866,45.4075,2
FILHO,228,2,34867,45.8538,2
WAIT,228,0,1,34866,46.0681,2
WAIT,228,1,2,34867,46.0940,2
WAIT,228,2,3,34868,46.0995,2
FILHO,228,4,34869,55.1944,2
FILHO,228,5,34870,58.1136,2
WAIT,228,3,4,34869,58.3983,2
WAIT,228,4,5,34870,58.4110,2
FILHO,228,0,34865,58.9327,2
FILHO,228,6,34871,60.1174,2
FILHO,228,7,34872,61.0440,2
WAIT,228,5,0,34865,61.1819,2
WAIT,228,6,6,34871,61.1937,2
WAIT,228,7,7,34872,61.2003,2
FILHO,229,2,34877,42.4125,2
FILHO,229,1,34876,39.5286,2
FILHO,229,3,34878,48.9981,2
WAIT,229,0,1,34876,49.1846,2
WAIT,229,1,2,34877,49.2112,2
WAIT,229,2,3,34878,49.2167,2
FILHO,229,4,34879,52.1851,2
WAIT,229,3,4,34879,52.3693,2
FILHO,229,5,34880,56.4931,2
FILHO,229,6,34881,59.7176,2
FILHO,229,7,34882,60.4287,2
WAIT,229,4,5,34880,60.6354,2
WAIT,229,5,6,34881,60.6476,2
WAIT,229,6,7,34882,60.6757,2
FILHO,229,0,34875,61.6540,2
WAIT,229,7,0,34875,61.8141,2
FILHO,230,2,34887,42.0219,2
FILHO,230,3,34888,45.0677,2
FILHO,230,1,34886,45.6020,2
WAIT,230,0,1,34886,45.7978,2
WAIT,230,1,2,34887,45.8261,2
WAIT,230,2,3,34888,45.8319,2
FILHO,230,4,34889,55.1717,2
WAIT,230,3,4,34889,58.3714,2
FILHO,230,5,34890,58.4113,2
WAIT,230,4,5,34890,58.5860,2
FILHO,230,0,34885,59.0798,2
FILHO,230,6,34891,59.8115,2
WAIT,230,5,0,34885,60.2606,2
WAIT,230,6,6,34891,60.2721,2
FILHO,230,7,34892,60.9947,2
WAIT,230,7,7,34892,61.1337,2
FILHO,231,1,34896,45.6494,2
FILHO,231,3,34898,46.1378,2
FILHO,231,2,34897,46.5666,2
WAIT,231,0,1,34896,46.7489,2
WAIT,231,1,2,34897,46.7780,2
WAIT,231,2,3,34898,46.7835,2
FILHO,231,4,34899,59.2352,2
FILHO,231,5,34900,59.2635,2
WAIT,231,3,5,34900,59.4664,2
FILHO,231,6,34901,59.4863,2
WAIT,231,4,6,34901,59.6698,2
FILHO,231,0,34895,60.1405,2
WAIT,231,5,0,34895,60.3488,2
WAIT,231,6,4,34899,60.4828,2
FILHO,231,7,34902,62.5278,2
WAIT,231,7,7,34902,62.7586,2
FILHO,232,7,34915,44.4688,2
FILHO,232,3,34911,45.1525,2
FILHO,232,4,34912,41.5888,2
WAIT,232,0,3,34911,45.5877,2
WAIT,232,1,4,34912,45.6512,2
WAIT,232,2,7,34915,45.6727,2
FILHO,232,0,34908,56.9685,2
FILHO,232,5,34913,58.5099,2
WAIT,232,3,0,34908,58.6609,2
FILHO,232,1,34909,55.5668,2
WAIT,232,4,1,34909,58.8304,2
WAIT,232,5,5,34913,58.9333,2
FILHO,232,2,34910,59.8314,2
WAIT,232,6,2,34910,60.0205,2
FILHO,232,6,34914,61.6330,2
WAIT,232,7,6,34914,61.7834,2
FILHO,233,4,34925,53.2276,2
FILHO,233,2,34923,57.1511,2
FILHO,233,0,34921,60.2037,2
FILHO,233,5,34926,56.2848,2
FILHO,233,1,34922,60.7846,2
FILHO,233,3,34924,61.0533,2
FILHO,233,6,34927,61.2181,2
FILHO,233,7,34928,61.6247,2
WAIT,233,0,0,34921,61.7776,2
WAIT,233,1,1,34922,61.8003,2
WAIT,233,2,2,34923,61.8045,2
WAIT,233,3,3,34924,61.8086,2
WAIT,233,4,4,34925,61.8133,2
WAIT,233,5,5,34926,61.8175,2
WAIT,233,6,6,34927,61.8214,2
WAIT,233,7,7,34928,61.8250,2
FILHO,234,6,34937,59.6554,2
FILHO,234,7,34938,59.6573,2
FILHO,234,3,34934,61.0888,2
FILHO,234,0,34931,61.1666,2
FILHO,234,4,34935,62.1982,2
FILHO,234,1,34932,62.2729,2
FILHO,234,5,34936,63.1630,2
FILHO,234,2,34933,63.2659,2
WAIT,234,0,0,34931,63.4696,2
WAIT,234,1,1,34932,63.5038,2
WAIT,234,2,2,34933,63.5134,2
WAIT,234,3,3,34934,63.5219,2
WAIT,234,4,4,34935,63.5316,2
WAIT,234,5,5,34936,63.5401,2
WAIT,234,6,6,34937,63.5508,2
WAIT,234,7,7,34938,63.5589,2
FILHO,235,2,34943,46.0830,2
FILHO,235,3,34944,46.6296,2
FILHO,235,4,34945,47.3524,2
WAIT,235,0,2,34943,47.5453,2
WAIT,235,1,3,34944,47.5768,2
WAIT,235,2,4,34945,47.5835,2
FILHO,235,1,34942,60.4280,2
WAIT,235,3,1,34942,60.6328,2
FILHO,235,5,34946,60.9591,2
WAIT,235,4,5,34946,61.1587,2
FILHO,235,0,34941,62.3488,2
WAIT,235,5,0,34941,62.5308,2
FILHO,235,7,34948,62.6309,2
WAIT,235,6,7,34948,62.7826,2
FILHO,235,6,34947,63.2073,2
WAIT,235,7,6,34947,63.3523,2
FILHO,236,2,34953,48.9856,2
FILHO,236,3,34954,49.3405,2
FILHO,236,1,34952,49.6698,2
WAIT,236,0,1,34952,49.8615,2
WAIT,236,1,2,34953,49.9000,2
WAIT,236,2,3,34954,49.9147,2
FILHO,236,7,34958,63.1260,2
WAIT,236,3,7,34958,63.4662,2
FILHO,236,4,34955,63.5130,2
FILHO,236,0,34951,63.6964,2
FILHO,236,6,34957,63.9370,2
WAIT,236,4,0,34951,64.1699,2
WAIT,236,5,4,34955,64.1835,2
FILHO,236,5,34956,64.1918,2
WAIT,236,6,5,34956,64.3718,2
WAIT,236,7,6,34957,64.3855,2
FILHO,237,2,34969,57.5068,2
FILHO,237,3,34970,58.4990,2
FILHO,237,7,34974,60.4846,2
FILHO,237,1,34968,60.8613,2
FILHO,237,0,34967,54.6489,2
WAIT,237,0,0,34967,61.2367,2
WAIT,237,1,1,34968,61.2659,2
WAIT,237,2,2,34969,61.2715,2
WAIT,237,3,3,34970,61.2767,2
WAIT,237,4,7,34974,61.2837,2
FILHO,237,5,34972,61.4546,2
WAIT,237,5,5,34972,61.5948,2
FILHO,237,6,34973,55.6484,2
FILHO,237,4,34971,61.7407,2
WAIT,237,6,6,34973,61.8634,2
WAIT,237,7,4,34971,61.9101,2
FILHO,238,4,34981,15.6585,2
WAIT,238,0,4,34981,15.8951,2
FILHO,238,0,34977,56.0278,2
FILHO,238,7,34984,52.3313,2
WAIT,238,1,0,34977,56.4379,2
WAIT,238,2,7,34984,56.4597,2
FILHO,238,2,34979,55.3443,2
WAIT,238,3,2,34979,56.6268,2
FILHO,238,6,34983,59.3170,2
FILHO,238,3,34980,59.3160,2
FILHO,238,1,34978,59.4646,2
FILHO,238,5,34982,61.4471,2
WAIT,238,4,1,34978,61.5897,2
WAIT,238,5,3,34980,61.6017,2
WAIT,238,6,5,34982,61.6112,2
WAIT,238,7,6,34983,61.6213,2
FILHO,239,3,34990,45.2534,2
FILHO,239,5,34992,45.7167,2
FILHO,239,4,34991,45.8997,2
WAIT,239,0,3,34990,46.1126,2
WAIT,239,1,4,34991,46.1448,2
WAIT,239,2,5,34992,46.1518,2
FILHO,239,2,34989,55.9438,2
FILHO,239,1,34988,58.9707,2
WAIT,239,3,2,34989,59.1616,2
WAIT,239,4,1,34988,59.2928,2
FILHO,239,0,34987,59.5472,2
FILHO,239,6,34993,60.3338,2
WAIT,239,5,0,34987,60.5250,2
WAIT,239,6,6,34993,60.5351,2
FILHO,239,7,34994,61.6892,2
WAIT,239,7,7,34994,61.8373,2
FILHO,240,3,35000,42.5522,2
FILHO,240,2,34999,45.7369,2
FILHO,240,1,34998,46.2776,2
WAIT,240,0,1,34998,46.4694,2
WAIT,240,1,2,34999,46.5043,2
WAIT,240,2,3,35000,46.5239,2
FILHO,240,4,35001,59.0956,2
WAIT,240,3,4,35001,59.3128,2
FILHO,240,5,35002,59.4005,2
FILHO,240,6,35003,59.5460,2
WAIT,240,4,5,35002,59.5825,2
FILHO,240,0,34997,60.0227,2
WAIT,240,5,0,34997,60.2096,2
WAIT,240,6,6,35003,61.7534,2
FILHO,240,7,35004,61.8212,2
WAIT,240,7,7,35004,61.9800,2
FILHO,241,0,35007,45.5563,2
FILHO,241,1,35008,42.4837,2
FILHO,241,5,35012,46.4076,2
WAIT,241,0,0,35007,46.6143,2
WAIT,241,1,1,35008,46.6419,2
WAIT,241,2,5,35012,46.6480,2
FILHO,241,4,35011,59.7174,2
WAIT,241,3,4,35011,59.9027,2
FILHO,241,6,35013,59.9700,2
WAIT,241,4,6,35013,60.1335,2
FILHO,241,2,35009,60.3684,2
WAIT,241,5,2,35009,60.5589,2
FILHO,241,3,35010,60.7264,2
WAIT,241,6,3,35010,60.9019,2
FILHO,241,7,35014,62.1297,2
WAIT,241,7,7,35014,62.2788,2
FILHO,242,1,35019,45.4389,2
FILHO,242,2,35020,45.8488,2
FILHO,242,3,35021,44.6917,2
WAIT,242,0,1,35019,46.2093,2
WAIT,242,1,2,35020,46.2387,2
WAIT,242,2,3,35021,46.2443,2
FILHO,242,0,35018,56.5533,2
FILHO,242,5,35023,58.6296,2
FILHO,242,4,35022,55.6964,2
WAIT,242,3,4,35022,58.9474,2
WAIT,242,4,5,35023,59.0570,2
FILHO,242,6,35024,59.8708,2
WAIT,242,5,0,35018,61.7526,2
WAIT,242,6,6,35024,61.7754,2
FILHO,242,7,35025,61.9139,2
WAIT,242,7,7,35025,62.1161,2
FILHO,243,5,35033,56.8533,2
FILHO,243,1,35029,59.7485,2
FILHO,243,3,35031,60.3083,2
FILHO,243,4,35032,60.8934,2
FILHO,243,0,35028,60.8922,2
FILHO,243,7,35035,61.3879,2
FILHO,243,2,35030,61.4184,2
FILHO,243,6,35034,61.6894,2
WAIT,243,0,0,35028,61.8312,2
WAIT,243,1,1,35029,61.8502,2
WAIT,243,2,2,35030,61.8542,2
WAIT,243,3,3,35031,61.8579,2
WAIT,243,4,4,35032,61.8619,2
WAIT,243,5,5,35033,61.8657,2
WAIT,243,6,6,35034,61.8703,2
WAIT,243,7,7,35035,61.8743,2
FILHO,244,2,35040,39.5950,2
FILHO,244,3,35041,42.5191,2
FILHO,244,1,35039,46.0277,2
WAIT,244,0,1,35039,46.2058,2
WAIT,244,1,2,35040,46.2331,2
WAIT,244,2,3,35041,46.2386,2
FILHO,244,5,35043,58.5825,2
FILHO,244,4,35042,58.9188,2
WAIT,244,3,4,35042,59.0975,2
WAIT,244,4,5,35043,59.2156,2
FILHO,244,0,35038,59.3094,2
FILHO,244,6,35044,59.8597,2
WAIT,244,5,0,35038,60.0416,2
WAIT,244,6,6,35044,60.0519,2
FILHO,244,7,35045,61.4163,2
WAIT,244,7,7,35045,61.5626,2
FILHO,245,4,35052,53.4206,2
FILHO,245,3,35051,54.4661,2
FILHO,245,5,35053,56.3768,2
FILHO,245,0,35048,60.0113,2
FILHO,245,6,35054,60.9156,2
FILHO,245,7,35055,60.9301,2
FILHO,245,1,35049,61.1495,2
FILHO,245,2,35050,57.4868,2
WAIT,245,0,0,35048,61.5560,2
WAIT,245,1,1,35049,61.5817,2
WAIT,245,2,2,35050,61.5878,2
WAIT,245,3,3,35051,61.5937,2
WAIT,245,4,4,35052,61.5994,2
WAIT,245,5,5,35053,61.6083,2
WAIT,245,6,6,35054,61.6142,2
WAIT,245,7,7,35055,61.6223,2
FILHO,246,3,35061,45.2324,2
FILHO,246,1,35059,45.6437,2
FILHO,246,2,35060,46.0785,2
WAIT,246,0,1,35059,46.4021,2
WAIT,246,1,2,35060,46.4336,2
WAIT,246,2,3,35061,46.4405,2
FILHO,246,5,35063,59.3387,2
WAIT,246,3,5,35063,59.5267,2
FILHO,246,6,35064,59.5584,2
WAIT,246,4,6,35064,59.7290,2
FILHO,246,0,35058,60.2328,2
WAIT,246,5,0,35058,60.4302,2
FILHO,246,4,35062,60.4552,2
WAIT,246,6,4,35062,60.6242,2
FILHO,246,7,35065,61.7208,2
WAIT,246,7,7,35065,61.9389,2
FILHO,247,1,35069,27.4918,2
FILHO,247,2,35070,35.7857,2
WAIT,247,0,1,35069,35.9631,2
WAIT,247,1,2,35070,35.9881,2
FILHO,247,6,35074,42.9711,2
WAIT,247,2,6,35074,43.1605,2
FILHO,247,3,35071,56.4110,2
FILHO,247,7,35075,58.2027,2
WAIT,247,3,7,35075,58.3831,2
FILHO,247,0,35068,58.8201,2
WAIT,247,4,0,35068,58.9910,2
FILHO,247,4,35072,59.3995,2
FILHO,247,5,35073,61.9001,2
WAIT,247,5,5,35073,62.0564,2
WAIT,247,6,3,35071,62.1291,2
WAIT,247,7,4,35072,62.1409,2
FILHO,248,3,35081,41.6630,2
FILHO,248,1,35079,45.4892,2
FILHO,248,2,35080,45.8845,2
WAIT,248,0,1,35079,46.0648,2
WAIT,248,1,2,35080,46.0888,2
WAIT,248,2,3,35081,46.0945,2
FILHO,248,0,35078,56.7330,2
FILHO,248,4,35082,58.7556,2
WAIT,248,3,4,35082,58.9550,2
FILHO,248,5,35083,59.1868,2
WAIT,248,4,5,35083,59.3569,2
FILHO,248,6,35084,59.5795,2
WAIT,248,5,6,35084,59.7255,2
WAIT,248,6,0,35078,59.9438,2
FILHO,248,7,35085,62.3820,2
WAIT,248,7,7,35085,62.5359,2
FILHO,249,1,35089,45.4285,2
FILHO,249,2,35090,39.6426,2
FILHO,249,3,35091,46.3525,2
WAIT,249,0,1,35089,46.5453,2
WAIT,249,1,2,35090,46.5786,2
WAIT,249,2,3,35091,46.5889,2
FILHO,249,5,35093,58.5449,2
FILHO,249,4,35092,55.6695,2
WAIT,249,3,4,35092,58.8799,2
WAIT,249,4,5,35093,58.9559,2
FILHO,249,0,35088,59.4425,2
FILHO,249,6,35094,60.4301,2
WAIT,249,5,0,35088,60.6312,2
WAIT,249,6,6,35094,60.6463,2
FILHO,249,7,35095,61.5405,2
WAIT,249,7,7,35095,61.7189,2
FILHO,250,1,35099,39.3603,2
FILHO,250,3,35101,45.2714,2
FILHO,250,2,35100,42.4344,2
WAIT,250,0,1,35099,45.7713,2
WAIT,250,1,2,35100,45.7982,2
WAIT,250,2,3,35101,45.8049,2
FILHO,250,6,35104,59.3430,2
FILHO,250,5,35103,59.3951,2
FILHO,250,4,35102,59.8937,2
WAIT,250,3,4,35102,60.0758,2
WAIT,250,4,6,35104,60.1411,2
FILHO,250,0,35098,60.5776,2
WAIT,250,5,0,35098,60.7553,2
WAIT,250,6,5,35103,60.8791,2
FILHO,250,7,35105,61.7054,2
WAIT,250,7,7,35105,61.8428,2
FILHO,251,0,35108,51.0014,2
FILHO,251,4,35112,54.1034,2
FILHO,251,1,35109,60.5406,2
FILHO,251,5,35113,60.6302,2
FILHO,251,3,35111,60.7642,2
FILHO,251,2,35110,61.1117,2
FILHO,251,6,35114,61.3152,2
WAIT,251,0,0,35108,61.5017,2
WAIT,251,1,1,35109,61.5296,2
WAIT,251,2,2,35110,61.5349,2
WAIT,251,3,3,35111,61.5409,2
WAIT,251,4,4,35112,61.5466,2
WAIT,251,5,5,35113,61.5517,2
WAIT,251,6,6,35114,61.5568,2
FILHO,251,7,35115,61.7229,2
WAIT,251,7,7,35115,61.8701,2
FILHO,252,2,35120,39.4486,2
FILHO,252,1,35119,42.5253,2
FILHO,252,3,35121,45.9847,2
WAIT,252,0,1,35119,46.1713,2
WAIT,252,1,2,35120,46.2013,2
WAIT,252,2,3,35121,46.2069,2
FILHO,252,6,35124,60.4564,2
FILHO,252,5,35123,60.7091,2
WAIT,252,3,5,35123,60.8925,2
WAIT,252,4,6,35124,60.9062,2
FILHO,252,0,35118,61.7890,2
WAIT,252,5,0,35118,61.9709,2
FILHO,252,4,35122,59.6213,2
FILHO,252,7,35125,62.1154,2
WAIT,252,6,4,35122,62.1601,2
WAIT,252,7,7,35125,62.2854,2
FILHO,253,0,35128,60.2304,2
FILHO,253,1,35129,60.7272,2
FILHO,253,4,35132,61.1426,2
FILHO,253,2,35130,61.5282,2
FILHO,253,5,35133,61.7522,2
FILHO,253,3,35131,62.1757,2
FILHO,253,6,35134,62.2525,2
WAIT,253,0,0,35128,62.4358,2
WAIT,253,1,1,35129,62.4618,2
WAIT,253,2,2,35130,62.4681,2
WAIT,253,3,3,35131,62.4734,2
WAIT,253,4,4,35132,62.4782,2
WAIT,253,5,5,35133,62.4831,2
WAIT,253,6,6,35134,62.4885,2
FILHO,253,7,35135,62.6646,2
WAIT,253,7,7,35135,62.8912,2
FILHO,254,0,35138,30.6346,2
FILHO,254,1,35139,30.9147,2
WAIT,254,0,0,35138,31.1147,2
WAIT,254,1,1,35139,31.1414,2
FILHO,254,5,35143,56.3158,2
FILHO,254,6,35144,59.3768,2
WAIT,254,2,6,35144,59.6104,2
WAIT,254,3,5,35143,59.7523,2
FILHO,254,4,35142,53.4203,2
WAIT,254,4,4,35142,59.9244,2
FILHO,254,7,35145,60.4205,2
FILHO,254,2,35140,60.6195,2
WAIT,254,5,2,35140,60.7988,2
WAIT,254,6,7,35145,60.8141,2
FILHO,254,3,35141,61.3175,2
WAIT,254,7,3,35141,61.4805,2
FILHO,255,3,35151,45.3345,2
FILHO,255,5,35153,45.8094,2
FILHO,255,4,35152,46.5200,2
WAIT,255,0,3,35151,46.6987,2
WAIT,255,1,4,35152,46.7304,2
WAIT,255,2,5,35153,46.7365,2
FILHO,255,2,35150,59.5310,2
WAIT,255,3,2,35150,59.7202,2
FILHO,255,1,35149,58.2671,2
WAIT,255,4,1,35149,59.9019,2
FILHO,255,0,35148,60.7836,2
WAIT,255,5,0,35148,60.9588,2
FILHO,255,6,35154,62.5231,2
FILHO,255,7,35155,62.5253,2
WAIT,255,6,6,35154,62.6985,2
WAIT,255,7,7,35155,62.7106,2
FILHO,256,1,35159,45.5390,2
FILHO,256,3,35161,45.9647,2
FILHO,256,2,35160,46.4294,2
WAIT,256,0,1,35159,46.6146,2
WAIT,256,1,2,35160,46.6456,2
WAIT,256,2,3,35161,46.6512,2
FILHO,256,0,35158,56.8001,2
FILHO,256,5,35163,56.8809,2
FILHO,256,4,35162,58.9446,2
WAIT,256,3,0,35158,59.0752,2
WAIT,256,4,4,35162,59.1716,2
WAIT,256,5,5,35163,59.2553,2
FILHO,256,6,35164,59.7028,2
WAIT,256,6,6,35164,59.8537,2
FILHO,256,7,35165,62.1426,2
WAIT,256,7,7,35165,62.3057,2
FILHO,257,3,35172,45.1515,2
FILHO,257,1,35170,46.1133,2
FILHO,257,2,35171,46.6212,2
WAIT,257,0,1,35170,46.8990,2
WAIT,257,1,2,35171,46.9318,2
WAIT,257,2,3,35172,46.9373,2
FILHO,257,4,35173,56.1885,2
WAIT,257,3,4,35173,59.3909,2
FILHO,257,6,35175,59.6607,2
WAIT,257,4,6,35175,59.8427,2
FILHO,257,0,35169,60.3871,2
WAIT,257,5,0,35169,60.5767,2
FILHO,257,5,35174,60.8555,2
WAIT,257,6,5,35174,61.0367,2
FILHO,257,7,35176,61.9677,2
WAIT,257,7,7,35176,62.1244,2
FILHO,258,4,35183,45.8841,2
FILHO,258,3,35182,46.1875,2
FILHO,258,5,35184,46.8172,2
WAIT,258,0,3,35182,46.9892,2
WAIT,258,1,4,35183,47.0125,2
WAIT,258,2,5,35184,47.0185,2
FILHO,258,0,35179,57.3437,2
FILHO,258,2,35181,58.3618,2
FILHO,258,1,35180,60.3001,2
WAIT,258,3,1,35180,60.5732,2
WAIT,258,4,2,35181,60.5862,2
WAIT,258,5,0,35179,60.6917,2
FILHO,258,6,35185,61.7573,2
WAIT,258,6,6,35185,61.9326,2
FILHO,258,7,35186,62.9589,2
WAIT,258,7,7,35186,63.0991,2
FILHO,259,4,35193,15.9200,2
WAIT,259,0,4,35193,16.1067,2
FILHO,259,7,35196,55.3620,2
FILHO,259,0,35189,55.6155,2
WAIT,259,1,0,35189,55.7801,2
WAIT,259,2,7,35196,55.7946,2
FILHO,259,1,35190,55.9484,2
WAIT,259,3,1,35190,56.1115,2
FILHO,259,3,35192,58.9895,2
FILHO,259,2,35191,60.3435,2
FILHO,259,6,35195,60.6791,2
WAIT,259,4,2,35191,61.1965,2
WAIT,259,5,3,35192,61.2084,2
WAIT,259,6,6,35195,61.2125,2
FILHO,259,5,35194,61.6669,2
WAIT,259,7,5,35194,61.8062,2
FILHO,260,0,35199,50.9147,2
FILHO,260,4,35203,53.9769,2
FILHO,260,2,35201,53.9867,2
FILHO,260,3,35202,57.0453,2
FILHO,260,6,35205,58.0739,2
FILHO,260,7,35206,60.0339,2
FILHO,260,5,35204,60.0775,2
WAIT,260,0,0,35199,60.1599,2
WAIT,260,1,2,35201,60.1845,2
WAIT,260,2,4,35203,60.1910,2
WAIT,260,3,5,35204,60.2605,2
WAIT,260,4,6,35205,60.3727,2
WAIT,260,5,3,35202,60.4763,2
WAIT,260,6,7,35206,60.5495,2
FILHO,260,1,35200,60.5655,2
WAIT,260,7,1,35200,60.6959,2
FILHO,261,1,35210,45.4901,2
FILHO,261,2,35211,45.8915,2
FILHO,261,3,35212,46.2237,2
WAIT,261,0,1,35210,46.4268,2
WAIT,261,1,2,35211,46.4529,2
WAIT,261,2,3,35212,46.4582,2
FILHO,261,5,35214,56.0940,2
WAIT,261,3,5,35214,59.2906,2
FILHO,261,6,35215,59.7797,2
WAIT,261,4,6,35215,59.9513,2
FILHO,261,0,35209,60.7570,2
WAIT,261,5,0,35209,60.9372,2
FILHO,261,7,35216,62.1528,2
FILHO,261,4,35213,62.5669,2
WAIT,261,6,4,35213,62.8706,2
WAIT,261,7,7,35216,62.8846,2
FILHO,262,4,35223,47.4423,2
FILHO,262,2,35221,51.5644,2
FILHO,262,3,35222,52.0738,2
WAIT,262,0,2,35221,54.6482,2
WAIT,262,1,3,35222,54.6763,2
WAIT,262,2,4,35223,54.6822,2
FILHO,262,0,35219,55.2693,2
WAIT,262,3,0,35219,55.4394,2
FILHO,262,7,35226,60.4761,2
FILHO,262,6,35225,60.5084,2
FILHO,262,1,35220,60.9293,2
FILHO,262,5,35224,61.4469,2
WAIT,262,4,1,35220,61.5774,2
WAIT,262,5,5,35224,61.5890,2
WAIT,262,6,7,35226,61.5947,2
WAIT,262,7,6,35225,61.6714,2
FILHO,263,4,35233,44.2904,2
FILHO,263,0,35229,45.2134,2
FILHO,263,5,35234,45.6526,2
WAIT,263,0,0,35229,45.8249,2
WAIT,263,1,4,35233,45.8566,2
WAIT,263,2,5,35234,45.8698,2
FILHO,263,3,35232,57.8763,2
WAIT,263,3,3,35232,58.0672,2
FILHO,263,2,35231,58.6530,2
WAIT,263,4,2,35231,58.8347,2
FILHO,263,6,35235,60.3803,2
FILHO,263,1,35230,60.5277,2
FILHO,263,7,35236,61.3689,2
WAIT,263,5,1,35230,61.5105,2
WAIT,263,6,6,35235,61.5245,2
WAIT,263,7,7,35236,61.5689,2
FILHO,264,2,35247,42.2271,2
FILHO,264,1,35246,45.8661,2
FILHO,264,3,35248,46.4051,2
WAIT,264,0,1,35246,46.5788,2
WAIT,264,1,2,35247,46.6046,2
WAIT,264,2,3,35248,46.6099,2
FILHO,264,5,35250,59.4613,2
WAIT,264,3,5,35250,59.6443,2
FILHO,264,6,35251,59.8976,2
WAIT,264,4,6,35251,60.0676,2
FILHO,264,0,35245,61.0314,2
WAIT,264,5,0,35245,61.2080,2
FILHO,264,4,35249,61.3946,2
WAIT,264,6,4,35249,61.5670,2
FILHO,264,7,35252,62.1207,2
WAIT,264,7,7,35252,62.2662,2
FILHO,265,0,35255,60.4819,2
FILHO,265,4,35259,53.6313,2
FILHO,265,1,35256,61.0094,2
FILHO,265,5,35260,61.0593,2
FILHO,265,3,35258,61.2203,2
FILHO,265,6,35261,61.3403,2
FILHO,265,2,35257,61.5251,2
FILHO,265,7,35262,61.7523,2
WAIT,265,0,0,35255,61.9001,2
WAIT,265,1,1,35256,61.9236,2
WAIT,265,2,2,35257,61.9327,2
WAIT,265,3,3,35258,61.9432,2
WAIT,265,4,4,35259,61.9508,2
WAIT,265,5,5,35260,61.9591,2
WAIT,265,6,6,35261,61.9669,2
WAIT,265,7,7,35262,61.9771,2
FILHO,266,2,35267,45.2090,2
FILHO,266,1,35266,45.6306,2
FILHO,266,3,35268,46.1856,2
WAIT,266,0,1,35266,46.3849,2
WAIT,266,1,2,35267,46.4123,2
WAIT,266,2,3,35268,46.4178,2
FILHO,266,4,35269,59.2600,2
FILHO,266,5,35270,59.6981,2
WAIT,266,3,5,35270,59.8721,2
FILHO,266,6,35271,58.3566,2
WAIT,266,4,6,35271,60.0441,2
FILHO,266,0,35265,60.4861,2
WAIT,266,5,0,35265,60.6602,2
FILHO,266,7,35272,61.6848,2
WAIT,266,6,7,35272,61.8274,2
WAIT,266,7,4,35269,61.8943,2
FILHO,267,2,35277,45.1458,2
FILHO,267,1,35276,45.3509,2
FILHO,267,3,35278,46.1006,2
WAIT,267,0,1,35276,46.4147,2
WAIT,267,1,2,35277,46.4425,2
WAIT,267,2,3,35278,46.4480,2
FILHO,267,6,35281,58.0939,2
FILHO,267,4,35279,59.0026,2
FILHO,267,5,35280,59.5340,2
WAIT,267,3,4,35279,59.7046,2
WAIT,267,4,5,35280,59.7143,2
WAIT,267,5,6,35281,59.7529,2
FILHO,267,0,35275,60.8807,2
WAIT,267,6,0,35275,61.0563,2
FILHO,267,7,35282,61.5992,2
WAIT,267,7,7,35282,61.7463,2
FILHO,268,3,35288,41.8634,2
FILHO,268,1,35286,45.7625,2
FILHO,268,2,35287,46.3155,2
WAIT,268,0,1,35286,46.4910,2
WAIT,268,1,2,35287,46.5168,2
WAIT,268,2,3,35288,46.5223,2
FILHO,268,0,35285,56.8002,2
FILHO,268,4,35289,59.2283,2
WAIT,268,3,4,35289,59.4076,2
FILHO,268,5,35290,59.5079,2
WAIT,268,4,5,35290,59.6748,2
FILHO,268,6,35291,60.4093,2
WAIT,268,5,0,35285,60.9554,2
WAIT,268,6,6,35291,60.9663,2
FILHO,268,7,35292,62.1127,2
WAIT,268,7,7,35292,62.2534,2
FILHO,269,2,35297,42.1981,2
FILHO,269,3,35298,45.1448,2
FILHO,269,1,35296,45.5618,2
WAIT,269,0,1,35296,45.8760,2
WAIT,269,1,2,35297,45.9041,2
WAIT,269,2,3,35298,45.9107,2
FILHO,269,5,35300,57.2105,2
FILHO,269,6,35301,58.5455,2
WAIT,269,3,6,35301,58.7262,2
WAIT,269,4,5,35300,58.8278,2
FILHO,269,0,35295,59.3255,2
WAIT,269,5,0,35295,59.5049,2
FILHO,269,4,35299,60.1361,2
WAIT,269,6,4,35299,60.3289,2
FILHO,269,7,35302,60.8788,2
WAIT,269,7,7,35302,61.0454,2
FILHO,270,1,35306,45.9937,2
FILHO,270,2,35307,46.5075,2
FILHO,270,3,35308,46.9426,2
WAIT,270,0,1,35306,47.1167,2
WAIT,270,1,2,35307,47.1398,2
WAIT,270,2,3,35308,47.1451,2
FILHO,270,6,35311,59.8011,2
WAIT,270,3,6,35311,59.9770,2
FILHO,270,5,35310,60.2498,2
WAIT,270,4,5,35310,60.4142,2
FILHO,270,0,35305,60.4636,2
WAIT,270,5,0,35305,60.6240,2
FILHO,270,4,35309,60.8513,2
WAIT,270,6,4,35309,61.0160,2
FILHO,270,7,35312,62.2712,2
WAIT,270,7,7,35312,62.4180,2
FILHO,271,1,35316,46.0675,2
FILHO,271,2,35317,46.5104,2
FILHO,271,3,35318,47.2161,2
WAIT,271,0,1,35316,47.3928,2
WAIT,271,1,2,35317,47.4213,2
WAIT,271,2,3,35318,47.4268,2
FILHO,271,4,35319,60.4062,2
WAIT,271,3,4,35319,60.5860,2
FILHO,271,6,35321,60.8534,2
WAIT,271,4,6,35321,61.0243,2
FILHO,271,0,35315,61.4492,2
WAIT,271,5,0,35315,61.6167,2
FILHO,271,5,35320,62.0584,2
WAIT,271,6,5,35320,62.2318,2
FILHO,271,7,35322,62.6831,2
WAIT,271,7,7,35322,62.8263,2
FILHO,272,2,35327,51.5005,2
FILHO,272,5,35330,56.3512,2
FILHO,272,3,35328,57.4092,2
FILHO,272,6,35331,59.2936,2
FILHO,272,0,35325,60.0407,2
FILHO,272,4,35329,60.2730,2
FILHO,272,7,35332,60.3293,2
WAIT,272,0,0,35325,60.4805,2
WAIT,272,1,3,35328,60.5029,2
WAIT,272,2,4,35329,60.5072,2
WAIT,272,3,5,35330,60.5117,2
WAIT,272,4,6,35331,60.5157,2
WAIT,272,5,7,35332,60.5197,2
WAIT,272,6,2,35327,60.6422,2
FILHO,272,1,35326,60.7902,2
WAIT,272,7,1,35326,60.9274,2
FILHO,273,1,35337,45.6940,2
FILHO,273,3,35339,42.3551,2
FILHO,273,2,35338,45.3446,2
WAIT,273,0,1,35337,46.2632,2
WAIT,273,1,2,35338,46.2928,2
WAIT,273,2,3,35339,46.2980,2
FILHO,273,4,35340,55.3529,2
WAIT,273,3,4,35340,58.5782,2
FILHO,273,6,35342,58.8646,2
WAIT,273,4,6,35342,59.0355,2
FILHO,273,0,35336,59.6220,2
FILHO,273,5,35341,60.0921,2
WAIT,273,5,0,35336,60.3966,2
WAIT,273,6,5,35341,60.4086,2
FILHO,273,7,35343,61.4949,2
WAIT,273,7,7,35343,61.6372,2
FILHO,274,7,35353,56.4151,2
FILHO,274,2,35348,57.4013,2
FILHO,274,3,35349,60.4892,2
FILHO,274,0,35346,60.8524,2
FILHO,274,5,35351,60.8796,2
FILHO,274,1,35347,61.1545,2
FILHO,274,4,35350,61.2393,2
WAIT,274,0,0,35346,61.4195,2
WAIT,274,1,1,35347,61.4460,2
WAIT,274,2,2,35348,61.4518,2
WAIT,274,3,3,35349,61.4583,2
WAIT,274,4,4,35350,61.4635,2
FILHO,274,6,35352,61.4260,2
WAIT,274,5,5,35351,61.4719,2
WAIT,274,6,7,35353,61.4777,2
WAIT,274,7,6,35352,61.6023,2
FILHO,275,3,35359,45.5156,2
FILHO,275,4,35360,46.1677,2
FILHO,275,5,35361,46.5235,2
WAIT,275,0,3,35359,46.6987,2
WAIT,275,1,4,35360,46.7260,2
WAIT,275,2,5,35361,46.7315,2
FILHO,275,1,35357,58.8119,2
WAIT,275,3,1,35357,59.0167,2
FILHO,275,2,35358,59.2267,2
WAIT,275,4,2,35358,59.3934,2
FILHO,275,0,35356,60.3793,2
FILHO,275,6,35362,60.8798,2
WAIT,275,5,0,35356,61.8391,2
WAIT,275,6,6,35362,61.8507,2
FILHO,275,7,35363,62.1311,2
WAIT,275,7,7,35363,62.2691,2
FILHO,276,1,35367,45.6007,2
FILHO,276,3,35369,45.9868,2
FILHO,276,2,35368,46.4741,2
WAIT,276,0,1,35367,46.6419,2
WAIT,276,1,2,35368,46.6680,2
WAIT,276,2,3,35369,46.6738,2
FILHO,276,5,35371,59.3307,2
WAIT,276,3,5,35371,59.5087,2
FILHO,276,4,35370,59.6604,2
WAIT,276,4,4,35370,59.8248,2
FILHO,276,0,35366,59.9235,2
FILHO,276,6,35372,60.2253,2
WAIT,276,5,0,35366,61.0523,2
WAIT,276,6,6,35372,61.0638,2
FILHO,276,7,35373,61.9150,2
WAIT,276,7,7,35373,62.0676,2
FILHO,277,0,35376,59.9426,2
FILHO,277,4,35380,60.2785,2
FILHO,277,5,35381,60.9092,2
FILHO,277,7,35383,60.9577,2
FILHO,277,1,35377,61.3938,2
FILHO,277,6,35382,61.5678,2
FILHO,277,3,35379,61.7442,2
FILHO,277,2,35378,61.9855,2
WAIT,277,0,0,35376,62.1259,2
WAIT,277,1,1,35377,62.1461,2
WAIT,277,2,2,35378,62.1511,2
WAIT,277,3,3,35379,62.1550,2
WAIT,277,4,4,35380,62.1585,2
WAIT,277,5,5,35381,62.1623,2
WAIT,277,6,6,35382,62.1685,2
WAIT,277,7,7,35383,62.1723,2
FILHO,278,3,35389,45.5903,2
FILHO,278,4,35390,46.3018,2
FILHO,278,5,35391,46.6871,2
WAIT,278,0,3,35389,46.8673,2
WAIT,278,1,4,35390,46.8929,2
WAIT,278,2,5,35391,46.8985,2
FILHO,278,0,35386,57.4207,2
WAIT,278,3,0,35386,59.6635,2
FILHO,278,1,35387,59.8400,2
WAIT,278,4,1,35387,60.0174,2
FILHO,278,2,35388,60.4193,2
WAIT,278,5,2,35388,60.5949,2
FILHO,278,6,35392,60.7739,2
WAIT,278,6,6,35392,60.9708,2
FILHO,278,7,35393,62.6305,2
WAIT,278,7,7,35393,62.7893,2
FILHO,279,2,35398,42.1280,2
FILHO,279,3,35399,45.2304,2
FILHO,279,1,35397,45.8834,2
WAIT,279,0,1,35397,46.2532,2
WAIT,279,1,2,35398,46.2810,2
WAIT,279,2,3,35399,46.2865,2
FILHO,279,4,35400,55.2147,2
WAIT,279,3,4,35400,58.4411,2
FILHO,279,5,35401,58.5692,2
WAIT,279,4,5,35401,58.7512,2
FILHO,279,6,35402,59.2228,2
FILHO,279,0,35396,60.0114,2
WAIT,279,5,0,35396,60.1985,2
WAIT,279,6,6,35402,60.3540,2
FILHO,279,7,35403,61.5711,2
WAIT,279,7,7,35403,61.7315,2
FILHO,280,0,35406,50.9427,2
FILHO,280,2,35408,53.9368,2
FILHO,280,4,35410,53.9441,2
FILHO,280,6,35412,60.4372,2
FILHO,280,1,35407,60.4928,2
FILHO,280,5,35411,60.6661,2
FILHO,280,7,35413,60.9234,2
FILHO,280,3,35409,60.9315,2
WAIT,280,0,0,35406,61.1331,2
WAIT,280,1,1,35407,61.1632,2
WAIT,280,2,2,35408,61.1781,2
WAIT,280,3,3,35409,61.1919,2
WAIT,280,4,4,35410,61.2034,2
WAIT,280,5,5,35411,61.2190,2
WAIT,280,6,6,35412,61.2337,2
WAIT,280,7,7,35413,61.2473,2
FILHO,281,2,35418,42.0729,2
FILHO,281,3,35419,45.0982,2
WAIT,281,0,2,35418,45.2820,2
WAIT,281,1,3,35419,45.3087,2
FILHO,281,1,35417,45.7133,2
WAIT,281,2,1,35417,45.8764,2
FILHO,281,4,35420,57.9155,2
WAIT,281,3,4,35420,58.0858,2
FILHO,281,5,35421,58.2801,2
WAIT,281,4,5,35421,58.4519,2
FILHO,281,6,35422,59.0291,2
WAIT,281,5,6,35422,59.1720,2
FILHO,281,0,35416,59.9592,2
WAIT,281,6,0,35416,60.1258,2
FILHO,281,7,35423,61.9770,2
WAIT,281,7,7,35423,62.1327,2
FILHO,282,1,35427,46.2465,2
FILHO,282,2,35428,46.6887,2
FILHO,282,3,35429,47.3387,2
WAIT,282,0,1,35427,47.5130,2
WAIT,282,1,2,35428,47.5363,2
WAIT,282,2,3,35429,47.5417,2
FILHO,282,6,35432,59.5926,2
FILHO,282,4,35430,59.9371,2
WAIT,282,3,4,35430,60.1167,2
FILHO,282,5,35431,60.5835,2
WAIT,282,4,5,35431,60.7806,2
FILHO,282,0,35426,61.1062,2
WAIT,282,5,0,35426,61.2852,2
WAIT,282,6,6,35432,61.3514,2
FILHO,282,7,35433,62.5362,2
WAIT,282,7,7,35433,62.6802,2
FILHO,283,3,35439,45.4951,2
FILHO,283,1,35437,45.6842,2
FILHO,283,2,35438,46.2551,2
WAIT,283,0,1,35437,46.5119,2
WAIT,283,1,2,35438,46.5344,2
WAIT,283,2,3,35439,46.5397,2
FILHO,283,4,35440,58.6732,2
WAIT,283,3,4,35440,58.8484,2
FILHO,283,5,35441,59.4642,2
WAIT,283,4,5,35441,59.6558,2
FILHO,283,0,35436,60.1040,2
WAIT,283,5,0,35436,60.2726,2
FILHO,283,6,35442,60.5095,2
WAIT,283,6,6,35442,60.7059,2
FILHO,283,7,35443,61.9329,2
WAIT,283,7,7,35443,62.1031,2
FILHO,284,2,35448,46.4444,2
FILHO,284,1,35447,47.1785,2
FILHO,284,3,35449,47.4991,2
WAIT,284,0,1,35447,47.6726,2
WAIT,284,1,2,35448,47.7044,2
WAIT,284,2,3,35449,47.7097,2
FILHO,284,5,35451,60.3260,2
WAIT,284,3,5,35451,60.5075,2
FILHO,284,6,35452,61.0378,2
WAIT,284,4,6,35452,61.2291,2
FILHO,284,0,35446,62.1606,2
WAIT,284,5,0,35446,62.3378,2
FILHO,284,7,35453,63.0310,2
FILHO,284,4,35450,63.2841,2
WAIT,284,6,4,35450,63.4296,2
WAIT,284,7,7,35453,63.5212,2
FILHO,285,1,35457,46.0359,2
FILHO,285,2,35458,46.5837,2
FILHO,285,3,35459,46.9724,2
WAIT,285,0,1,35457,47.1449,2
WAIT,285,1,2,35458,47.1756,2
WAIT,285,2,3,35459,47.1809,2
FILHO,285,5,35461,59.5976,2
WAIT,285,3,5,35461,59.7848,2
FILHO,285,6,35462,60.0623,2
WAIT,285,4,6,35462,60.2398,2
FILHO,285,0,35456,60.9420,2
WAIT,285,5,0,35456,61.1214,2
FILHO,285,7,35463,61.7788,2
WAIT,285,6,7,35463,61.9343,2
FILHO,285,4,35460,62.3327,2
WAIT,285,7,4,35460,62.4724,2
FILHO,286,1,35467,39.5562,2
FILHO,286,2,35468,46.0396,2
FILHO,286,3,35469,46.4515,2
WAIT,286,0,1,35467,46.6585,2
WAIT,286,1,2,35468,46.6892,2
WAIT,286,2,3,35469,46.6958,2
FILHO,286,5,35471,59.8374,2
WAIT,286,3,5,35471,60.0309,2
FILHO,286,6,35472,60.2320,2
WAIT,286,4,6,35472,60.4072,2
FILHO,286,0,35466,60.7323,2
WAIT,286,5,0,35466,60.9222,2
FILHO,286,4,35470,61.1458,2
WAIT,286,6,4,35470,61.3331,2
FILHO,286,7,35473,62.1709,2
WAIT,286,7,7,35473,62.3233,2
FILHO,287,1,35477,46.5544,2
FILHO,287,3,35479,47.1308,2
FILHO,287,2,35478,45.7085,2
WAIT,287,0,1,35477,47.4716,2
WAIT,287,1,2,35478,47.4956,2
WAIT,287,2,3,35479,47.5010,2
FILHO,287,6,35482,57.6132,2
FILHO,287,5,35481,59.6260,2
FILHO,287,4,35480,59.6243,2
WAIT,287,3,4,35480,59.8177,2
WAIT,287,4,6,35482,59.8910,2
FILHO,287,7,35483,61.8046,2
FILHO,287,0,35476,62.0216,2
WAIT,287,5,0,35476,62.1723,2
WAIT,287,6,5,35481,62.1846,2
WAIT,287,7,7,35483,62.1909,2
FILHO,288,1,35488,45.9102,2
FILHO,288,2,35489,46.4541,2
FILHO,288,3,35490,46.8808,2
WAIT,288,0,1,35488,47.0632,2
WAIT,288,1,2,35489,47.0941,2
WAIT,288,2,3,35490,47.0999,2
FILHO,288,6,35493,59.4950,2
WAIT,288,3,6,35493,59.6919,2
FILHO,288,5,35492,59.7899,2
WAIT,288,4,5,35492,59.9672,2
FILHO,288,0,35487,61.0466,2
WAIT,288,5,0,35487,61.2514,2
FILHO,288,4,35491,61.7025,2
WAIT,288,6,4,35491,61.8818,2
FILHO,288,7,35494,62.0166,2
WAIT,288,7,7,35494,62.1688,2
FILHO,289,2,35499,45.2694,2
FILHO,289,1,35498,45.7092,2
FILHO,289,3,35500,46.0869,2
WAIT,289,0,1,35498,46.2564,2
WAIT,289,1,2,35499,46.2855,2
WAIT,289,2,3,35500,46.2908,2
FILHO,289,4,35501,58.3455,2
WAIT,289,3,4,35501,58.5395,2
FILHO,289,5,35502,58.7719,2
WAIT,289,4,5,35502,58.9437,2
FILHO,289,0,35497,59.3391,2
FILHO,289,6,35503,59.8769,2
WAIT,289,5,0,35497,60.5477,2
WAIT,289,6,6,35503,60.5617,2
FILHO,289,7,35504,61.4935,2
WAIT,289,7,7,35504,61.6584,2
FILHO,290,4,35511,15.7582,2
WAIT,290,0,4,35511,15.9478,2
FILHO,290,7,35514,52.4067,2
FILHO,290,1,35508,55.3747,2
FILHO,290,0,35507,56.0293,2
WAIT,290,1,0,35507,56.2935,2
WAIT,290,2,7,35514,56.3079,2
WAIT,290,3,1,35508,56.3547,2
FILHO,290,6,35513,58.9587,2
FILHO,290,2,35509,59.3002,2
FILHO,290,3,35510,60.2649,2
FILHO,290,5,35512,61.1635,2
WAIT,290,4,2,35509,61.3185,2
WAIT,290,5,3,35510,61.3314,2
WAIT,290,6,5,35512,61.3375,2
WAIT,290,7,6,35513,61.3435,2
FILHO,291,3,35520,42.3833,2
FILHO,291,1,35518,45.8857,2
FILHO,291,2,35519,46.3709,2
WAIT,291,0,1,35518,46.5626,2
WAIT,291,1,2,35519,46.5909,2
WAIT,291,2,3,35520,46.5967,2
FILHO,291,5,35522,59.3719,2
FILHO,291,6,35523,59.5672,2
WAIT,291,3,5,35522,59.7375,2
WAIT,291,4,6,35523,59.7487,2
FILHO,291,0,35517,60.0323,2
WAIT,291,5,0,35517,60.2082,2
FILHO,291,4,35521,60.4322,2
WAIT,291,6,4,35521,60.6373,2
FILHO,291,7,35524,61.8917,2
WAIT,291,7,7,35524,62.0432,2
FILHO,292,0,35527,50.8568,2
FILHO,292,4,35531,60.3280,2
FILHO,292,1,35528,60.4146,2
FILHO,292,3,35530,60.8924,2
FILHO,292,5,35532,61.0244,2
FILHO,292,2,35529,61.5274,2
FILHO,292,6,35533,61.7037,2
FILHO,292,7,35534,62.0998,2
WAIT,292,0,0,35527,62.2506,2
WAIT,292,1,1,35528,62.2695,2
WAIT,292,2,2,35529,62.2746,2
WAIT,292,3,3,35530,62.2786,2
WAIT,292,4,4,35531,62.2828,2
WAIT,292,5,5,35532,62.2872,2
WAIT,292,6,6,35533,62.2913,2
WAIT,292,7,7,35534,62.2964,2
FILHO,293,1,35538,45.5287,2
FILHO,293,2,35539,42.2375,2
FILHO,293,3,35540,46.0766,2
WAIT,293,0,1,35538,46.2515,2
WAIT,293,1,2,35539,46.3024,2
WAIT,293,2,3,35540,46.3079,2
FILHO,293,6,35543,59.1681,2
FILHO,293,5,35542,59.4478,2
WAIT,293,3,5,35542,59.6304,2
WAIT,293,4,6,35543,59.7202,2
FILHO,293,0,35537,60.1886,2
WAIT,293,5,0,35537,60.3848,2
FILHO,293,4,35541,60.5964,2
WAIT,293,6,4,35541,60.7764,2
FILHO,293,7,35544,61.7571,2
WAIT,293,7,7,35544,61.9107,2
FILHO,294,1,35548,45.8658,2
FILHO,294,3,35550,46.3585,2
FILHO,294,2,35549,46.6416,2
WAIT,294,0,1,35548,46.8289,2
WAIT,294,1,2,35549,46.8563,2
WAIT,294,2,3,35550,46.8618,2
FILHO,294,0,35547,56.7246,2
FILHO,294,5,35552,59.8470,2
WAIT,294,3,5,35552,60.0306,2
FILHO,294,6,35553,60.2989,2
WAIT,294,4,6,35553,60.4607,2
WAIT,294,5,0,35547,60.5693,2
FILHO,294,4,35551,60.6818,2
WAIT,294,6,4,35551,60.8720,2
FILHO,294,7,35554,62.1344,2
WAIT,294,7,7,35554,62.2830,2
FILHO,295,7,35564,45.4416,2
FILHO,295,1,35558,45.8946,2
FILHO,295,0,35557,46.0856,2
WAIT,295,0,0,35557,46.3465,2
WAIT,295,1,1,35558,46.3833,2
WAIT,295,2,7,35564,46.4023,2
FILHO,295,2,35559,59.2798,2
WAIT,295,3,2,35559,59.4888,2
FILHO,295,3,35560,57.5279,2
WAIT,295,4,3,35560,59.6920,2
FILHO,295,4,35561,60.2885,2
WAIT,295,5,4,35561,61.7194,2
FILHO,295,5,35562,63.0152,2
WAIT,295,6,5,35562,63.2361,2
FILHO,295,6,35563,63.5246,2
WAIT,295,7,6,35563,63.7057,2
FILHO,296,2,35575,42.3816,2
FILHO,296,1,35574,45.9947,2
FILHO,296,3,35576,45.4113,2
WAIT,296,0,1,35574,46.4903,2
WAIT,296,1,2,35575,46.5262,2
WAIT,296,2,3,35576,46.5371,2
FILHO,296,0,35573,56.3706,2
FILHO,296,5,35578,59.7412,2
WAIT,296,3,5,35578,59.9339,2
FILHO,296,6,35579,60.0635,2
WAIT,296,4,6,35579,60.2487,2
WAIT,296,5,0,35573,60.3896,2
FILHO,296,4,35577,60.7658,2
WAIT,296,6,4,35577,60.9504,2
FILHO,296,7,35580,61.9187,2
WAIT,296,7,7,35580,62.0727,2
FILHO,297,1,35584,45.4896,2
FILHO,297,2,35585,46.0737,2
FILHO,297,3,35586,46.5027,2
WAIT,297,0,1,35584,46.6787,2
WAIT,297,1,2,35585,46.7048,2
WAIT,297,2,3,35586,46.7116,2
FILHO,297,5,35588,57.7773,2
FILHO,297,4,35587,58.8120,2
WAIT,297,3,4,35587,59.0051,2
WAIT,297,4,5,35588,59.1226,2
FILHO,297,0,35583,59.7276,2
FILHO,297,6,35589,60.1025,2
WAIT,297,5,0,35583,60.2780,2
WAIT,297,6,6,35589,60.2902,2
FILHO,297,7,35590,62.0357,2
WAIT,297,7,7,35590,62.1944,2
FILHO,298,0,35593,60.1574,2
FILHO,298,4,35597,60.4937,2
FILHO,298,1,35594,60.7071,2
FILHO,298,3,35596,60.8053,2
FILHO,298,2,35595,60.9404,2
FILHO,298,5,35598,61.0955,2
FILHO,298,6,35599,61.3088,2
FILHO,298,7,35600,61.4938,2
WAIT,298,0,0,35593,61.6329,2
WAIT,298,1,1,35594,61.6544,2
WAIT,298,2,2,35595,61.6610,2
WAIT,298,3,3,35596,61.6676,2
WAIT,298,4,4,35597,61.6733,2
WAIT,298,5,5,35598,61.6803,2
WAIT,298,6,6,35599,61.6923,2
WAIT,298,7,7,35600,61.6988,2
FILHO,299,2,35605,44.7514,2
FILHO,299,1,35604,45.7832,2
FILHO,299,3,35606,46.0672,2
WAIT,299,0,1,35604,46.3413,2
WAIT,299,1,2,35605,46.3699,2
WAIT,299,2,3,35606,46.3754,2
FILHO,299,0,35603,56.6673,2
WAIT,299,3,0,35603,58.8563,2
FILHO,299,4,35607,59.1286,2
WAIT,299,4,4,35607,59.3061,2
FILHO,299,5,35608,58.8037,2
WAIT,299,5,5,35608,59.4592,2
FILHO,299,6,35609,59.6472,2
WAIT,299,6,6,35609,59.7933,2
FILHO,299,7,35610,61.9233,2
WAIT,299,7,7,35610,62.0738,2
FILHO,0,1,35618,15.3027,4
WAIT,0,0,1,35618,15.5522,4
FILHO,0,4,35621,17.3879,4
WAIT,0,1,4,35621,17.5942,4
FILHO,0,3,35620,25.1808,4
WAIT,0,2,3,35620,25.3796,4
FILHO,0,2,35619,26.9380,4
WAIT,0,3,2,35619,27.1357,4
FILHO,0,7,35624,27.9673,4
WAIT,0,4,7,35624,28.1927,4
FILHO,0,6,35623,31.1976,4
WAIT,0,5,6,35623,31.3529,4
FILHO,0,5,35622,32.4490,4
WAIT,0,6,5,35622,32.6308,4
FILHO,0,0,35617,32.9341,4
WAIT,0,7,0,35617,33.1018,4
FILHO,1,1,35628,15.1835,4
WAIT,1,0,1,35628,15.3581,4
FILHO,1,3,35630,22.9896,4
WAIT,1,1,3,35630,23.1795,4
FILHO,1,4,35631,24.0744,4
WAIT,1,2,4,35631,24.2569,4
FILHO,1,0,35627,29.5443,4
FILHO,1,5,35632,29.9635,4
WAIT,1,3,0,35627,30.6828,4
WAIT,1,4,5,35632,30.6978,4
FILHO,1,6,35633,30.6816,4
WAIT,1,5,6,35633,30.8373,4
FILHO,1,7,35634,31.1708,4
WAIT,1,6,7,35634,31.3396,4
FILHO,1,2,35629,31.5068,4
WAIT,1,7,2,35629,31.6373,4
FILHO,2,0,35637,16.9968,4
WAIT,2,0,0,35637,17.2794,4
FILHO,2,2,35639,23.9463,4
WAIT,2,1,2,35639,25.4380,4
FILHO,2,4,35641,31.2211,4
WAIT,2,2,4,35641,31.4330,4
FILHO,2,7,35644,33.8173,4
WAIT,2,3,7,35644,34.0149,4
FILHO,2,6,35643,34.3717,4
WAIT,2,4,6,35643,34.5558,4
FILHO,2,3,35640,34.7733,4
WAIT,2,5,3,35640,34.9599,4
FILHO,2,1,35638,35.8573,4
WAIT,2,6,1,35638,36.0059,4
FILHO,2,5,35642,36.0522,4
WAIT,2,7,5,35642,36.1937,4
FILHO,3,1,35648,14.0307,4
WAIT,3,0,1,35648,14.2399,4
FILHO,3,5,35652,20.7366,4
WAIT,3,1,5,35652,20.9254,4
FILHO,3,7,35654,26.7858,4
WAIT,3,2,7,35654,26.9812,4
FILHO,3,0,35647,29.9096,4
FILHO,3,4,35651,29.9587,4
WAIT,3,3,0,35647,30.1017,4
WAIT,3,4,4,35651,30.1355,4
FILHO,3,6,35653,30.6187,4
WAIT,3,5,6,35653,30.7634,4
FILHO,3,3,35650,33.2993,4
FILHO,3,2,35649,33.3291,4
WAIT,3,6,3,35650,33.4688,4
WAIT,3,7,2,35649,33.4826,4
FILHO,4,3,35660,15.9154,4
WAIT,4,0,3,35660,16.0984,4
FILHO,4,1,35658,20.1133,4
WAIT,4,1,1,35658,20.3132,4
FILHO,4,7,35664,26.3893,4
WAIT,4,2,7,35664,26.5606,4
FILHO,4,0,35657,28.0310,4
WAIT,4,3,0,35657,28.2228,4
FILHO,4,2,35659,29.6991,4
WAIT,4,4,2,35659,29.8816,4
FILHO,4,5,35662,30.0047,4
WAIT,4,5,5,35662,30.1724,4
FILHO,4,4,35661,31.1529,4
WAIT,4,6,4,35661,31.3259,4
FILHO,4,6,35663,32.6000,4
WAIT,4,7,6,35663,32.7390,4
FILHO,5,4,35671,21.6711,4
WAIT,5,0,4,35671,21.8943,4
FILHO,5,1,35668,27.6647,4
WAIT,5,1,1,35668,27.8657,4
FILHO,5,5,35672,29.0263,4
FILHO,5,0,35667,30.0396,4
WAIT,5,2,0,35667,30.2347,4
WAIT,5,3,5,35672,30.3169,4
FILHO,5,6,35673,31.2747,4
WAIT,5,4,6,35673,31.4608,4
FILHO,5,7,35674,33.9128,4
WAIT,5,5,7,35674,34.1013,4
FILHO,5,3,35670,34.7207,4
WAIT,5,6,3,35670,34.9063,4
FILHO,5,2,35669,35.3057,4
WAIT,5,7,2,35669,35.4626,4
FILHO,6,3,35681,15.7816,4
WAIT,6,0,3,35681,18.3545,4
FILHO,6,1,35679,21.0643,4
WAIT,6,1,1,35679,21.2599,4
FILHO,6,7,35685,25.0591,4
WAIT,6,2,7,35685,25.2666,4
FILHO,6,0,35678,27.0822,4
FILHO,6,2,35680,27.4708,4
WAIT,6,3,0,35678,27.6716,4
WAIT,6,4,2,35680,27.6909,4
FILHO,6,6,35684,29.3475,4
WAIT,6,5,6,35684,29.5004,4
FILHO,6,4,35682,31.4946,4
WAIT,6,6,4,35682,31.6734,4
FILHO,6,5,35683,32.7227,4
WAIT,6,7,5,35683,32.8714,4
FILHO,7,3,35691,15.5688,4
WAIT,7,0,3,35691,18.1117,4
FILHO,7,1,35689,21.7876,4
WAIT,7,1,1,35689,21.9644,4
FILHO,7,7,35695,24.7170,4
WAIT,7,2,7,35695,24.8920,4
FILHO,7,4,35692,30.3457,4
WAIT,7,3,4,35692,30.5316,4
FILHO,7,5,35693,30.9912,4
WAIT,7,4,5,35693,31.1820,4
FILHO,7,2,35690,31.3846,4
FILHO,7,0,35688,31.4398,4
WAIT,7,5,2,35690,31.5336,4
WAIT,7,6,0,35688,31.6352,4
FILHO,7,6,35694,32.8611,4
WAIT,7,7,6,35694,32.9995,4
FILHO,8,3,35701,15.4761,4
WAIT,8,0,3,35701,15.6650,4
FILHO,8,1,35699,19.0224,4
WAIT,8,1,1,35699,19.1935,4
FILHO,8,0,35698,24.6256,4
WAIT,8,2,0,35698,24.8012,4
FILHO,8,7,35705,26.7479,4
WAIT,8,3,7,35705,26.9374,4
FILHO,8,2,35700,27.4584,4
WAIT,8,4,2,35700,27.6285,4
FILHO,8,6,35704,29.6614,4
WAIT,8,5,6,35704,29.8179,4
FILHO,8,4,35702,31.8865,4
WAIT,8,6,4,35702,32.0540,4
FILHO,8,5,35703,33.3894,4
WAIT,8,7,5,35703,33.5283,4
FILHO,9,4,35712,18.4952,4
WAIT,9,0,4,35712,18.7179,4
FILHO,9,1,35709,20.9818,4
WAIT,9,1,1,35709,21.1602,4
FILHO,9,5,35713,26.7527,4
WAIT,9,2,5,35713,26.9660,4
FILHO,9,6,35714,29.9973,4
FILHO,9,0,35708,29.9947,4
WAIT,9,3,0,35708,30.1882,4
WAIT,9,4,6,35714,30.2053,4
FILHO,9,2,35710,30.2414,4
WAIT,9,5,2,35710,30.4086,4
FILHO,9,3,35711,30.5119,4
WAIT,9,6,3,35711,30.6440,4
FILHO,9,7,35715,32.6495,4
WAIT,9,7,7,35715,32.7875,4
FILHO,10,1,35719,16.0873,4
WAIT,10,0,1,35719,16.2699,4
FILHO,10,3,35721,16.3469,4
WAIT,10,1,3,35721,16.9220,4
FILHO,10,7,35725,28.6882,4
WAIT,10,2,7,35725,28.8748,4
FILHO,10,6,35724,28.9167,4
FILHO,10,0,35718,28.9900,4
WAIT,10,3,6,35724,29.0878,4
WAIT,10,4,0,35718,29.1492,4
FILHO,10,5,35723,29.9615,4
WAIT,10,5,5,35723,30.1447,4
FILHO,10,4,35722,31.4239,4
WAIT,10,6,4,35722,31.5627,4
FILHO,10,2,35720,31.6145,4
WAIT,10,7,2,35720,31.7500,4
FILHO,11,3,35731,15.4887,4
WAIT,11,0,3,35731,15.6700,4
FILHO,11,1,35729,19.0215,4
WAIT,11,1,1,35729,19.1934,4
FILHO,11,7,35735,26.6763,4
WAIT,11,2,7,35735,26.8888,4
FILHO,11,6,35734,29.9724,4
FILHO,11,0,35728,30.0563,4
WAIT,11,3,6,35734,30.1458,4
WAIT,11,4,0,35728,30.2390,4
FILHO,11,4,35732,30.4520,4
WAIT,11,5,4,35732,30.6169,4
FILHO,11,2,35730,30.8240,4
WAIT,11,6,2,35730,30.9788,4
FILHO,11,5,35733,31.1276,4
WAIT,11,7,5,35733,31.2681,4
FILHO,12,1,35739,15.0684,4
WAIT,12,0,1,35739,15.2510,4
FILHO,12,3,35741,15.5457,4
WAIT,12,1,3,35741,15.7186,4
FILHO,12,0,35738,21.7454,4
WAIT,12,2,0,35738,21.9521,4
FILHO,12,6,35744,27.8017,4
WAIT,12,3,6,35744,28.0216,4
FILHO,12,5,35743,32.1220,4
WAIT,12,4,5,35743,32.3124,4
FILHO,12,4,35742,33.4938,4
WAIT,12,5,4,35742,33.7084,4
FILHO,12,7,35745,34.4436,4
FILHO,12,2,35740,34.5060,4
WAIT,12,6,7,35745,34.6771,4
WAIT,12,7,2,35740,34.7091,4
FILHO,13,3,35751,17.0262,4
FILHO,13,4,35752,17.2194,4
WAIT,13,0,3,35751,17.3176,4
WAIT,13,1,4,35752,17.4175,4
FILHO,13,2,35750,26.3917,4
WAIT,13,2,2,35750,26.5924,4
FILHO,13,5,35753,26.7344,4
WAIT,13,3,5,35753,26.9002,4
FILHO,13,1,35749,30.9141,4
FILHO,13,0,35748,31.0126,4
WAIT,13,4,1,35749,31.1177,4
WAIT,13,5,0,35748,31.1846,4
FILHO,13,6,35754,32.4715,4
WAIT,13,6,6,35754,32.6569,4
FILHO,13,7,35755,32.6610,4
WAIT,13,7,7,35755,32.8127,4
FILHO,14,1,35759,15.0569,4
WAIT,14,0,1,35759,15.2715,4
FILHO,14,5,35763,17.7207,4
WAIT,14,1,5,35763,17.9159,4
FILHO,14,0,35758,24.4713,4
WAIT,14,2,0,35758,24.6823,4
FILHO,14,2,35760,27.2961,4
WAIT,14,3,2,35760,27.5033,4
FILHO,14,3,35761,30.0427,4
WAIT,14,4,3,35761,30.2766,4
FILHO,14,4,35762,30.6375,4
WAIT,14,5,4,35762,30.8073,4
FILHO,14,7,35765,30.9371,4
WAIT,14,6,7,35765,31.0647,4
FILHO,14,6,35764,32.3137,4
WAIT,14,7,6,35764,32.4546,4
FILHO,15,5,35773,16.7412,4
WAIT,15,0,5,35773,16.9485,4
FILHO,15,1,35769,23.2059,4
WAIT,15,1,1,35769,23.4004,4
FILHO,15,6,35774,23.3672,4
WAIT,15,2,6,35774,26.4397,4
FILHO,15,0,35768,29.3393,4
WAIT,15,3,0,35768,29.5340,4
FILHO,15,2,35770,29.7352,4
WAIT,15,4,2,35770,29.9171,4
FILHO,15,7,35775,30.6207,4
FILHO,15,3,35771,30.6378,4
WAIT,15,5,3,35771,30.8138,4
WAIT,15,6,7,35775,30.8262,4
FILHO,15,4,35772,31.7139,4
WAIT,15,7,4,35772,31.8585,4
FILHO,16,5,35783,17.4643,4
WAIT,16,0,5,35783,17.6669,4
FILHO,16,1,35779,20.4916,4
WAIT,16,1,1,35779,20.6764,4
FILHO,16,6,35784,26.1873,4
FILHO,16,2,35780,27.4932,4
WAIT,16,2,2,35780,28.3211,4
WAIT,16,3,6,35784,28.3356,4
FILHO,16,0,35778,29.9382,4
WAIT,16,4,0,35778,30.1220,4
FILHO,16,7,35785,30.9213,4
WAIT,16,5,7,35785,31.0779,4
FILHO,16,3,35781,31.6832,4
WAIT,16,6,3,35781,31.8581,4
FILHO,16,4,35782,32.8588,4
WAIT,16,7,4,35782,33.0041,4
FILHO,17,7,35795,15.7897,4
WAIT,17,0,7,35795,18.7309,4
FILHO,17,1,35789,23.0339,4
WAIT,17,1,1,35789,23.2405,4
FILHO,17,6,35794,23.5328,4
WAIT,17,2,6,35794,23.6885,4
FILHO,17,0,35788,30.0802,4
FILHO,17,3,35791,30.6329,4
FILHO,17,5,35793,30.6931,4
WAIT,17,3,0,35788,30.8497,4
WAIT,17,4,3,35791,30.8569,4
WAIT,17,5,5,35793,30.8843,4
FILHO,17,4,35792,30.8574,4
WAIT,17,6,4,35792,31.0145,4
FILHO,17,2,35790,31.7279,4
WAIT,17,7,2,35790,31.8748,4
FILHO,18,5,35803,18.1368,4
WAIT,18,0,5,35803,18.3352,4
FILHO,18,1,35799,21.0401,4
WAIT,18,1,1,35799,21.2373,4
FILHO,18,6,35804,27.0753,4
WAIT,18,2,6,35804,27.3286,4
FILHO,18,0,35798,32.8097,4
WAIT,18,3,0,35798,33.0061,4
FILHO,18,2,35800,33.3487,4
WAIT,18,4,2,35800,33.6284,4
FILHO,18,7,35805,34.6276,4
WAIT,18,5,7,35805,34.8323,4
FILHO,18,4,35802,34.9931,4
WAIT,18,6,4,35802,35.1793,4
FILHO,18,3,35801,37.1193,4
WAIT,18,7,3,35801,37.2791,4
FILHO,19,2,35810,15.7328,4
WAIT,19,0,2,35810,23.5025,4
FILHO,19,3,35811,26.3645,4
FILHO,19,1,35809,26.4058,4
WAIT,19,1,3,35811,26.5871,4
WAIT,19,2,1,35809,26.6094,4
FILHO,19,0,35808,31.0106,4
WAIT,19,3,0,35808,31.8459,4
FILHO,19,4,35812,36.3085,4
WAIT,19,4,4,35812,36.5462,4
FILHO,19,6,35814,36.6318,4
WAIT,19,5,6,35814,36.8617,4
FILHO,19,5,35813,40.5566,4
WAIT,19,6,5,35813,40.7513,4
FILHO,19,7,35815,42.0781,4
WAIT,19,7,7,35815,42.2651,4
FILHO,20,1,35825,31.4039,4
FILHO,20,4,35828,33.1490,4
FILHO,20,5,35829,34.6391,4
FILHO,20,6,35830,36.5435,4
WAIT,20,0,1,35825,37.1109,4
WAIT,20,1,4,35828,37.1457,4
WAIT,20,2,5,35829,37.1530,4
WAIT,20,3,6,35830,37.1625,4
FILHO,20,2,35826,39.5875,4
FILHO,20,7,35831,40.1655,4
WAIT,20,4,2,35826,42.2147,4
WAIT,20,5,7,35831,42.2284,4
FILHO,20,0,35824,42.2998,4
WAIT,20,6,0,35824,42.4841,4
FILHO,20,3,35827,42.6065,4
WAIT,20,7,3,35827,43.0131,4
FILHO,21,4,35844,15.7835,4
WAIT,21,0,4,35844,16.8646,4
FILHO,21,1,35841,39.4896,4
FILHO,21,3,35843,40.4108,4
WAIT,21,1,1,35841,41.3166,4
WAIT,21,2,3,35843,41.3473,4
FILHO,21,5,35845,41.6249,4
FILHO,21,6,35846,41.7593,4
WAIT,21,3,5,35845,41.8435,4
WAIT,21,4,6,35846,44.3152,4
FILHO,21,0,35840,49.2325,4
WAIT,21,5,0,35840,49.4571,4
FILHO,21,2,35842,49.5023,4
WAIT,21,6,2,35842,49.6964,4
FILHO,21,7,35847,50.5278,4
WAIT,21,7,7,35847,50.6961,4
FILHO,22,4,35854,24.1087,4
WAIT,22,0,4,35854,24.3872,4
FILHO,22,6,35856,26.5985,4
WAIT,22,1,6,35856,27.6013,4
FILHO,22,3,35853,36.0038,4
WAIT,22,2,3,35853,36.2257,4
FILHO,22,1,35851,36.6617,4
WAIT,22,3,1,35851,36.8693,4
FILHO,22,5,35855,36.9475,4
WAIT,22,4,5,35855,37.0922,4
FILHO,22,7,35857,37.8666,4
WAIT,22,5,7,35857,38.3661,4
FILHO,22,2,35852,41.8665,4
FILHO,22,0,35850,41.8894,4
WAIT,22,6,0,35850,42.0436,4
WAIT,22,7,2,35852,42.0552,4
FILHO,23,5,35871,16.2767,4
WAIT,23,0,5,35871,16.5112,4
FILHO,23,4,35870,19.7144,4
WAIT,23,1,4,35870,19.9062,4
FILHO,23,1,35867,29.8672,4
WAIT,23,2,1,35867,30.0887,4
FILHO,23,0,35866,31.4634,4
WAIT,23,3,0,35866,31.6811,4
FILHO,23,2,35868,32.1323,4
WAIT,23,4,2,35868,33.5625,4
FILHO,23,3,35869,33.5665,4
WAIT,23,5,3,35869,33.7144,4
FILHO,23,7,35873,35.0332,4
WAIT,23,6,7,35873,35.2069,4
FILHO,23,6,35872,35.6824,4
WAIT,23,7,6,35872,35.8215,4
FILHO,24,1,35877,14.5733,4
WAIT,24,0,1,35877,14.7692,4
FILHO,24,4,35880,18.0633,4
WAIT,24,1,4,35880,18.2600,4
FILHO,24,0,35876,27.1383,4
WAIT,24,2,0,35876,27.3091,4
FILHO,24,7,35883,28.8528,4
WAIT,24,3,7,35883,29.0752,4
FILHO,24,6,35882,30.6500,4
FILHO,24,5,35881,30.7000,4
WAIT,24,4,6,35882,30.8482,4
WAIT,24,5,5,35881,30.8665,4
FILHO,24,3,35879,32.0143,4
FILHO,24,2,35878,32.1025,4
WAIT,24,6,3,35879,32.1571,4
WAIT,24,7,2,35878,32.2440,4
FILHO,25,1,35887,23.4240,4
WAIT,25,0,1,35887,23.6046,4
FILHO,25,0,35886,24.2470,4
WAIT,25,1,0,35886,24.4156,4
FILHO,25,7,35893,29.9493,4
FILHO,25,2,35888,30.0109,4
WAIT,25,2,7,35893,30.1718,4
WAIT,25,3,2,35888,30.2127,4
FILHO,25,4,35890,30.3313,4
WAIT,25,4,4,35890,30.5270,4
FILHO,25,6,35892,30.7227,4
WAIT,25,5,6,35892,30.9471,4
FILHO,25,3,35889,31.1733,4
WAIT,25,6,3,35889,31.3112,4
FILHO,25,5,35891,31.3898,4
WAIT,25,7,5,35891,31.5268,4
FILHO,26,1,35897,22.9584,4
WAIT,26,0,1,35897,24.3788,4
FILHO,26,2,35898,25.7104,4
WAIT,26,1,2,35898,25.8972,4
FILHO,26,0,35896,30.9467,4
FILHO,26,6,35902,32.3682,4
FILHO,26,5,35901,32.4184,4
FILHO,26,3,35899,32.9494,4
WAIT,26,2,0,35896,33.1429,4
WAIT,26,3,3,35899,33.1507,4
WAIT,26,4,5,35901,33.1570,4
WAIT,26,5,6,35902,33.1623,4
FILHO,26,7,35903,33.9491,4
WAIT,26,6,7,35903,34.1218,4
FILHO,26,4,35900,34.6426,4
WAIT,26,7,4,35900,34.8130,4
FILHO,27,4,35914,17.6677,4
WAIT,27,0,4,35914,17.8944,4
FILHO,27,2,35912,27.3228,4
WAIT,27,1,2,35912,27.5263,4
FILHO,27,1,35911,31.9072,4
WAIT,27,2,1,35911,32.1139,4
FILHO,27,0,35910,33.6154,4
WAIT,27,3,0,35910,33.8208,4
FILHO,27,7,35917,33.9430,4
WAIT,27,4,7,35917,34.1380,4
FILHO,27,5,35915,34.6786,4
WAIT,27,5,5,35915,34.8979,4
FILHO,27,6,35916,35.4590,4
WAIT,27,6,6,35916,35.6152,4
FILHO,27,3,35913,36.0937,4
WAIT,27,7,3,35913,36.2396,4
FILHO,28,1,35929,15.3403,4
FILHO,28,5,35933,15.9965,4
WAIT,28,0,1,35929,20.7661,4
WAIT,28,1,5,35933,20.7974,4
FILHO,28,0,35928,24.9332,4
WAIT,28,2,0,35928,25.1207,4
FILHO,28,2,35930,27.2991,4
WAIT,28,3,2,35930,27.4946,4
FILHO,28,6,35934,29.6662,4
WAIT,28,4,6,35934,29.8994,4
FILHO,28,7,35935,30.8960,4
WAIT,28,5,7,35935,31.0498,4
FILHO,28,4,35932,31.1753,4
WAIT,28,6,4,35932,31.3600,4
FILHO,28,3,35931,31.5113,4
WAIT,28,7,3,35931,31.6495,4
FILHO,29,3,35941,15.4455,4
WAIT,29,0,3,35941,15.7468,4
FILHO,29,1,35939,18.2774,4
WAIT,29,1,1,35939,18.4548,4
FILHO,29,0,35938,25.2577,4
WAIT,29,2,0,35938,25.4631,4
FILHO,29,5,35943,27.6927,4
WAIT,29,3,5,35943,29.6943,4
FILHO,29,7,35945,31.4885,4
WAIT,29,4,7,35945,31.6913,4
FILHO,29,6,35944,32.1230,4
WAIT,29,5,6,35944,32.2852,4
FILHO,29,2,35940,33.2400,4
WAIT,29,6,2,35940,33.4195,4
FILHO,29,4,35942,34.3675,4
WAIT,29,7,4,35942,34.5097,4
FILHO,30,1,35949,14.5390,4
WAIT,30,0,1,35949,14.7959,4
FILHO,30,3,35951,17.0961,4
WAIT,30,1,3,35951,17.3009,4
FILHO,30,6,35954,27.4698,4
WAIT,30,2,6,35954,27.7291,4
FILHO,30,5,35953,28.3391,4
WAIT,30,3,5,35953,28.5389,4
FILHO,30,2,35950,29.2668,4
WAIT,30,4,2,35950,29.4836,4
FILHO,30,7,35955,29.5856,4
WAIT,30,5,7,35955,29.7862,4
FILHO,30,0,35948,31.0072,4
WAIT,30,6,0,35948,31.1593,4
FILHO,30,4,35952,31.2928,4
WAIT,30,7,4,35952,31.4348,4
FILHO,31,1,35959,15.1190,4
WAIT,31,0,1,35959,15.3245,4
FILHO,31,2,35960,15.5423,4
WAIT,31,1,2,35960,15.7440,4
FILHO,31,4,35962,24.5243,4
FILHO,31,0,35958,26.7578,4
WAIT,31,2,0,35958,27.6566,4
WAIT,31,3,4,35962,27.6673,4
FILHO,31,6,35964,27.8000,4
WAIT,31,4,6,35964,27.9683,4
FILHO,31,7,35965,27.9433,4
WAIT,31,5,7,35965,28.1097,4
FILHO,31,3,35961,31.4905,4
WAIT,31,6,3,35961,31.6504,4
FILHO,31,5,35963,31.7914,4
WAIT,31,7,5,35963,31.9233,4
FILHO,32,1,35969,15.5251,4
WAIT,32,0,1,35969,18.4874,4
FILHO,32,3,35971,22.8346,4
WAIT,32,1,3,35971,23.0215,4
FILHO,32,4,35972,24.7296,4
WAIT,32,2,4,35972,24.9190,4
FILHO,32,0,35968,30.2193,4
FILHO,32,5,35973,30.4111,4
WAIT,32,3,0,35968,30.6334,4
FILHO,32,6,35974,30.8265,4
FILHO,32,2,35970,31.0939,4
WAIT,32,4,5,35973,31.2475,4
WAIT,32,5,6,35974,31.2591,4
WAIT,32,6,2,35970,31.3191,4
FILHO,32,7,35975,33.2253,4
WAIT,32,7,7,35975,33.3762,4
FILHO,33,1,35980,27.4301,4
WAIT,33,0,1,35980,27.6118,4
FILHO,33,0,35979,29.9914,4
FILHO,33,2,35981,30.3270,4
FILHO,33,5,35984,30.3926,4
WAIT,33,1,0,35979,30.5030,4
WAIT,33,2,2,35981,30.5097,4
WAIT,33,3,5,35984,30.5481,4
FILHO,33,6,35985,31.0581,4
FILHO,33,3,35982,31.1222,4
WAIT,33,4,6,35985,31.2364,4
WAIT,33,5,3,35982,31.3151,4
FILHO,33,7,35986,31.2871,4
FILHO,33,4,35983,31.3548,4
WAIT,33,6,7,35986,31.4838,4
WAIT,33,7,4,35983,31.5129,4
FILHO,34,1,35990,15.2025,4
WAIT,34,0,1,35990,18.1751,4
FILHO,34,3,35992,21.7407,4
WAIT,34,1,3,35992,21.9207,4
FILHO,34,4,35993,24.1024,4
WAIT,34,2,4,35993,24.3008,4
FILHO,34,6,35995,30.2375,4
FILHO,34,0,35989,30.3218,4
FILHO,34,2,35991,30.4724,4
WAIT,34,3,0,35989,30.5220,4
WAIT,34,4,6,35995,30.5297,4
FILHO,34,5,35994,30.4936,4
WAIT,34,5,2,35991,30.6442,4
WAIT,34,6,5,35994,30.6551,4
FILHO,34,7,35996,31.1939,4
WAIT,34,7,7,35996,31.3339,4
FILHO,35,1,36000,15.8553,4
WAIT,35,0,1,36000,16.0244,4
FILHO,35,4,36003,22.8192,4
WAIT,35,1,4,36003,22.9921,4
FILHO,35,3,36002,24.1616,4
WAIT,35,2,3,36002,24.3274,4
FILHO,35,5,36004,29.4516,4
WAIT,35,3,5,36004,29.6328,4
FILHO,35,0,35999,30.1569,4
WAIT,35,4,0,35999,30.3119,4
FILHO,35,6,36005,30.4167,4
FILHO,35,2,36001,30.5024,4
WAIT,35,5,6,36005,30.5785,4
WAIT,35,6,2,36001,30.6964,4
FILHO,35,7,36006,32.0512,4
WAIT,35,7,7,36006,32.1827,4
FILHO,36,4,36013,21.7476,4
WAIT,36,0,4,36013,21.9537,4
FILHO,36,1,36010,23.7493,4
WAIT,36,1,1,36010,23.9873,4
FILHO,36,0,36009,29.9470,4
WAIT,36,2,0,36009,30.1464,4
FILHO,36,6,36015,30.0951,4
WAIT,36,3,6,36015,30.3436,4
FILHO,36,5,36014,34.3635,4
WAIT,36,4,5,36014,34.5679,4
FILHO,36,2,36011,35.8810,4
WAIT,36,5,2,36011,36.0960,4
FILHO,36,7,36016,36.4827,4
FILHO,36,3,36012,36.6152,4
WAIT,36,6,7,36016,36.6941,4
WAIT,36,7,3,36012,36.8479,4
FILHO,37,3,36022,19.6981,4
WAIT,37,0,3,36022,19.9779,4
FILHO,37,2,36021,30.1570,4
WAIT,37,1,2,36021,30.3601,4
FILHO,37,0,36019,33.6747,4
FILHO,37,4,36023,34.2606,4
WAIT,37,2,0,36019,34.4330,4
WAIT,37,3,4,36023,34.4444,4
FILHO,37,1,36020,37.8146,4
WAIT,37,4,1,36020,38.0075,4
FILHO,37,5,36024,38.7958,4
WAIT,37,5,5,36024,39.0149,4
FILHO,37,7,36026,40.1193,4
WAIT,37,6,7,36026,40.3215,4
FILHO,37,6,36025,41.9062,4
WAIT,37,7,6,36025,42.0936,4
FILHO,38,4,36039,16.1259,4
WAIT,38,0,4,36039,18.4453,4
FILHO,38,1,36036,23.1168,4
FILHO,38,5,36040,23.4162,4
WAIT,38,1,1,36036,23.6254,4
WAIT,38,2,5,36040,23.6363,4
FILHO,38,3,36038,26.4105,4
WAIT,38,3,3,36038,26.6175,4
FILHO,38,0,36035,27.0327,4
WAIT,38,4,0,36035,27.1695,4
FILHO,38,6,36041,30.9691,4
WAIT,38,5,6,36041,31.1426,4
FILHO,38,7,36042,31.2209,4
WAIT,38,6,7,36042,31.3558,4
FILHO,38,2,36037,32.0708,4
WAIT,38,7,2,36037,32.2059,4
FILHO,39,1,36046,24.9432,4
WAIT,39,0,1,36046,25.1523,4
FILHO,39,5,36050,25.3235,4
WAIT,39,1,5,36050,25.4927,4
FILHO,39,0,36045,30.5151,4
WAIT,39,2,0,36045,30.6938,4
FILHO,39,4,36049,31.0017,4
FILHO,39,7,36052,31.0551,4
FILHO,39,3,36048,31.1364,4
WAIT,39,3,4,36049,31.2085,4
WAIT,39,4,7,36052,31.2443,4
WAIT,39,5,3,36048,31.3194,4
FILHO,39,6,36051,31.5111,4
FILHO,39,2,36047,31.5600,4
WAIT,39,6,6,36051,31.6637,4
WAIT,39,7,2,36047,31.6987,4
FILHO,40,2,36057,16.4139,4
WAIT,40,0,2,36057,16.5953,4
FILHO,40,7,36062,28.5849,4
WAIT,40,1,7,36062,28.7656,4
FILHO,40,0,36055,28.9548,4
WAIT,40,2,0,36055,29.1509,4
FILHO,40,4,36059,29.4198,4
FILHO,40,1,36056,29.5136,4
WAIT,40,3,4,36059,29.6180,4
WAIT,40,4,1,36056,29.7091,4
FILHO,40,3,36058,30.2837,4
WAIT,40,5,3,36058,30.4319,4
FILHO,40,5,36060,31.1759,4
WAIT,40,6,5,36060,31.3495,4
FILHO,40,6,36061,32.9207,4
WAIT,40,7,6,36061,33.1290,4
FILHO,41,0,36065,29.6614,4
WAIT,41,0,0,36065,29.8690,4
FILHO,41,6,36071,30.2526,4
WAIT,41,1,6,36071,30.4516,4
FILHO,41,4,36069,30.4834,4
FILHO,41,1,36066,30.5737,4
WAIT,41,2,4,36069,30.6536,4
WAIT,41,3,1,36066,30.7548,4
FILHO,41,3,36068,30.8657,4
WAIT,41,4,3,36068,31.0355,4
FILHO,41,5,36070,30.9880,4
FILHO,41,7,36072,31.0042,4
FILHO,41,2,36067,31.0568,4
WAIT,41,5,5,36070,31.1791,4
WAIT,41,6,7,36072,31.1909,4
WAIT,41,7,2,36067,31.2327,4
FILHO,42,3,36078,15.8268,4
WAIT,42,0,3,36078,16.0146,4
FILHO,42,1,36076,19.6684,4
WAIT,42,1,1,36076,19.8634,4
FILHO,42,0,36075,23.9782,4
WAIT,42,2,0,36075,24.1553,4
FILHO,42,2,36077,27.3737,4
FILHO,42,7,36082,27.3875,4
WAIT,42,3,2,36077,27.5770,4
WAIT,42,4,7,36082,27.6070,4
FILHO,42,6,36081,29.4028,4
WAIT,42,5,6,36081,29.5464,4
FILHO,42,4,36079,31.3224,4
WAIT,42,6,4,36079,31.4945,4
FILHO,42,5,36080,33.4577,4
WAIT,42,7,5,36080,33.6026,4
FILHO,43,1,36086,15.1421,4
WAIT,43,0,1,36086,15.3544,4
FILHO,43,3,36088,15.5564,4
WAIT,43,1,3,36088,15.7380,4
FILHO,43,4,36089,24.6526,4
WAIT,43,2,4,36089,24.8568,4
FILHO,43,2,36087,24.9346,4
WAIT,43,3,2,36087,25.0983,4
FILHO,43,5,36090,27.1843,4
WAIT,43,4,5,36090,27.3744,4
FILHO,43,0,36085,27.6395,4
WAIT,43,5,0,36085,27.8232,4
FILHO,43,6,36091,33.2223,4
WAIT,43,6,6,36091,33.4867,4
FILHO,43,7,36092,34.5134,4
WAIT,43,7,7,36092,34.8117,4
FILHO,44,6,36101,17.0497,4
FILHO,44,5,36100,24.5001,4
WAIT,44,0,5,36100,25.1729,4
WAIT,44,1,6,36101,25.2088,4
FILHO,44,7,36102,25.4332,4
WAIT,44,2,7,36102,25.6259,4
FILHO,44,2,36097,32.2953,4
WAIT,44,3,2,36097,32.4883,4
FILHO,44,4,36099,34.8680,4
WAIT,44,4,4,36099,35.1286,4
FILHO,44,3,36098,35.2627,4
WAIT,44,5,3,36098,35.4969,4
FILHO,44,0,36095,35.4906,4
WAIT,44,6,0,36095,35.6454,4
FILHO,44,1,36096,36.2880,4
WAIT,44,7,1,36096,36.4394,4
FILHO,45,1,36106,14.0563,4
WAIT,45,0,1,36106,15.3707,4
FILHO,45,6,36111,23.7641,4
WAIT,45,1,6,36111,23.9469,4
FILHO,45,7,36112,24.5051,4
WAIT,45,2,7,36112,24.6893,4
FILHO,45,0,36105,28.4553,4
WAIT,45,3,0,36105,28.6356,4
FILHO,45,3,36108,29.5922,4
WAIT,45,4,3,36108,29.7721,4
FILHO,45,2,36107,30.2823,4
WAIT,45,5,2,36107,30.4818,4
FILHO,45,5,36110,31.6368,4
WAIT,45,6,5,36110,31.7762,4
FILHO,45,4,36109,31.8352,4
WAIT,45,7,4,36109,31.9723,4
FILHO,46,2,36117,15.6049,4
WAIT,46,0,2,36117,15.7842,4
FILHO,46,0,36115,20.9911,4
WAIT,46,1,0,36115,21.2008,4
FILHO,46,5,36120,24.8808,4
WAIT,46,2,5,36120,25.0552,4
FILHO,46,1,36116,27.7243,4
WAIT,46,3,1,36116,27.9060,4
FILHO,46,3,36118,28.1650,4
WAIT,46,4,3,36118,28.3423,4
FILHO,46,6,36121,30.2147,4
WAIT,46,5,6,36121,30.4232,4
FILHO,46,4,36119,30.8194,4
WAIT,46,6,4,36119,30.9888,4
FILHO,46,7,36122,31.5749,4
WAIT,46,7,7,36122,31.7261,4
FILHO,47,5,36130,26.5058,4
FILHO,47,0,36125,29.8423,4
FILHO,47,7,36132,29.6477,4
FILHO,47,4,36129,31.8564,4
FILHO,47,6,36131,32.2541,4
WAIT,47,0,0,36125,33.0062,4
WAIT,47,1,4,36129,33.0568,4
WAIT,47,2,5,36130,33.0785,4
WAIT,47,3,6,36131,33.1026,4
WAIT,47,4,7,36132,33.1222,4
FILHO,47,2,36127,36.5495,4
WAIT,47,5,2,36127,36.8011,4
FILHO,47,3,36128,37.4482,4
WAIT,47,6,3,36128,37.6404,4
FILHO,47,1,36126,38.1033,4
WAIT,47,7,1,36126,38.2544,4
FILHO,48,4,36142,30.1827,4
FILHO,48,5,36143,30.9336,4
WAIT,48,0,4,36142,31.3392,4
WAIT,48,1,5,36143,31.3837,4
FILHO,48,6,36144,31.7943,4
FILHO,48,3,36141,31.9908,4
FILHO,48,7,36145,32.3957,4
WAIT,48,2,3,36141,34.6572,4
WAIT,48,3,6,36144,34.6774,4
WAIT,48,4,7,36145,34.6882,4
FILHO,48,2,36140,42.5607,4
WAIT,48,5,2,36140,42.7948,4
FILHO,48,0,36138,46.4806,4
WAIT,48,6,0,36138,46.7225,4
FILHO,48,1,36139,46.7569,4
WAIT,48,7,1,36139,46.9670,4
FILHO,49,1,36152,27.9263,4
FILHO,49,6,36157,30.8331,4
WAIT,49,0,1,36152,31.0461,4
WAIT,49,1,6,36157,31.0841,4
FILHO,49,3,36154,34.4444,4
FILHO,49,4,36155,36.3766,4
WAIT,49,2,3,36154,37.3630,4
WAIT,49,3,4,36155,37.3843,4
FILHO,49,2,36153,39.5984,4
WAIT,49,4,2,36153,39.7960,4
FILHO,49,5,36156,40.4320,4
WAIT,49,5,5,36156,40.6092,4
FILHO,49,7,36158,40.9941,4
WAIT,49,6,7,36158,41.2135,4
FILHO,49,0,36151,43.2046,4
WAIT,49,7,0,36151,43.3756,4
FILHO,50,4,36165,15.5838,4
WAIT,50,0,4,36165,18.4066,4
FILHO,50,1,36162,21.4219,4
WAIT,50,1,1,36162,24.4038,4
FILHO,50,7,36168,24.7165,4
WAIT,50,2,7,36168,24.8949,4
FILHO,50,0,36161,27.0078,4
WAIT,50,3,0,36161,27.2005,4
FILHO,50,2,36163,28.0032,4
WAIT,50,4,2,36163,28.1844,4
FILHO,50,3,36164,29.5800,4
WAIT,50,5,3,36164,29.8112,4
FILHO,50,5,36166,32.2167,4
WAIT,50,6,5,36166,32.4289,4
FILHO,50,6,36167,33.2370,4
WAIT,50,7,6,36167,33.3825,4
FILHO,51,2,36173,15.4675,4
WAIT,51,0,2,36173,15.6657,4
FILHO,51,3,36174,17.6294,4
WAIT,51,1,3,36174,17.8081,4
FILHO,51,0,36171,21.0604,4
WAIT,51,2,0,36171,21.2401,4
FILHO,51,4,36175,24.6517,4
WAIT,51,3,4,36175,24.8306,4
FILHO,51,1,36172,27.5946,4
WAIT,51,4,1,36172,27.7736,4
FILHO,51,7,36178,29.6427,4
WAIT,51,5,7,36178,29.7907,4
FILHO,51,5,36176,32.3188,4
FILHO,51,6,36177,32.3310,4
WAIT,51,6,5,36176,32.5160,4
WAIT,51,7,6,36177,32.5310,4
FILHO,52,3,36184,16.0416,4
WAIT,52,0,3,36184,16.2277,4
FILHO,52,6,36187,26.8579,4
WAIT,52,1,6,36187,27.0414,4
FILHO,52,2,36183,28.3085,4
WAIT,52,2,2,36183,28.4972,4
FILHO,52,0,36181,30.0418,4
WAIT,52,3,0,36181,30.2264,4
FILHO,52,1,36182,30.2461,4
WAIT,52,4,1,36182,30.4075,4
FILHO,52,4,36185,30.5418,4
WAIT,52,5,4,36185,30.7385,4
FILHO,52,5,36186,31.0380,4
WAIT,52,6,5,36186,31.1818,4
FILHO,52,7,36188,32.5491,4
WAIT,52,7,7,36188,32.7077,4
FILHO,53,1,36192,15.6730,4
WAIT,53,0,1,36192,15.8669,4
FILHO,53,3,36194,16.1314,4
WAIT,53,1,3,36194,16.3244,4
FILHO,53,0,36191,23.1089,4
WAIT,53,2,0,36191,23.2843,4
FILHO,53,6,36197,25.9757,4
WAIT,53,3,6,36197,26.1493,4
FILHO,53,7,36198,28.8219,4
WAIT,53,4,7,36198,29.0023,4
FILHO,53,4,36195,31.0268,4
WAIT,53,5,4,36195,31.2128,4
FILHO,53,5,36196,31.3903,4
WAIT,53,6,5,36196,31.5346,4
FILHO,53,2,36193,31.8289,4
WAIT,53,7,2,36193,31.9636,4
FILHO,54,3,36204,17.8231,4
WAIT,54,0,3,36204,18.0069,4
FILHO,54,1,36202,20.9849,4
WAIT,54,1,1,36202,21.1573,4
FILHO,54,6,36207,26.3781,4
WAIT,54,2,6,36207,26.6000,4
FILHO,54,5,36206,29.7855,4
WAIT,54,3,5,36206,29.9613,4
FILHO,54,4,36205,30.2678,4
WAIT,54,4,4,36205,30.5106,4
FILHO,54,0,36201,30.5793,4
FILHO,54,2,36203,30.6144,4
WAIT,54,5,0,36201,30.7490,4
WAIT,54,6,2,36203,30.7593,4
FILHO,54,7,36208,32.3623,4
WAIT,54,7,7,36208,32.5019,4
FILHO,55,1,36212,15.0721,4
WAIT,55,0,1,36212,15.3434,4
FILHO,55,3,36214,16.1723,4
WAIT,55,1,3,36214,16.3648,4
FILHO,55,2,36213,25.7552,4
WAIT,55,2,2,36213,25.9714,4
FILHO,55,4,36215,27.5330,4
WAIT,55,3,4,36215,27.7637,4
FILHO,55,6,36217,36.1558,4
WAIT,55,4,6,36217,36.3627,4
FILHO,55,0,36211,39.5544,4
WAIT,55,5,0,36211,40.7635,4
FILHO,55,7,36218,41.6380,4
WAIT,55,6,7,36218,41.8384,4
FILHO,55,5,36216,42.3637,4
WAIT,55,7,5,36216,42.6215,4
FILHO,56,6,36234,43.3303,4
FILHO,56,0,36228,45.6351,4
FILHO,56,7,36235,45.9887,4
WAIT,56,0,0,36228,46.2276,4
WAIT,56,1,6,36234,46.2579,4
WAIT,56,2,7,36235,46.2656,4
FILHO,56,5,36233,47.1092,4
WAIT,56,3,5,36233,47.2919,4
FILHO,56,3,36231,47.4888,4
FILHO,56,2,36230,47.5662,4
WAIT,56,4,3,36231,47.6917,4
FILHO,56,1,36229,47.7776,4
WAIT,56,5,1,36229,48.0426,4
WAIT,56,6,2,36230,49.2059,4
FILHO,56,4,36232,49.3543,4
WAIT,56,7,4,36232,50.9344,4
FILHO,57,2,36240,26.6844,4
FILHO,57,3,36241,29.2807,4
WAIT,57,0,2,36240,34.0287,4
WAIT,57,1,3,36241,34.0619,4
FILHO,57,0,36238,38.4740,4
WAIT,57,2,0,36238,38.6914,4
FILHO,57,5,36243,38.8724,4
WAIT,57,3,5,36243,39.1043,4
FILHO,57,6,36244,40.2624,4
WAIT,57,4,6,36244,40.4897,4
FILHO,57,4,36242,40.6153,4
WAIT,57,5,4,36242,40.8108,4
FILHO,57,7,36245,41.1633,4
WAIT,57,6,7,36245,41.3118,4
FILHO,57,1,36239,42.0902,4
WAIT,57,7,1,36239,42.2346,4
FILHO,58,1,36249,14.7632,4
WAIT,58,0,1,36249,14.9877,4
FILHO,58,0,36248,15.2000,4
WAIT,58,1,0,36248,15.4234,4
FILHO,58,2,36250,24.3222,4
WAIT,58,2,2,36250,25.1977,4
FILHO,58,6,36254,29.3510,4
WAIT,58,3,6,36254,29.5447,4
FILHO,58,5,36253,30.1600,4
WAIT,58,4,5,36253,30.3610,4
FILHO,58,7,36255,31.2665,4
WAIT,58,5,7,36255,31.4393,4
FILHO,58,3,36251,31.6962,4
WAIT,58,6,3,36251,31.9076,4
FILHO,58,4,36252,32.5496,4
WAIT,58,7,4,36252,32.7298,4
FILHO,59,1,36260,15.3938,4
WAIT,59,0,1,36260,18.2946,4
FILHO,59,5,36264,27.7359,4
FILHO,59,6,36265,28.0033,4
WAIT,59,1,6,36265,28.1901,4
WAIT,59,2,5,36264,28.3878,4
FILHO,59,2,36261,28.9792,4
WAIT,59,3,2,36261,29.1481,4
FILHO,59,0,36259,30.0624,4
FILHO,59,4,36263,30.0721,4
WAIT,59,4,0,36259,30.2333,4
WAIT,59,5,4,36263,30.2511,4
FILHO,59,3,36262,30.6683,4
WAIT,59,6,3,36262,30.8079,4
FILHO,59,7,36266,32.7566,4
WAIT,59,7,7,36266,32.9095,4
FILHO,60,3,36272,15.7342,4
WAIT,60,0,3,36272,15.9154,4
FILHO,60,1,36270,21.2712,4
WAIT,60,1,1,36270,21.4384,4
FILHO,60,7,36276,25.0064,4
WAIT,60,2,7,36276,25.1771,4
FILHO,60,0,36269,29.4066,4
WAIT,60,3,0,36269,29.5802,4
FILHO,60,4,36273,30.6096,4
WAIT,60,4,4,36273,30.7956,4
FILHO,60,6,36275,30.9829,4
WAIT,60,5,6,36275,31.1302,4
FILHO,60,5,36274,31.8204,4
FILHO,60,2,36271,31.8404,4
WAIT,60,6,2,36271,32.0173,4
WAIT,60,7,5,36274,32.0300,4
FILHO,61,1,36280,14.9440,4
WAIT,61,0,1,36280,17.7437,4
FILHO,61,3,36282,21.9990,4
WAIT,61,1,3,36282,22.1963,4
FILHO,61,4,36283,24.4079,4
WAIT,61,2,4,36283,26.7536,4
FILHO,61,6,36285,29.9248,4
WAIT,61,3,6,36285,30.1153,4
FILHO,61,5,36284,29.6906,4
WAIT,61,4,5,36284,30.3007,4
FILHO,61,0,36279,30.4102,4
WAIT,61,5,0,36279,30.5739,4
FILHO,61,2,36281,31.2991,4
FILHO,61,7,36286,31.4040,4
WAIT,61,6,2,36281,31.4776,4
WAIT,61,7,7,36286,31.5687,4
FILHO,62,3,36292,15.3953,4
WAIT,62,0,3,36292,15.5916,4
FILHO,62,1,36290,20.4337,4
WAIT,62,1,1,36290,20.6039,4
FILHO,62,7,36296,25.7660,4
WAIT,62,2,7,36296,25.9453,4
FILHO,62,2,36291,27.5212,4
WAIT,62,3,2,36291,27.7394,4
FILHO,62,0,36289,27.9738,4
WAIT,62,4,0,36289,28.1479,4
FILHO,62,6,36295,30.1521,4
WAIT,62,5,6,36295,30.3113,4
FILHO,62,4,36293,32.1898,4
WAIT,62,6,4,36293,32.3578,4
FILHO,62,5,36294,32.5577,4
WAIT,62,7,5,36294,32.6936,4
FILHO,63,3,36302,15.3319,4
WAIT,63,0,3,36302,15.5900,4
FILHO,63,1,36300,21.0497,4
WAIT,63,1,1,36300,21.2247,4
FILHO,63,7,36306,24.4593,4
WAIT,63,2,7,36306,24.6650,4
FILHO,63,0,36299,27.1155,4
WAIT,63,3,0,36299,29.5550,4
FILHO,63,4,36303,29.8152,4
WAIT,63,4,4,36303,30.0015,4
FILHO,63,6,36305,30.1774,4
FILHO,63,2,36301,30.2652,4
WAIT,63,5,6,36305,30.3305,4
WAIT,63,6,2,36301,30.4467,4
FILHO,63,5,36304,31.0647,4
WAIT,63,7,5,36304,31.2099,4
FILHO,64,3,36312,17.5294,4
WAIT,64,0,3,36312,17.7657,4
FILHO,64,1,36310,21.4387,4
WAIT,64,1,1,36310,21.6366,4
FILHO,64,0,36309,28.1811,4
FILHO,64,7,36316,29.3792,4
WAIT,64,2,0,36309,29.6016,4
WAIT,64,3,7,36316,29.6249,4
FILHO,64,6,36315,30.1769,4
WAIT,64,4,6,36315,30.3865,4
FILHO,64,4,36313,30.6602,4
WAIT,64,5,4,36313,30.8347,4
FILHO,64,2,36311,32.9765,4
WAIT,64,6,2,36311,33.1590,4
FILHO,64,5,36314,33.6924,4
WAIT,64,7,5,36314,33.8411,4
FILHO,65,3,36322,15.6163,4
WAIT,65,0,3,36322,15.7940,4
FILHO,65,1,36320,26.6522,4
FILHO,65,6,36325,28.5532,4
WAIT,65,1,1,36320,28.8031,4
WAIT,65,2,6,36325,28.8148,4
FILHO,65,2,36321,29.5821,4
WAIT,65,3,2,36321,29.7836,4
FILHO,65,7,36326,29.8125,4
WAIT,65,4,7,36326,29.9948,4
FILHO,65,0,36319,30.0518,4
FILHO,65,4,36323,30.1383,4
WAIT,65,5,0,36319,30.2263,4
WAIT,65,6,4,36323,30.2947,4
FILHO,65,5,36324,32.1564,4
WAIT,65,7,5,36324,32.3012,4
FILHO,66,2,36331,15.5189,4
WAIT,66,0,2,36331,15.8208,4
FILHO,66,1,36330,22.6214,4
WAIT,66,1,1,36330,22.8392,4
FILHO,66,7,36336,23.7907,4
WAIT,66,2,7,36336,24.0161,4
FILHO,66,4,36333,30.0004,4
WAIT,66,3,4,36333,30.2157,4
FILHO,66,5,36334,30.9686,4
WAIT,66,4,5,36334,31.2003,4
FILHO,66,0,36329,31.6641,4
WAIT,66,5,0,36329,31.8625,4
FILHO,66,3,36332,31.9186,4
WAIT,66,6,3,36332,32.0596,4
FILHO,66,6,36335,32.0552,4
WAIT,66,7,6,36335,32.2127,4
FILHO,67,6,36345,15.6137,4
WAIT,67,0,6,36345,20.9078,4
FILHO,67,1,36340,22.4787,4
WAIT,67,1,1,36340,22.6782,4
FILHO,67,7,36346,24.0519,4
WAIT,67,2,7,36346,24.2660,4
FILHO,67,5,36344,29.8026,4
FILHO,67,3,36342,29.9973,4
WAIT,67,3,3,36342,30.3304,4
WAIT,67,4,5,36344,30.3499,4
FILHO,67,0,36339,30.3784,4
WAIT,67,5,0,36339,30.5300,4
FILHO,67,2,36341,31.1959,4
WAIT,67,6,2,36341,31.3710,4
FILHO,67,4,36343,31.6071,4
WAIT,67,7,4,36343,31.7444,4
FILHO,68,1,36350,15.6943,4
WAIT,68,0,1,36350,15.8839,4
FILHO,68,3,36352,22.8785,4
WAIT,68,1,3,36352,23.0752,4
FILHO,68,4,36353,24.1373,4
WAIT,68,2,4,36353,24.3476,4
FILHO,68,5,36354,29.9768,4
FILHO,68,6,36355,30.3154,4
FILHO,68,0,36349,30.4492,4
WAIT,68,3,5,36354,30.5217,4
WAIT,68,4,6,36355,30.5325,4
WAIT,68,5,0,36349,30.6176,4
FILHO,68,2,36351,30.8686,4
WAIT,68,6,2,36351,31.0671,4
FILHO,68,7,36356,31.7683,4
WAIT,68,7,7,36356,31.9014,4
FILHO,69,1,36360,15.1985,4
WAIT,69,0,1,36360,17.8521,4
FILHO,69,3,36362,22.4217,4
WAIT,69,1,3,36362,22.6065,4
FILHO,69,4,36363,23.2708,4
WAIT,69,2,4,36363,23.4149,4
FILHO,69,2,36361,28.7245,4
WAIT,69,3,2,36361,28.9500,4
FILHO,69,0,36359,29.2049,4
WAIT,69,4,0,36359,29.3860,4
FILHO,69,5,36364,29.8698,4
WAIT,69,5,5,36364,30.0458,4
FILHO,69,6,36365,31.4879,4
WAIT,69,6,6,36365,31.6282,4
FILHO,69,7,36366,31.7336,4
WAIT,69,7,7,36366,31.8811,4
FILHO,70,1,36370,14.7361,4
WAIT,70,0,1,36370,14.9821,4
FILHO,70,6,36375,17.2301,4
WAIT,70,1,6,36375,17.4243,4
FILHO,70,0,36369,24.2244,4
WAIT,70,2,0,36369,24.4293,4
FILHO,70,2,36371,27.0793,4
WAIT,70,3,2,36371,27.2614,4
FILHO,70,5,36374,29.6118,4
WAIT,70,4,5,36374,29.8490,4
FILHO,70,7,36376,30.4496,4
WAIT,70,5,7,36376,30.6188,4
FILHO,70,4,36373,31.0355,4
FILHO,70,3,36372,31.0997,4
WAIT,70,6,4,36373,31.1809,4
WAIT,70,7,3,36372,31.2439,4
FILHO,71,4,36383,18.6636,4
WAIT,71,0,4,36383,18.8447,4
FILHO,71,1,36380,21.0692,4
WAIT,71,1,1,36380,21.2526,4
FILHO,71,6,36385,26.4508,4
WAIT,71,2,6,36385,26.6517,4
FILHO,71,5,36384,28.3801,4
WAIT,71,3,5,36384,29.3729,4
FILHO,71,3,36382,29.3750,4
WAIT,71,4,3,36382,29.5559,4
FILHO,71,2,36381,29.7487,4
WAIT,71,5,2,36381,29.8989,4
FILHO,71,0,36379,31.4531,4
WAIT,71,6,0,36379,31.6192,4
FILHO,71,7,36386,32.6104,4
WAIT,71,7,7,36386,32.7481,4
FILHO,72,1,36390,15.6223,4
WAIT,72,0,1,36390,15.8392,4
FILHO,72,6,36395,16.0974,4
WAIT,72,1,6,36395,16.2723,4
FILHO,72,3,36392,24.8649,4
WAIT,72,2,3,36392,25.0574,4
FILHO,72,2,36391,25.5945,4
WAIT,72,3,2,36391,25.8030,4
FILHO,72,4,36393,27.4889,4
WAIT,72,4,4,36393,27.7080,4
FILHO,72,7,36396,30.8648,4
WAIT,72,5,7,36396,31.0148,4
FILHO,72,5,36394,31.6441,4
WAIT,72,6,5,36394,31.8072,4
FILHO,72,0,36389,31.7994,4
WAIT,72,7,0,36389,31.9435,4
FILHO,73,1,36400,15.0836,4
WAIT,73,0,1,36400,15.3050,4
FILHO,73,3,36402,15.4770,4
WAIT,73,1,3,36402,15.6474,4
FILHO,73,6,36405,27.0687,4
FILHO,73,7,36406,27.5284,4
FILHO,73,0,36399,29.9509,4
WAIT,73,2,0,36399,30.1480,4
WAIT,73,3,6,36405,30.1597,4
WAIT,73,4,7,36406,30.1650,4
FILHO,73,5,36404,30.2127,4
WAIT,73,5,5,36404,30.3606,4
FILHO,73,4,36403,30.6221,4
WAIT,73,6,4,36403,30.7882,4
FILHO,73,2,36401,31.0926,4
WAIT,73,7,2,36401,31.2459,4
FILHO,74,1,36410,15.0504,4
WAIT,74,0,1,36410,15.2353,4
FILHO,74,3,36412,16.0416,4
WAIT,74,1,3,36412,16.2193,4
FILHO,74,4,36413,25.1780,4
FILHO,74,2,36411,25.2323,4
WAIT,74,2,4,36413,25.3773,4
WAIT,74,3,2,36411,25.3959,4
FILHO,74,6,36415,30.1330,4
WAIT,74,4,6,36415,30.3216,4
FILHO,74,0,36409,31.6166,4
WAIT,74,5,0,36409,31.7897,4
FILHO,74,5,36414,32.3073,4
WAIT,74,6,5,36414,32.4755,4
FILHO,74,7,36416,32.7446,4
WAIT,74,7,7,36416,32.8810,4
FILHO,75,1,36420,15.1305,4
WAIT,75,0,1,36420,15.3037,4
FILHO,75,0,36419,25.0069,4
WAIT,75,1,0,36419,25.1691,4
FILHO,75,3,36422,27.1199,4
WAIT,75,2,3,36422,27.3168,4
FILHO,75,2,36421,28.0100,4
WAIT,75,3,2,36421,28.1941,4
FILHO,75,4,36423,28.5758,4
WAIT,75,4,4,36423,28.7901,4
FILHO,75,5,36424,30.4653,4
WAIT,75,5,5,36424,30.6064,4
FILHO,75,6,36425,30.6128,4
WAIT,75,6,6,36425,30.8045,4
FILHO,75,7,36426,32.3790,4
WAIT,75,7,7,36426,32.5147,4
FILHO,76,1,36430,15.0338,4
WAIT,76,0,1,36430,17.9237,4
FILHO,76,3,36432,21.7512,4
WAIT,76,1,3,36432,21.9523,4
FILHO,76,4,36433,23.8519,4
WAIT,76,2,4,36433,24.0541,4
FILHO,76,0,36429,26.1810,4
WAIT,76,3,0,36429,26.3641,4
FILHO,76,5,36434,28.5478,4
WAIT,76,4,5,36434,28.6984,4
FILHO,76,6,36435,33.2053,4
WAIT,76,5,6,36435,33.4146,4
FILHO,76,2,36431,35.4224,4
WAIT,76,6,2,36431,35.6083,4
FILHO,76,7,36436,35.7102,4
WAIT,76,7,7,36436,35.8633,4
FILHO,77,4,36443,19.4435,4
WAIT,77,0,4,36443,19.6209,4
FILHO,77,1,36440,21.4608,4
WAIT,77,1,1,36440,21.6239,4
FILHO,77,6,36445,27.0206,4
WAIT,77,2,6,36445,27.1965,4
FILHO,77,5,36444,30.2898,4
WAIT,77,3,5,36444,30.4634,4
FILHO,77,2,36441,30.7850,4
WAIT,77,4,2,36441,30.9694,4
FILHO,77,0,36439,30.9747,4
FILHO,77,3,36442,30.9446,4
WAIT,77,5,0,36439,31.1379,4
WAIT,77,6,3,36442,31.1495,4
FILHO,77,7,36446,32.6966,4
WAIT,77,7,7,36446,32.8497,4
FILHO,78,2,36451,15.4103,4
WAIT,78,0,2,36451,15.5972,4
FILHO,78,0,36449,24.8726,4
WAIT,78,1,0,36449,25.0506,4
FILHO,78,1,36450,26.0749,4
WAIT,78,2,1,36450,26.2544,4
FILHO,78,5,36454,29.7676,4
WAIT,78,3,5,36454,29.9849,4
FILHO,78,7,36456,30.2135,4
WAIT,78,4,7,36456,30.8831,4
FILHO,78,6,36455,30.9740,4
FILHO,78,4,36453,31.0974,4
FILHO,78,3,36452,31.0965,4
WAIT,78,5,6,36455,31.1476,4
WAIT,78,6,3,36452,31.2588,4
WAIT,78,7,4,36453,31.2693,4
FILHO,79,3,36462,15.4214,4
WAIT,79,0,3,36462,15.5902,4
FILHO,79,2,36461,15.8287,4
WAIT,79,1,2,36461,15.9931,4
FILHO,79,1,36460,25.3857,4
FILHO,79,0,36459,25.4815,4
WAIT,79,2,1,36460,25.5664,4
WAIT,79,3,0,36459,25.6620,4
FILHO,79,7,36466,29.3445,4
WAIT,79,4,7,36466,29.5591,4
FILHO,79,5,36464,30.3071,4
WAIT,79,5,5,36464,30.4902,4
FILHO,79,4,36463,30.7160,4
WAIT,79,6,4,36463,30.8390,4
FILHO,79,6,36465,30.8894,4
WAIT,79,7,6,36465,31.0197,4
FILHO,80,1,36470,15.7215,4
WAIT,80,0,1,36470,15.9713,4
FILHO,80,3,36472,16.2078,4
WAIT,80,1,3,36472,16.4067,4
FILHO,80,2,36471,25.7359,4
WAIT,80,2,2,36471,25.9183,4
FILHO,80,4,36473,27.5364,4
WAIT,80,3,4,36473,27.7108,4
FILHO,80,6,36475,30.9538,4
WAIT,80,4,6,36475,31.1327,4
FILHO,80,5,36474,32.0186,4
WAIT,80,5,5,36474,32.1976,4
FILHO,80,0,36469,32.3202,4
WAIT,80,6,0,36469,32.4598,4
FILHO,80,7,36476,33.4613,4
WAIT,80,7,7,36476,33.6037,4
FILHO,81,3,36482,15.5270,4
WAIT,81,0,3,36482,17.0106,4
FILHO,81,1,36480,20.9655,4
WAIT,81,1,1,36480,21.1660,4
FILHO,81,7,36486,24.5990,4
WAIT,81,2,7,36486,24.7787,4
FILHO,81,4,36483,29.7822,4
WAIT,81,3,4,36483,29.9687,4
FILHO,81,2,36481,30.2097,4
WAIT,81,4,2,36481,30.3950,4
FILHO,81,6,36485,30.7070,4
WAIT,81,5,6,36485,30.8757,4
FILHO,81,5,36484,31.0096,4
FILHO,81,0,36479,31.0315,4
WAIT,81,6,5,36484,31.1437,4
WAIT,81,7,0,36479,31.1745,4
FILHO,82,6,36495,16.4155,4
WAIT,82,0,6,36495,16.5851,4
FILHO,82,1,36490,19.4170,4
WAIT,82,1,1,36490,19.5916,4
FILHO,82,7,36496,27.3803,4
WAIT,82,2,7,36496,27.5722,4
FILHO,82,4,36493,29.8831,4
FILHO,82,2,36491,29.9874,4
WAIT,82,3,4,36493,30.0672,4
WAIT,82,4,2,36491,30.2264,4
FILHO,82,3,36492,30.8448,4
WAIT,82,5,3,36492,31.0308,4
FILHO,82,0,36489,34.0566,4
WAIT,82,6,0,36489,34.2491,4
FILHO,82,5,36494,34.9404,4
WAIT,82,7,5,36494,35.0793,4
FILHO,83,5,36504,15.6898,4
WAIT,83,0,5,36504,15.9093,4
FILHO,83,1,36500,27.3235,4
FILHO,83,6,36505,27.8641,4
WAIT,83,1,1,36500,28.0716,4
WAIT,83,2,6,36505,28.0867,4
FILHO,83,2,36501,28.8535,4
WAIT,83,3,2,36501,29.0272,4
FILHO,83,0,36499,29.2057,4
WAIT,83,4,0,36499,29.3692,4
FILHO,83,4,36503,29.9197,4
FILHO,83,3,36502,30.0018,4
WAIT,83,5,4,36503,30.0970,4
WAIT,83,6,3,36502,30.1593,4
FILHO,83,7,36506,32.1813,4
WAIT,83,7,7,36506,32.3133,4
FILHO,84,1,36510,15.1869,4
WAIT,84,0,1,36510,15.3569,4
FILHO,84,4,36513,23.6768,4
WAIT,84,1,4,36513,23.8528,4
FILHO,84,5,36514,26.0834,4
WAIT,84,2,5,36514,26.2484,4
FILHO,84,0,36509,26.9348,4
WAIT,84,3,0,36509,27.1059,4
FILHO,84,3,36512,28.2216,4
WAIT,84,4,3,36512,28.4040,4
FILHO,84,2,36511,29.0779,4
WAIT,84,5,2,36511,29.2270,4
FILHO,84,7,36516,32.7841,4
WAIT,84,6,7,36516,32.9500,4
FILHO,84,6,36515,34.4440,4
WAIT,84,7,6,36515,34.5866,4
FILHO,85,3,36522,15.4774,4
WAIT,85,0,3,36522,15.6753,4
FILHO,85,1,36520,21.1684,4
WAIT,85,1,1,36520,21.3442,4
FILHO,85,7,36526,24.7749,4
WAIT,85,2,7,36526,24.9564,4
FILHO,85,0,36519,27.7043,4
WAIT,85,3,0,36519,27.8871,4
FILHO,85,4,36523,29.8935,4
WAIT,85,4,4,36523,30.0660,4
FILHO,85,6,36525,30.5710,4
WAIT,85,5,6,36525,30.7287,4
FILHO,85,5,36524,30.9912,4
WAIT,85,6,5,36524,31.1688,4
FILHO,85,2,36521,31.4517,4
WAIT,85,7,2,36521,31.5952,4
FILHO,86,3,36532,16.9284,4
WAIT,86,0,3,36532,17.1208,4
FILHO,86,6,36535,23.2172,4
WAIT,86,1,6,36535,23.4313,4
FILHO,86,1,36530,23.8116,4
WAIT,86,2,1,36530,24.0080,4
FILHO,86,5,36534,29.6426,4
FILHO,86,4,36533,29.9931,4
WAIT,86,3,4,36533,30.1870,4
WAIT,86,4,5,36534,30.2056,4
FILHO,86,2,36531,30.4095,4
FILHO,86,0,36529,30.5137,4
WAIT,86,5,2,36531,30.5593,4
WAIT,86,6,0,36529,30.7006,4
FILHO,86,7,36536,31.8783,4
WAIT,86,7,7,36536,32.0114,4
FILHO,87,6,36545,15.6056,4
WAIT,87,0,6,36545,15.8206,4
FILHO,87,0,36539,22.7558,4
WAIT,87,1,0,36539,22.9435,4
FILHO,87,7,36546,23.3298,4
WAIT,87,2,7,36546,23.5348,4
FILHO,87,2,36541,30.6645,4
WAIT,87,3,2,36541,30.8835,4
FILHO,87,4,36543,31.0744,4
FILHO,87,3,36542,31.0880,4
FILHO,87,5,36544,31.2770,4
WAIT,87,4,3,36542,31.4348,4
WAIT,87,5,4,36543,31.4473,4
WAIT,87,6,5,36544,31.4521,4
FILHO,87,1,36540,33.7125,4
WAIT,87,7,1,36540,33.8510,4
FILHO,88,1,36551,15.5066,4
WAIT,88,0,1,36551,15.6849,4
FILHO,88,3,36553,15.9306,4
WAIT,88,1,3,36553,16.1314,4
FILHO,88,0,36550,20.9712,4
WAIT,88,2,0,36550,21.1696,4
FILHO,88,6,36556,27.9933,4
WAIT,88,3,6,36556,28.1817,4
FILHO,88,7,36557,28.4015,4
WAIT,88,4,7,36557,28.5586,4
FILHO,88,2,36552,30.6775,4
WAIT,88,5,2,36552,30.8336,4
FILHO,88,5,36555,31.3144,4
WAIT,88,6,5,36555,31.4781,4
FILHO,88,4,36554,32.3823,4
WAIT,88,7,4,36554,32.5177,4
FILHO,89,2,36562,18.6448,4
WAIT,89,0,2,36562,18.8284,4
FILHO,89,1,36561,20.9814,4
WAIT,89,1,1,36561,21.1663,4
FILHO,89,6,36566,28.4335,4
WAIT,89,2,6,36566,28.6172,4
FILHO,89,7,36567,30.8127,4
WAIT,89,3,7,36567,30.9852,4
FILHO,89,3,36563,31.5737,4
WAIT,89,4,3,36563,31.7376,4
FILHO,89,4,36564,32.8879,4
WAIT,89,5,4,36564,33.0587,4
FILHO,89,5,36565,33.0507,4
WAIT,89,6,5,36565,33.2292,4
FILHO,89,0,36560,33.3894,4
WAIT,89,7,0,36560,33.5262,4
FILHO,90,0,36570,15.2056,4
WAIT,90,0,0,36570,17.5489,4
FILHO,90,5,36575,17.7734,4
WAIT,90,1,5,36575,17.9430,4
FILHO,90,1,36571,23.5576,4
WAIT,90,2,1,36571,23.7272,4
FILHO,90,2,36572,25.5146,4
WAIT,90,3,2,36572,25.6955,4
FILHO,90,3,36573,29.3744,4
WAIT,90,4,3,36573,29.5650,4
FILHO,90,6,36576,29.6438,4
WAIT,90,5,6,36576,29.8137,4
FILHO,90,4,36574,31.0076,4
WAIT,90,6,4,36574,31.1463,4
FILHO,90,7,36577,31.5738,4
WAIT,90,7,7,36577,31.7159,4
FILHO,91,4,36584,22.4032,4
WAIT,91,0,4,36584,22.6376,4
FILHO,91,1,36581,22.8065,4
WAIT,91,1,1,36581,22.9867,4
FILHO,91,6,36586,28.9563,4
WAIT,91,2,6,36586,29.1479,4
FILHO,91,5,36585,29.6947,4
WAIT,91,3,5,36585,29.8863,4
FILHO,91,3,36583,31.3064,4
WAIT,91,4,3,36583,31.4803,4
FILHO,91,2,36582,31.9882,4
WAIT,91,5,2,36582,32.1565,4
FILHO,91,0,36580,32.8136,4
WAIT,91,6,0,36580,32.9916,4
FILHO,91,7,36587,34.7712,4
WAIT,91,7,7,36587,34.9189,4
FILHO,92,2,36592,16.1491,4
FILHO,92,1,36591,16.1695,4
WAIT,92,0,1,36591,16.3836,4
WAIT,92,1,2,36592,16.4076,4
FILHO,92,4,36594,25.8108,4
FILHO,92,3,36593,27.4951,4
WAIT,92,2,3,36593,28.1913,4
WAIT,92,3,4,36594,28.2032,4
FILHO,92,7,36597,31.2665,4
FILHO,92,0,36590,31.3260,4
WAIT,92,4,7,36597,31.4705,4
WAIT,92,5,0,36590,31.5248,4
FILHO,92,6,36596,32.4103,4
WAIT,92,6,6,36596,32.6008,4
FILHO,92,5,36595,33.7348,4
WAIT,92,7,5,36595,33.8937,4
FILHO,93,0,36600,15.2345,4
WAIT,93,0,0,36600,18.2807,4
FILHO,93,2,36602,21.5715,4
WAIT,93,1,2,36602,21.7681,4
FILHO,93,7,36607,24.1905,4
WAIT,93,2,7,36607,27.2950,4
FILHO,93,1,36601,30.1040,4
WAIT,93,3,1,36601,30.3111,4
FILHO,93,4,36604,30.5261,4
FILHO,93,6,36606,30.5902,4
WAIT,93,4,4,36604,30.7142,4
WAIT,93,5,6,36606,30.7840,4
FILHO,93,3,36603,31.2963,4
WAIT,93,6,3,36603,31.4760,4
FILHO,93,5,36605,31.4569,4
WAIT,93,7,5,36605,31.6080,4
FILHO,94,5,36615,16.0648,4
WAIT,94,0,5,36615,21.2130,4
FILHO,94,7,36617,22.8543,4
WAIT,94,1,7,36617,23.0448,4
FILHO,94,1,36611,26.0974,4
WAIT,94,2,1,36611,28.2086,4
FILHO,94,3,36613,30.2868,4
WAIT,94,3,3,36613,30.4801,4
FILHO,94,6,36616,31.8945,4
WAIT,94,4,6,36616,32.0728,4
FILHO,94,4,36614,32.0370,4
WAIT,94,5,4,36614,32.2468,4
FILHO,94,0,36610,32.2678,4
WAIT,94,6,0,36610,32.4165,4
FILHO,94,2,36612,32.6691,4
WAIT,94,7,2,36612,32.8052,4
FILHO,95,3,36623,15.4799,4
WAIT,95,0,3,36623,15.6959,4
FILHO,95,1,36621,18.8450,4
WAIT,95,1,1,36621,19.0345,4
FILHO,95,0,36620,24.1801,4
WAIT,95,2,0,36620,24.3689,4
FILHO,95,7,36627,27.0096,4
WAIT,95,3,7,36627,27.2135,4
FILHO,95,2,36622,27.5963,4
WAIT,95,4,2,36622,27.7877,4
FILHO,95,6,36626,29.7356,4
WAIT,95,5,6,36626,29.8934,4
FILHO,95,4,36624,30.5419,4
WAIT,95,6,4,36624,30.7253,4
FILHO,95,5,36625,33.1009,4
WAIT,95,7,5,36625,33.2525,4
FILHO,96,3,36633,17.6246,4
WAIT,96,0,3,36633,17.8506,4
FILHO,96,1,36631,20.8586,4
WAIT,96,1,1,36631,21.0602,4
FILHO,96,4,36634,26.2277,4
WAIT,96,2,4,36634,26.4616,4
FILHO,96,0,36630,26.9029,4
WAIT,96,3,0,36630,27.1080,4
FILHO,96,2,36632,27.6180,4
WAIT,96,4,2,36632,27.8418,4
FILHO,96,7,36637,29.0009,4
WAIT,96,5,7,36637,29.1595,4
FILHO,96,5,36635,32.6558,4
WAIT,96,6,5,36635,32.8363,4
FILHO,96,6,36636,33.1510,4
WAIT,96,7,6,36636,33.3168,4
FILHO,97,3,36643,15.3732,4
WAIT,97,0,3,36643,15.6313,4
FILHO,97,1,36641,21.0684,4
WAIT,97,1,1,36641,21.2618,4
FILHO,97,7,36647,25.2772,4
WAIT,97,2,7,36647,25.4859,4
FILHO,97,0,36640,27.8326,4
WAIT,97,3,0,36640,28.0218,4
FILHO,97,4,36644,29.7350,4
WAIT,97,4,4,36644,29.9717,4
FILHO,97,2,36642,30.4244,4
WAIT,97,5,2,36642,30.6223,4
FILHO,97,6,36646,30.6704,4
WAIT,97,6,6,36646,30.8207,4
FILHO,97,5,36645,32.1597,4
WAIT,97,7,5,36645,32.3035,4
FILHO,98,5,36655,16.1860,4
WAIT,98,0,5,36655,16.4041,4
FILHO,98,7,36657,23.5832,4
WAIT,98,1,7,36657,23.8225,4
FILHO,98,1,36651,23.9598,4
WAIT,98,2,1,36651,24.1575,4
FILHO,98,0,36650,30.0181,4
WAIT,98,3,0,36650,30.1978,4
FILHO,98,3,36653,30.1426,4
WAIT,98,4,3,36653,30.3598,4
FILHO,98,6,36656,30.4255,4
WAIT,98,5,6,36656,30.5941,4
FILHO,98,4,36654,30.8297,4
WAIT,98,6,4,36654,30.9649,4
FILHO,98,2,36652,32.0486,4
WAIT,98,7,2,36652,32.1893,4
FILHO,99,5,36665,17.4816,4
WAIT,99,0,5,36665,17.6993,4
FILHO,99,1,36661,23.1061,4
WAIT,99,1,1,36661,23.3537,4
FILHO,99,6,36666,23.9070,4
WAIT,99,2,6,36666,24.0944,4
FILHO,99,0,36660,27.1253,4
WAIT,99,3,0,36660,30.2288,4
FILHO,99,3,36663,30.3509,4
WAIT,99,4,3,36663,30.5466,4
FILHO,99,7,36667,30.6762,4
WAIT,99,5,7,36667,30.8481,4
FILHO,99,4,36664,30.8598,4
WAIT,99,6,4,36664,31.0090,4
FILHO,99,2,36662,31.9856,4
WAIT,99,7,2,36662,32.1283,4
FILHO,100,3,36673,15.5278,4
WAIT,100,0,3,36673,15.7407,4
FILHO,100,1,36671,21.1574,4
WAIT,100,1,1,36671,21.3439,4
FILHO,100,7,36677,24.8243,4
WAIT,100,2,7,36677,25.0135,4
FILHO,100,0,36670,27.5437,4
WAIT,100,3,0,36670,27.7487,4
FILHO,100,4,36674,29.7696,4
WAIT,100,4,4,36674,29.9571,4
FILHO,100,2,36672,30.1255,4
WAIT,100,5,2,36672,30.3115,4
FILHO,100,6,36676,30.4609,4
WAIT,100,6,6,36676,30.6375,4
FILHO,100,5,36675,31.7375,4
WAIT,100,7,5,36675,31.8797,4
FILHO,101,1,36681,15.3245,4
WAIT,101,0,1,36681,15.5596,4
FILHO,101,3,36683,15.5928,4
WAIT,101,1,3,36683,15.7637,4
FILHO,101,2,36682,24.7160,4
WAIT,101,2,2,36682,24.9170,4
FILHO,101,7,36687,28.3854,4
WAIT,101,3,7,36687,28.6169,4
FILHO,101,0,36680,29.5200,4
WAIT,101,4,0,36680,29.7028,4
FILHO,101,5,36685,30.3562,4
WAIT,101,5,5,36685,30.5425,4
FILHO,101,4,36684,31.2407,4
WAIT,101,6,4,36684,31.3913,4
FILHO,101,6,36686,31.5976,4
WAIT,101,7,6,36686,31.7378,4
FILHO,102,3,36693,15.7124,4
WAIT,102,0,3,36693,15.9201,4
FILHO,102,1,36691,21.4851,4
WAIT,102,1,1,36691,21.6744,4
FILHO,102,7,36697,24.9230,4
WAIT,102,2,7,36697,25.1324,4
FILHO,102,0,36690,27.0630,4
WAIT,102,3,0,36690,27.8925,4
FILHO,102,2,36692,30.2812,4
WAIT,102,4,2,36692,30.4645,4
FILHO,102,4,36694,30.6823,4
FILHO,102,6,36696,30.8158,4
WAIT,102,5,4,36694,30.8643,4
WAIT,102,6,6,36696,31.0104,4
FILHO,102,5,36695,31.5103,4
WAIT,102,7,5,36695,31.6459,4
FILHO,103,4,36704,19.2615,4
WAIT,103,0,4,36704,19.4475,4
FILHO,103,1,36701,20.7606,4
WAIT,103,1,1,36701,20.9351,4
FILHO,103,6,36706,27.3282,4
WAIT,103,2,6,36706,27.5287,4
FILHO,103,0,36700,28.5618,4
WAIT,103,3,0,36700,28.7667,4
FILHO,103,2,36702,29.3003,4
WAIT,103,4,2,36702,29.4777,4
FILHO,103,3,36703,29.8992,4
WAIT,103,5,3,36703,30.0538,4
FILHO,103,5,36705,31.6171,4
WAIT,103,6,5,36705,31.7897,4
FILHO,103,7,36707,33.1855,4
WAIT,103,7,7,36707,33.3264,4
FILHO,104,1,36711,15.4138,4
WAIT,104,0,1,36711,15.6094,4
FILHO,104,3,36713,22.7861,4
WAIT,104,1,3,36713,22.9553,4
FILHO,104,4,36714,24.7026,4
WAIT,104,2,4,36714,24.8808,4
FILHO,104,5,36715,29.7618,4
WAIT,104,3,5,36715,29.9393,4
FILHO,104,7,36717,30.7820,4
WAIT,104,4,7,36717,30.9468,4
FILHO,104,0,36710,31.8831,4
FILHO,104,6,36716,31.9175,4
FILHO,104,2,36712,31.9417,4
WAIT,104,5,0,36710,32.0600,4
WAIT,104,6,6,36716,32.0704,4
WAIT,104,7,2,36712,32.1027,4
FILHO,105,3,36723,16.6849,4
WAIT,105,0,3,36723,19.2864,4
FILHO,105,2,36722,26.2524,4
WAIT,105,1,2,36722,26.5057,4
FILHO,105,7,36727,30.6760,4
WAIT,105,2,7,36727,30.9229,4
FILHO,105,6,36726,36.9760,4
WAIT,105,3,6,36726,37.2001,4
FILHO,105,1,36721,37.3076,4
FILHO,105,5,36725,37.7546,4
WAIT,105,4,1,36721,37.8414,4
WAIT,105,5,5,36725,37.9583,4
FILHO,105,0,36720,38.5506,4
FILHO,105,4,36724,38.6385,4
WAIT,105,6,0,36720,38.7362,4
WAIT,105,7,4,36724,38.8183,4
FILHO,106,0,36731,15.2033,4
WAIT,106,0,0,36731,19.7182,4
FILHO,106,5,36736,21.2844,4
WAIT,106,1,5,36736,21.4746,4
FILHO,106,1,36732,29.6005,4
WAIT,106,2,1,36732,29.8306,4
FILHO,106,4,36735,32.0018,4
FILHO,106,6,36737,32.1243,4
WAIT,106,3,4,36735,32.1893,4
WAIT,106,4,6,36737,32.3192,4
FILHO,106,2,36733,36.1711,4
FILHO,106,3,36734,36.1747,4
WAIT,106,5,2,36733,36.3682,4
WAIT,106,6,3,36734,36.3913,4
FILHO,106,7,36738,36.7511,4
WAIT,106,7,7,36738,36.9145,4
FILHO,107,1,36744,12.9818,4
WAIT,107,0,1,36744,13.1784,4
FILHO,107,2,36745,20.5528,4
WAIT,107,1,2,36745,20.7570,4
FILHO,107,3,36746,29.9574,4
WAIT,107,2,3,36746,30.1789,4
FILHO,107,0,36743,34.0137,4
WAIT,107,3,0,36743,34.2269,4
FILHO,107,5,36748,35.2089,4
WAIT,107,4,5,36748,35.4349,4
FILHO,107,4,36747,36.1099,4
WAIT,107,5,4,36747,36.2736,4
FILHO,107,7,36750,37.7874,4
WAIT,107,6,7,36750,37.9785,4
FILHO,107,6,36749,40.0593,4
WAIT,107,7,6,36749,40.2091,4
FILHO,108,5,36761,15.6359,4
FILHO,108,2,36758,15.7508,4
WAIT,108,0,5,36761,15.8130,4
WAIT,108,1,2,36758,15.9860,4
FILHO,108,0,36756,26.0937,4
WAIT,108,2,0,36756,26.2937,4
FILHO,108,7,36763,28.0459,4
WAIT,108,3,7,36763,28.2515,4
FILHO,108,1,36757,30.2283,4
FILHO,108,3,36759,30.2749,4
WAIT,108,4,1,36757,30.4044,4
WAIT,108,5,3,36759,30.4710,4
FILHO,108,4,36760,31.0192,4
WAIT,108,6,4,36760,31.1570,4
FILHO,108,6,36762,31.1588,4
WAIT,108,7,6,36762,31.2963,4
FILHO,109,1,36767,14.9959,4
WAIT,109,0,1,36767,15.1933,4
FILHO,109,4,36770,24.8779,4
FILHO,109,3,36769,25.9329,4
WAIT,109,1,3,36769,26.4844,4
WAIT,109,2,4,36770,26.4967,4
FILHO,109,0,36766,29.1288,4
WAIT,109,3,0,36766,29.3161,4
FILHO,109,5,36771,29.9514,4
WAIT,109,4,5,36771,30.1382,4
FILHO,109,6,36772,31.9765,4
FILHO,109,2,36768,32.0499,4
WAIT,109,5,6,36772,32.1359,4
FILHO,109,7,36773,32.1794,4
WAIT,109,6,2,36768,32.2318,4
WAIT,109,7,7,36773,32.3310,4
FILHO,110,1,36777,15.2332,4
WAIT,110,0,1,36777,17.7079,4
FILHO,110,3,36779,21.4952,4
WAIT,110,1,3,36779,21.6836,4
FILHO,110,7,36783,24.4690,4
WAIT,110,2,7,36783,26.7220,4
FILHO,110,0,36776,27.0103,4
WAIT,110,3,0,36776,29.8294,4
FILHO,110,4,36780,29.9599,4
FILHO,110,6,36782,30.0882,4
WAIT,110,4,4,36780,30.1361,4
WAIT,110,5,6,36782,30.2765,4
FILHO,110,5,36781,30.7059,4
WAIT,110,6,5,36781,30.8725,4
FILHO,110,2,36778,31.2018,4
WAIT,110,7,2,36778,31.3363,4
FILHO,111,3,36789,16.6666,4
WAIT,111,0,3,36789,16.8672,4
FILHO,111,1,36787,23.2305,4
WAIT,111,1,1,36787,23.4124,4
FILHO,111,6,36792,23.8747,4
WAIT,111,2,6,36792,24.0700,4
FILHO,111,0,36786,26.9654,4
WAIT,111,3,0,36786,27.1699,4
FILHO,111,4,36790,30.0288,4
FILHO,111,5,36791,30.1142,4
WAIT,111,4,4,36790,30.2258,4
WAIT,111,5,5,36791,30.3203,4
FILHO,111,2,36788,30.4820,4
WAIT,111,6,2,36788,30.6476,4
FILHO,111,7,36793,31.8450,4
WAIT,111,7,7,36793,31.9735,4
FILHO,112,1,36797,15.3490,4
WAIT,112,0,1,36797,15.5264,4
FILHO,112,3,36799,15.7405,4
WAIT,112,1,3,36799,15.9170,4
FILHO,112,0,36796,24.9457,4
WAIT,112,2,0,36796,25.1330,4
FILHO,112,5,36801,26.5831,4
WAIT,112,3,5,36801,26.7598,4
FILHO,112,7,36803,28.7976,4
WAIT,112,4,7,36803,28.9673,4
FILHO,112,4,36800,31.4897,4
WAIT,112,5,4,36800,31.6368,4
FILHO,112,2,36798,31.7679,4
WAIT,112,6,2,36798,31.9387,4
FILHO,112,6,36802,32.7294,4
WAIT,112,7,6,36802,32.8682,4
FILHO,113,0,36806,27.1675,4
FILHO,113,1,36807,27.2515,4
WAIT,113,0,0,36806,27.3539,4
WAIT,113,1,1,36807,27.4265,4
FILHO,113,4,36810,29.4527,4
WAIT,113,2,4,36810,29.6237,4
FILHO,113,2,36808,30.7007,4
FILHO,113,7,36813,30.8386,4
WAIT,113,3,2,36808,30.8847,4
WAIT,113,4,7,36813,31.0419,4
FILHO,113,5,36811,31.2664,4
WAIT,113,5,5,36811,31.4099,4
FILHO,113,6,36812,31.4011,4
WAIT,113,6,6,36812,31.5906,4
FILHO,113,3,36809,31.8737,4
WAIT,113,7,3,36809,32.0379,4
FILHO,114,6,36822,16.0147,4
WAIT,114,0,6,36822,17.7526,4
FILHO,114,1,36817,18.6720,4
WAIT,114,1,1,36817,18.8914,4
FILHO,114,2,36818,27.4183,4
WAIT,114,2,2,36818,27.6283,4
FILHO,114,7,36823,28.1469,4
WAIT,114,3,7,36823,28.3527,4
FILHO,114,0,36816,28.7561,4
FILHO,114,5,36821,28.7653,4
WAIT,114,4,0,36816,28.9329,4
WAIT,114,5,5,36821,28.9542,4
FILHO,114,3,36819,32.4051,4
WAIT,114,6,3,36819,32.5771,4
FILHO,114,4,36820,32.8662,4
WAIT,114,7,4,36820,33.0064,4
FILHO,115,1,36827,15.4108,4
WAIT,115,0,1,36827,15.6399,4
FILHO,115,3,36829,15.9916,4
WAIT,115,1,3,36829,16.1586,4
FILHO,115,4,36830,25.0771,4
WAIT,115,2,4,36830,25.2542,4
FILHO,115,2,36828,25.5266,4
WAIT,115,3,2,36828,25.7072,4
FILHO,115,6,36832,26.8934,4
WAIT,115,4,6,36832,27.0858,4
FILHO,115,0,36826,28.9880,4
WAIT,115,5,0,36826,29.1349,4
FILHO,115,5,36831,31.7000,4
WAIT,115,6,5,36831,31.8707,4
FILHO,115,7,36833,33.6830,4
WAIT,115,7,7,36833,33.8270,4
FILHO,116,0,36837,24.0970,4
FILHO,116,1,36838,24.1419,4
WAIT,116,0,0,36837,24.2734,4
WAIT,116,1,1,36838,24.3169,4
FILHO,116,5,36842,29.9384,4
FILHO,116,3,36840,30.1056,4
FILHO,116,7,36844,30.2112,4
WAIT,116,2,7,36844,30.3858,4
WAIT,116,3,5,36842,30.5335,4
FILHO,116,4,36841,30.7959,4
WAIT,116,4,3,36840,30.9714,4
WAIT,116,5,4,36841,30.9835,4
FILHO,116,6,36843,30.9848,4
WAIT,116,6,6,36843,31.1505,4
FILHO,116,2,36839,31.7162,4
WAIT,116,7,2,36839,31.8448,4
FILHO,117,1,36848,15.1119,4
WAIT,117,0,1,36848,15.2827,4
FILHO,117,3,36850,15.4382,4
WAIT,117,1,3,36850,15.6024,4
FILHO,117,4,36851,24.5279,4
WAIT,117,2,4,36851,24.7360,4
FILHO,117,2,36849,25.5011,4
WAIT,117,3,2,36849,26.5904,4
FILHO,117,6,36853,26.8724,4
WAIT,117,4,6,36853,27.0325,4
FILHO,117,0,36847,30.6849,4
WAIT,117,5,0,36847,30.8436,4
FILHO,117,7,36854,31.2134,4
WAIT,117,6,7,36854,31.3513,4
FILHO,117,5,36852,31.9921,4
WAIT,117,7,5,36852,32.1186,4
FILHO,118,3,36860,16.7078,4
WAIT,118,0,3,36860,16.9204,4
FILHO,118,1,36858,20.7351,4
WAIT,118,1,1,36858,20.9081,4
FILHO,118,7,36864,27.1841,4
FILHO,118,4,36861,30.0560,4
WAIT,118,2,4,36861,30.2421,4
WAIT,118,3,7,36864,30.2533,4
FILHO,118,6,36863,30.6859,4
WAIT,118,4,6,36863,30.8520,4
FILHO,118,2,36859,30.9575,4
WAIT,118,5,2,36859,31.0994,4
FILHO,118,0,36857,31.6897,4
WAIT,118,6,0,36857,31.8586,4
FILHO,118,5,36862,32.8698,4
WAIT,118,7,5,36862,33.0121,4
FILHO,119,1,36868,15.9933,4
WAIT,119,0,1,36868,16.1978,4
FILHO,119,3,36870,21.0937,4
WAIT,119,1,3,36870,21.2856,4
FILHO,119,7,36874,27.0948,4
WAIT,119,2,7,36874,27.2980,4
FILHO,119,4,36871,29.5112,4
WAIT,119,3,4,36871,29.7009,4
FILHO,119,0,36867,29.9977,4
WAIT,119,4,0,36867,30.2344,4
FILHO,119,5,36872,30.6467,4
WAIT,119,5,5,36872,30.7931,4
FILHO,119,2,36869,31.1255,4
WAIT,119,6,2,36869,31.2960,4
FILHO,119,6,36873,33.1667,4
WAIT,119,7,6,36873,33.3053,4
FILHO,120,1,36878,15.4808,4
WAIT,120,0,1,36878,15.6671,4
FILHO,120,3,36880,15.7773,4
WAIT,120,1,3,36880,15.9480,4
FILHO,120,0,36877,24.3197,4
WAIT,120,2,0,36877,24.4864,4
FILHO,120,5,36882,24.6585,4
WAIT,120,3,5,36882,24.8196,4
FILHO,120,7,36884,26.8725,4
WAIT,120,4,7,36884,27.0388,4
FILHO,120,6,36883,31.6175,4
WAIT,120,5,6,36883,31.7543,4
FILHO,120,2,36879,31.8548,4
WAIT,120,6,2,36879,32.0212,4
FILHO,120,4,36881,32.0608,4
WAIT,120,7,4,36881,32.1899,4
FILHO,121,1,36888,14.7768,4
WAIT,121,0,1,36888,14.9825,4
FILHO,121,6,36893,17.5433,4
WAIT,121,1,6,36893,17.7518,4
FILHO,121,0,36887,25.4560,4
WAIT,121,2,0,36887,25.6537,4
FILHO,121,5,36892,26.0234,4
FILHO,121,7,36894,26.1218,4
WAIT,121,3,5,36892,26.2541,4
WAIT,121,4,7,36894,27.2175,4
FILHO,121,4,36891,30.8357,4
WAIT,121,5,4,36891,30.9961,4
FILHO,121,2,36889,31.9603,4
WAIT,121,6,2,36889,32.1363,4
FILHO,121,3,36890,32.1380,4
WAIT,121,7,3,36890,32.3111,4
FILHO,122,1,36898,14.9890,4
WAIT,122,0,1,36898,15.1758,4
FILHO,122,3,36900,15.3921,4
WAIT,122,1,3,36900,15.5754,4
FILHO,122,0,36897,24.2360,4
WAIT,122,2,0,36897,24.4243,4
FILHO,122,5,36902,24.6554,4
WAIT,122,3,5,36902,24.8565,4
FILHO,122,7,36904,26.9453,4
WAIT,122,4,7,36904,27.1227,4
FILHO,122,4,36901,30.1955,4
WAIT,122,5,4,36901,30.3464,4
FILHO,122,2,36899,31.2522,4
WAIT,122,6,2,36899,31.4308,4
FILHO,122,6,36903,32.5731,4
WAIT,122,7,6,36903,32.7404,4
FILHO,123,3,36910,15.5466,4
WAIT,123,0,3,36910,15.7431,4
FILHO,123,1,36908,20.4580,4
WAIT,123,1,1,36908,20.6750,4
FILHO,123,0,36907,27.1088,4
FILHO,123,7,36914,27.8703,4
WAIT,123,2,0,36907,28.0663,4
WAIT,123,3,7,36914,28.0844,4
FILHO,123,6,36913,30.2910,4
WAIT,123,4,6,36913,30.4740,4
FILHO,123,5,36912,30.6390,4
WAIT,123,5,5,36912,30.8211,4
FILHO,123,4,36911,32.7217,4
WAIT,123,6,4,36911,32.8729,4
FILHO,123,2,36909,33.1166,4
WAIT,123,7,2,36909,33.2543,4
FILHO,124,1,36918,15.1708,4
WAIT,124,0,1,36918,15.4837,4
FILHO,124,2,36919,15.4721,4
WAIT,124,1,2,36919,15.6664,4
FILHO,124,3,36920,25.5706,4
WAIT,124,2,3,36920,25.7925,4
FILHO,124,4,36921,26.8200,4
FILHO,124,0,36917,27.3706,4
WAIT,124,3,0,36917,27.5862,4
WAIT,124,4,4,36921,27.5961,4
FILHO,124,7,36924,28.9706,4
WAIT,124,5,7,36924,29.1412,4
FILHO,124,5,36922,32.5606,4
FILHO,124,6,36923,32.6508,4
WAIT,124,6,5,36922,32.7450,4
WAIT,124,7,6,36923,32.8488,4
FILHO,125,1,36928,14.9276,4
WAIT,125,0,1,36928,15.1510,4
FILHO,125,2,36929,15.2697,4
WAIT,125,1,2,36929,18.3525,4
FILHO,125,6,36933,27.3114,4
FILHO,125,7,36934,27.3249,4
WAIT,125,2,6,36933,27.5259,4
WAIT,125,3,7,36934,27.5467,4
FILHO,125,5,36932,29.2104,4
WAIT,125,4,5,36932,29.4623,4
FILHO,125,0,36927,30.3317,4
WAIT,125,5,0,36927,30.5305,4
FILHO,125,3,36930,31.1347,4
WAIT,125,6,3,36930,31.2731,4
FILHO,125,4,36931,31.9495,4
WAIT,125,7,4,36931,32.0977,4
FILHO,126,3,36940,15.6562,4
WAIT,126,0,3,36940,17.8102,4
FILHO,126,2,36939,21.2424,4
WAIT,126,1,2,36939,21.4425,4
FILHO,126,7,36944,24.7990,4
WAIT,126,2,7,36944,24.9982,4
FILHO,126,0,36937,28.4174,4
WAIT,126,3,0,36937,29.8303,4
FILHO,126,4,36941,29.9793,4
WAIT,126,4,4,36941,30.1625,4
FILHO,126,6,36943,30.2150,4
FILHO,126,1,36938,30.2354,4
WAIT,126,5,6,36943,30.3914,4
WAIT,126,6,1,36938,30.4145,4
FILHO,126,5,36942,31.3591,4
WAIT,126,7,5,36942,31.4996,4
FILHO,127,0,36947,28.9062,4
FILHO,127,3,36950,29.7179,4
FILHO,127,7,36954,30.0984,4
FILHO,127,2,36949,30.1513,4
FILHO,127,1,36948,30.2538,4
WAIT,127,0,0,36947,30.3407,4
WAIT,127,1,2,36949,30.3701,4
WAIT,127,2,7,36954,30.3759,4
WAIT,127,3,3,36950,30.4064,4
WAIT,127,4,1,36948,30.4685,4
FILHO,127,6,36953,30.5671,4
WAIT,127,5,6,36953,30.7556,4
FILHO,127,4,36951,30.8277,4
FILHO,127,5,36952,30.9163,4
WAIT,127,6,4,36951,31.0031,4
WAIT,127,7,5,36952,31.0666,4
FILHO,128,4,36961,17.0266,4
WAIT,128,0,4,36961,17.2391,4
FILHO,128,1,36958,23.6003,4
WAIT,128,1,1,36958,23.8187,4
FILHO,128,5,36962,23.8579,4
WAIT,128,2,5,36962,24.0754,4
FILHO,128,2,36959,27.1826,4
FILHO,128,3,36960,27.3620,4
WAIT,128,3,2,36959,27.5516,4
WAIT,128,4,3,36960,27.5728,4
FILHO,128,0,36957,29.4804,4
WAIT,128,5,0,36957,29.6299,4
FILHO,128,6,36963,32.9629,4
WAIT,128,6,6,36963,33.1390,4
FILHO,128,7,36964,33.4786,4
WAIT,128,7,7,36964,33.6195,4
FILHO,129,3,36970,15.9318,4
WAIT,129,0,3,36970,18.5485,4
FILHO,129,1,36968,20.0102,4
WAIT,129,1,1,36968,20.1823,4
FILHO,129,5,36972,26.4624,4
FILHO,129,7,36974,26.6127,4
FILHO,129,2,36969,27.4718,4
WAIT,129,2,2,36969,27.6861,4
WAIT,129,3,5,36972,27.6960,4
WAIT,129,4,7,36974,27.7019,4
FILHO,129,4,36971,29.2769,4
WAIT,129,5,4,36971,29.4290,4
FILHO,129,0,36967,32.4145,4
WAIT,129,6,0,36967,32.6104,4
FILHO,129,6,36973,33.2395,4
WAIT,129,7,6,36973,33.3773,4
FILHO,130,1,36978,15.0329,4
WAIT,130,0,1,36978,15.2963,4
FILHO,130,3,36980,15.4302,4
WAIT,130,1,3,36980,15.6122,4
FILHO,130,4,36981,24.9218,4
WAIT,130,2,4,36981,25.1064,4
FILHO,130,2,36979,25.2148,4
WAIT,130,3,2,36979,25.3995,4
FILHO,130,5,36982,26.7770,4
WAIT,130,4,5,36982,27.0026,4
FILHO,130,0,36977,28.6100,4
WAIT,130,5,0,36977,28.7981,4
FILHO,130,6,36983,30.8205,4
WAIT,130,6,6,36983,30.9726,4
FILHO,130,7,36984,32.5633,4
WAIT,130,7,7,36984,32.7574,4
FILHO,131,3,36990,15.8514,4
WAIT,131,0,3,36990,16.0535,4
FILHO,131,1,36988,21.3334,4
WAIT,131,1,1,36988,21.5336,4
FILHO,131,7,36994,25.4363,4
WAIT,131,2,7,36994,25.6185,4
FILHO,131,0,36987,26.1771,4
WAIT,131,3,0,36987,26.3540,4
FILHO,131,6,36993,29.8187,4
WAIT,131,4,6,36993,30.0006,4
FILHO,131,5,36992,30.1827,4
FILHO,131,2,36989,30.2338,4
WAIT,131,5,5,36992,30.3287,4
WAIT,131,6,2,36989,30.4275,4
FILHO,131,4,36991,31.8768,4
WAIT,131,7,4,36991,32.0198,4
FILHO,132,4,37001,16.2760,4
WAIT,132,0,4,37001,16.5449,4
FILHO,132,1,36998,22.6078,4
WAIT,132,1,1,36998,22.8200,4
FILHO,132,5,37002,26.4975,4
WAIT,132,2,5,37002,26.7225,4
FILHO,132,2,36999,30.9693,4
WAIT,132,3,2,36999,31.1667,4
FILHO,132,3,37000,31.1451,4
WAIT,132,4,3,37000,31.3573,4
FILHO,132,7,37004,32.2368,4
WAIT,132,5,7,37004,32.4281,4
FILHO,132,0,36997,33.4068,4
WAIT,132,6,0,36997,33.5516,4
FILHO,132,6,37003,34.4730,4
WAIT,132,7,6,37003,34.6199,4
FILHO,133,5,37012,21.3914,4
WAIT,133,0,5,37012,21.5734,4
FILHO,133,0,37007,24.0174,4
FILHO,133,1,37008,24.1247,4
WAIT,133,1,0,37007,24.1970,4
WAIT,133,2,1,37008,24.2949,4
FILHO,133,2,37009,29.7717,4
WAIT,133,3,2,37009,29.9650,4
FILHO,133,4,37011,30.0505,4
WAIT,133,4,4,37011,30.2202,4
FILHO,133,3,37010,30.6236,4
WAIT,133,5,3,37010,30.7858,4
FILHO,133,6,37013,32.7789,4
WAIT,133,6,6,37013,32.9659,4
FILHO,133,7,37014,34.4470,4
WAIT,133,7,7,37014,34.5931,4
FILHO,134,3,37020,16.1603,4
WAIT,134,0,3,37020,16.3583,4
FILHO,134,1,37018,29.2610,4
WAIT,134,1,1,37018,29.4637,4
FILHO,134,6,37023,30.9815,4
FILHO,134,4,37021,31.0116,4
FILHO,134,2,37019,31.3817,4
WAIT,134,2,2,37019,31.6407,4
WAIT,134,3,4,37021,31.6647,4
WAIT,134,4,6,37023,31.6855,4
FILHO,134,0,37017,33.0482,4
WAIT,134,5,0,37017,33.2254,4
FILHO,134,5,37022,33.8878,4
WAIT,134,6,5,37022,34.0609,4
FILHO,134,7,37024,36.2687,4
WAIT,134,7,7,37024,36.4076,4
FILHO,135,1,37028,14.7898,4
WAIT,135,0,1,37028,15.0023,4
FILHO,135,0,37027,15.0331,4
FILHO,135,5,37032,16.6727,4
WAIT,135,1,0,37027,19.2333,4
WAIT,135,2,5,37032,19.2441,4
FILHO,135,2,37029,27.3143,4
WAIT,135,3,2,37029,27.5243,4
FILHO,135,6,37033,27.5308,4
WAIT,135,4,6,37033,27.7240,4
FILHO,135,3,37030,30.4097,4
WAIT,135,5,3,37030,30.5971,4
FILHO,135,4,37031,32.0949,4
WAIT,135,6,4,37031,32.2713,4
FILHO,135,7,37034,32.5928,4
WAIT,135,7,7,37034,32.7307,4
FILHO,136,2,37039,15.8168,4
WAIT,136,0,2,37039,16.0042,4
FILHO,136,4,37041,18.1009,4
WAIT,136,1,4,37041,18.3134,4
FILHO,136,1,37038,22.9132,4
WAIT,136,2,1,37038,23.0898,4
FILHO,136,0,37037,25.1361,4
WAIT,136,3,0,37037,25.3305,4
FILHO,136,6,37043,30.0426,4
FILHO,136,3,37040,30.1438,4
WAIT,136,4,6,37043,30.2627,4
WAIT,136,5,3,37040,30.3405,4
FILHO,136,5,37042,30.9463,4
WAIT,136,6,5,37042,31.0905,4
FILHO,136,7,37044,31.5171,4
WAIT,136,7,7,37044,31.6604,4
FILHO,137,1,37048,16.1137,4
WAIT,137,0,1,37048,16.2893,4
FILHO,137,3,37050,16.5654,4
WAIT,137,1,3,37050,16.7296,4
FILHO,137,0,37047,24.0668,4
WAIT,137,2,0,37047,24.2357,4
FILHO,137,5,37052,25.6364,4
WAIT,137,3,5,37052,25.8087,4
FILHO,137,7,37054,28.5535,4
WAIT,137,4,7,37054,28.7210,4
FILHO,137,2,37049,30.4553,4
WAIT,137,5,2,37049,30.6284,4
FILHO,137,4,37051,31.2623,4
WAIT,137,6,4,37051,31.4180,4
FILHO,137,6,37053,32.6050,4
WAIT,137,7,6,37053,32.7373,4
FILHO,138,3,37060,15.6705,4
WAIT,138,0,3,37060,18.3080,4
FILHO,138,1,37058,19.6723,4
WAIT,138,1,1,37058,19.8426,4
FILHO,138,7,37064,26.1998,4
WAIT,138,2,7,37064,26.4060,4
FILHO,138,0,37057,27.2260,4
WAIT,138,3,0,37057,27.4314,4
FILHO,138,2,37059,28.1473,4
WAIT,138,4,2,37059,28.3384,4
FILHO,138,5,37062,29.1396,4
WAIT,138,5,5,37062,29.3323,4
FILHO,138,4,37061,29.6344,4
WAIT,138,6,4,37061,29.7667,4
FILHO,138,6,37063,32.6842,4
WAIT,138,7,6,37063,32.8217,4
FILHO,139,3,37070,15.7107,4
WAIT,139,0,3,37070,15.9210,4
FILHO,139,1,37068,21.6041,4
WAIT,139,1,1,37068,21.7892,4
FILHO,139,7,37074,25.4005,4
WAIT,139,2,7,37074,25.5772,4
FILHO,139,4,37071,29.8346,4
WAIT,139,3,4,37071,30.0190,4
FILHO,139,2,37069,30.8544,4
WAIT,139,4,2,37069,31.0375,4
FILHO,139,0,37067,32.0141,4
WAIT,139,5,0,37067,32.2121,4
FILHO,139,5,37072,33.6514,4
WAIT,139,6,5,37072,33.7923,4
FILHO,139,6,37073,33.9705,4
WAIT,139,7,6,37073,34.1163,4
FILHO,140,1,37078,15.5807,4
WAIT,140,0,1,37078,18.5566,4
FILHO,140,6,37083,25.2731,4
WAIT,140,1,6,37083,25.4819,4
FILHO,140,5,37082,30.2521,4
WAIT,140,2,5,37082,30.4719,4
FILHO,140,2,37079,30.8945,4
WAIT,140,3,2,37079,31.0978,4
FILHO,140,3,37080,31.2458,4
WAIT,140,4,3,37080,31.4465,4
FILHO,140,7,37084,34.0699,4
WAIT,140,5,7,37084,34.2612,4
FILHO,140,4,37081,34.6693,4
WAIT,140,6,4,37081,34.9108,4
FILHO,140,0,37077,35.9236,4
WAIT,140,7,0,37077,36.0790,4
FILHO,141,1,37088,14.0350,4
WAIT,141,0,1,37088,14.2809,4
FILHO,141,4,37091,19.7495,4
WAIT,141,1,4,37091,19.9730,4
FILHO,141,3,37090,26.2931,4
WAIT,141,2,3,37090,26.4793,4
FILHO,141,0,37087,27.8888,4
WAIT,141,3,0,37087,28.9400,4
FILHO,141,2,37089,31.0529,4
WAIT,141,4,2,37089,31.2541,4
FILHO,141,5,37092,31.4443,4
WAIT,141,5,5,37092,31.6146,4
FILHO,141,7,37094,31.6376,4
FILHO,141,6,37093,31.6631,4
WAIT,141,6,7,37094,31.7829,4
WAIT,141,7,6,37093,31.8201,4
FILHO,142,1,37098,12.6532,4
WAIT,142,0,1,37098,12.8675,4
FILHO,142,5,37102,20.7879,4
WAIT,142,1,5,37102,21.2040,4
FILHO,142,0,37097,24.0550,4
WAIT,142,2,0,37097,24.2649,4
FILHO,142,2,37099,29.0989,4
WAIT,142,3,2,37099,29.3060,4
FILHO,142,3,37100,29.7608,4
WAIT,142,4,3,37100,29.9802,4
FILHO,142,7,37104,30.7676,4
WAIT,142,5,7,37104,30.9398,4
FILHO,142,4,37101,32.5760,4
WAIT,142,6,4,37101,32.7083,4
FILHO,142,6,37103,33.5360,4
WAIT,142,7,6,37103,33.6705,4
FILHO,143,1,37108,15.1882,4
WAIT,143,0,1,37108,17.6880,4
FILHO,143,2,37109,22.4329,4
WAIT,143,1,2,37109,22.6160,4
FILHO,143,3,37110,23.5569,4
WAIT,143,2,3,37110,23.7629,4
FILHO,143,6,37113,30.2620,4
FILHO,143,0,37107,30.3312,4
WAIT,143,3,0,37107,30.5242,4
WAIT,143,4,6,37113,30.5436,4
FILHO,143,5,37112,30.7581,4
FILHO,143,7,37114,30.8338,4
WAIT,143,5,5,37112,30.9185,4
WAIT,143,6,7,37114,31.0106,4
FILHO,143,4,37111,31.6327,4
WAIT,143,7,4,37111,31.7869,4
FILHO,144,1,37118,24.0799,4
WAIT,144,0,1,37118,24.4844,4
FILHO,144,0,37117,24.5498,4
WAIT,144,1,0,37117,24.7660,4
FILHO,144,7,37124,30.2889,4
FILHO,144,6,37123,30.3314,4
WAIT,144,2,7,37124,30.4750,4
WAIT,144,3,6,37123,30.5446,4
FILHO,144,3,37120,29.6253,4
WAIT,144,4,3,37120,30.7551,4
FILHO,144,4,37121,30.8331,4
WAIT,144,5,4,37121,31.0037,4
FILHO,144,2,37119,31.5150,4
WAIT,144,6,2,37119,31.6749,4
FILHO,144,5,37122,31.6827,4
WAIT,144,7,5,37122,31.8208,4
FILHO,145,1,37129,15.1929,4
WAIT,145,0,1,37129,17.6055,4
FILHO,145,3,37131,21.4952,4
WAIT,145,1,3,37131,21.6967,4
FILHO,145,4,37132,24.4284,4
WAIT,145,2,4,37132,24.6390,4
FILHO,145,6,37134,30.0046,4
WAIT,145,3,6,37134,30.1851,4
FILHO,145,0,37128,30.3021,4
FILHO,145,5,37133,30.4985,4
FILHO,145,7,37135,31.1219,4
WAIT,145,4,0,37128,31.1928,4
WAIT,145,5,5,37133,31.2045,4
WAIT,145,6,7,37135,31.2878,4
FILHO,145,2,37130,31.4573,4
WAIT,145,7,2,37130,31.6074,4
FILHO,146,3,37141,17.3471,4
WAIT,146,0,3,37141,17.5324,4
FILHO,146,1,37139,23.0726,4
WAIT,146,1,1,37139,23.2866,4
FILHO,146,6,37144,25.0802,4
WAIT,146,2,6,37144,25.2738,4
FILHO,146,5,37143,29.8470,4
WAIT,146,3,5,37143,30.0342,4
FILHO,146,2,37140,30.5136,4
WAIT,146,4,2,37140,30.7276,4
FILHO,146,4,37142,30.9329,4
WAIT,146,5,4,37142,31.0734,4
FILHO,146,0,37138,32.1189,4
WAIT,146,6,0,37138,32.2857,4
FILHO,146,7,37145,32.4221,4
WAIT,146,7,7,37145,32.5554,4
FILHO,147,3,37151,16.9133,4
WAIT,147,0,3,37151,17.1205,4
FILHO,147,1,37149,21.1439,4
WAIT,147,1,1,37149,21.3241,4
FILHO,147,6,37154,26.2326,4
WAIT,147,2,6,37154,26.4263,4
FILHO,147,5,37153,29.4440,4
FILHO,147,0,37148,30.9039,4
WAIT,147,3,0,37148,31.0999,4
WAIT,147,4,5,37153,31.1216,4
FILHO,147,2,37150,31.3899,4
FILHO,147,4,37152,31.4905,4
WAIT,147,5,2,37150,31.5689,4
WAIT,147,6,4,37152,31.6551,4
FILHO,147,7,37155,32.6964,4
WAIT,147,7,7,37155,32.8391,4
FILHO,148,1,37159,15.4042,4
WAIT,148,0,1,37159,15.5873,4
FILHO,148,3,37161,15.8197,4
WAIT,148,1,3,37161,16.0023,4
FILHO,148,0,37158,23.9503,4
WAIT,148,2,0,37158,24.1558,4
FILHO,148,5,37163,25.3641,4
WAIT,148,3,5,37163,25.5451,4
FILHO,148,7,37165,27.7303,4
WAIT,148,4,7,37165,27.9066,4
FILHO,148,2,37160,30.8859,4
WAIT,148,5,2,37160,31.0995,4
FILHO,148,6,37164,31.4166,4
WAIT,148,6,6,37164,31.5643,4
FILHO,148,4,37162,31.5564,4
WAIT,148,7,4,37162,31.7006,4
FILHO,149,5,37173,21.3072,4
WAIT,149,0,5,37173,21.5114,4
FILHO,149,3,37171,26.3951,4
FILHO,149,4,37172,27.3405,4
WAIT,149,1,3,37171,28.0664,4
WAIT,149,2,4,37172,28.0780,4
FILHO,149,6,37174,28.0896,4
WAIT,149,3,6,37174,28.2366,4
FILHO,149,7,37175,31.5938,4
WAIT,149,4,7,37175,31.7772,4
FILHO,149,2,37170,33.7162,4
WAIT,149,5,2,37170,33.8810,4
FILHO,149,0,37168,34.2302,4
WAIT,149,6,0,37168,34.3966,4
FILHO,149,1,37169,34.6906,4
WAIT,149,7,1,37169,34.8237,4
FILHO,150,1,37179,14.9554,4
WAIT,150,0,1,37179,15.1656,4
FILHO,150,5,37183,17.1894,4
WAIT,150,1,5,37183,17.3764,4
FILHO,150,0,37178,24.6246,4
WAIT,150,2,0,37178,24.8301,4
FILHO,150,2,37180,26.6387,4
WAIT,150,3,2,37180,26.8544,4
FILHO,150,4,37182,30.6566,4
FILHO,150,7,37185,30.6564,4
FILHO,150,6,37184,30.7197,4
WAIT,150,4,4,37182,30.8470,4
WAIT,150,5,7,37185,30.8871,4
WAIT,150,6,6,37184,30.9225,4
FILHO,150,3,37181,31.4284,4
WAIT,150,7,3,37181,31.5620,4
FILHO,151,1,37189,13.7190,4
WAIT,151,0,1,37189,13.9310,4
FILHO,151,5,37193,20.8495,4
WAIT,151,1,5,37193,21.0772,4
FILHO,151,3,37191,24.5631,4
WAIT,151,2,3,37191,24.7658,4
FILHO,151,2,37190,27.3513,4
WAIT,151,3,2,37190,27.5710,4
FILHO,151,0,37188,28.6376,4
WAIT,151,4,0,37188,28.8136,4
FILHO,151,4,37192,29.2016,4
WAIT,151,5,4,37192,29.3860,4
FILHO,151,6,37194,32.5571,4
WAIT,151,6,6,37194,32.6944,4
FILHO,151,7,37195,33.1901,4
WAIT,151,7,7,37195,33.3371,4
FILHO,152,5,37203,17.0855,4
WAIT,152,0,5,37203,17.3240,4
FILHO,152,1,37199,23.6314,4
FILHO,152,6,37204,23.7605,4
WAIT,152,1,1,37199,23.8315,4
WAIT,152,2,6,37204,26.4321,4
FILHO,152,0,37198,30.0787,4
FILHO,152,4,37202,30.0830,4
WAIT,152,3,0,37198,30.2664,4
WAIT,152,4,4,37202,30.2785,4
FILHO,152,7,37205,29.3710,4
FILHO,152,3,37201,30.3643,4
WAIT,152,5,7,37205,30.4324,4
WAIT,152,6,3,37201,30.5464,4
FILHO,152,2,37200,32.1010,4
WAIT,152,7,2,37200,32.2481,4
FILHO,153,1,37209,22.4255,4
WAIT,153,0,1,37209,23.7222,4
FILHO,153,4,37212,23.7750,4
WAIT,153,1,4,37212,23.9594,4
FILHO,153,5,37213,28.5406,4
WAIT,153,2,5,37213,28.7886,4
FILHO,153,2,37210,29.8087,4
WAIT,153,3,2,37210,30.0039,4
FILHO,153,3,37211,30.1728,4
WAIT,153,4,3,37211,30.3638,4
FILHO,153,0,37208,31.0276,4
WAIT,153,5,0,37208,31.2096,4
FILHO,153,7,37215,32.4885,4
WAIT,153,6,7,37215,32.6317,4
FILHO,153,6,37214,34.0972,4
WAIT,153,7,6,37214,34.2434,4
FILHO,154,1,37219,13.6929,4
WAIT,154,0,1,37219,13.9220,4
FILHO,154,4,37222,18.3162,4
WAIT,154,1,4,37222,18.5129,4
FILHO,154,0,37218,26.2916,4
WAIT,154,2,0,37218,26.5163,4
FILHO,154,5,37223,27.4864,4
WAIT,154,3,5,37223,27.6630,4
FILHO,154,2,37220,27.7931,4
WAIT,154,4,2,37220,29.0769,4
FILHO,154,3,37221,29.7898,4
WAIT,154,5,3,37221,29.9731,4
FILHO,154,6,37224,31.4556,4
WAIT,154,6,6,37224,31.6147,4
FILHO,154,7,37225,32.7077,4
WAIT,154,7,7,37225,32.8500,4
FILHO,155,1,37229,16.1655,4
WAIT,155,0,1,37229,16.3551,4
FILHO,155,3,37231,16.9376,4
WAIT,155,1,3,37231,17.1142,4
FILHO,155,2,37230,25.9866,4
WAIT,155,2,2,37230,26.1591,4
FILHO,155,4,37232,26.4407,4
WAIT,155,3,4,37232,26.6123,4
FILHO,155,5,37233,26.9733,4
WAIT,155,4,5,37233,27.1609,4
FILHO,155,0,37228,29.9791,4
WAIT,155,5,0,37228,30.1583,4
FILHO,155,6,37234,31.0156,4
WAIT,155,6,6,37234,31.1687,4
FILHO,155,7,37235,33.4985,4
WAIT,155,7,7,37235,33.6406,4
FILHO,156,3,37241,15.7435,4
WAIT,156,0,3,37241,15.9417,4
FILHO,156,1,37239,19.5204,4
WAIT,156,1,1,37239,19.6959,4
FILHO,156,0,37238,24.2000,4
WAIT,156,2,0,37238,24.3741,4
FILHO,156,7,37245,26.7899,4
WAIT,156,3,7,37245,26.9785,4
FILHO,156,4,37242,28.5814,4
WAIT,156,4,4,37242,28.7933,4
FILHO,156,2,37240,30.3803,4
WAIT,156,5,2,37240,30.5245,4
FILHO,156,6,37244,30.5840,4
WAIT,156,6,6,37244,30.7515,4
FILHO,156,5,37243,32.3759,4
WAIT,156,7,5,37243,32.5158,4
FILHO,157,6,37254,15.7056,4
WAIT,157,0,6,37254,20.7642,4
FILHO,157,1,37249,23.1479,4
FILHO,157,7,37255,23.2169,4
WAIT,157,1,1,37249,23.3380,4
WAIT,157,2,7,37255,23.4445,4
FILHO,157,0,37248,29.9017,4
FILHO,157,3,37251,29.9813,4
WAIT,157,3,0,37248,30.3465,4
WAIT,157,4,3,37251,30.3653,4
FILHO,157,5,37253,30.4402,4
WAIT,157,5,5,37253,30.5862,4
FILHO,157,2,37250,30.8121,4
WAIT,157,6,2,37250,30.9831,4
FILHO,157,4,37252,31.9184,4
WAIT,157,7,4,37252,32.0598,4
FILHO,158,1,37259,15.9031,4
WAIT,158,0,1,37259,16.0842,4
FILHO,158,3,37261,16.2960,4
WAIT,158,1,3,37261,16.4835,4
FILHO,158,4,37262,25.4049,4
WAIT,158,2,4,37262,25.5996,4
FILHO,158,2,37260,25.6541,4
WAIT,158,3,2,37260,25.8185,4
FILHO,158,6,37264,27.5731,4
WAIT,158,4,6,37264,27.7579,4
FILHO,158,0,37258,31.1880,4
WAIT,158,5,0,37258,31.3575,4
FILHO,158,5,37263,31.4492,4
WAIT,158,6,5,37263,31.6005,4
FILHO,158,7,37265,32.2594,4
WAIT,158,7,7,37265,32.3980,4
FILHO,159,5,37273,17.0390,4
WAIT,159,0,5,37273,17.2480,4
FILHO,159,1,37269,22.9261,4
WAIT,159,1,1,37269,23.1094,4
FILHO,159,6,37274,23.7916,4
WAIT,159,2,6,37274,25.8427,4
FILHO,159,0,37268,29.8472,4
WAIT,159,3,0,37268,30.0260,4
FILHO,159,3,37271,30.3157,4
WAIT,159,4,3,37271,30.4938,4
FILHO,159,2,37270,30.8524,4
WAIT,159,5,2,37270,31.0246,4
FILHO,159,7,37275,31.0540,4
WAIT,159,6,7,37275,31.1913,4
FILHO,159,4,37272,31.9646,4
WAIT,159,7,4,37272,32.0977,4
FILHO,160,1,37279,12.7520,4
WAIT,160,0,1,37279,12.9651,4
FILHO,160,0,37278,21.3205,4
FILHO,160,5,37283,21.4921,4
WAIT,160,1,0,37278,21.5653,4
WAIT,160,2,5,37283,24.4342,4
FILHO,160,7,37285,28.2747,4
WAIT,160,3,7,37285,28.4728,4
FILHO,160,6,37284,30.3211,4
WAIT,160,4,6,37284,30.5186,4
FILHO,160,3,37281,30.8859,4
WAIT,160,5,3,37281,31.0820,4
FILHO,160,4,37282,31.2311,4
WAIT,160,6,4,37282,31.3817,4
FILHO,160,2,37280,32.7994,4
WAIT,160,7,2,37280,32.9476,4
FILHO,161,1,37289,15.5716,4
WAIT,161,0,1,37289,15.7593,4
FILHO,161,3,37291,15.9121,4
WAIT,161,1,3,37291,16.1275,4
FILHO,161,0,37288,23.0526,4
WAIT,161,2,0,37288,23.2393,4
FILHO,161,6,37294,25.9757,4
WAIT,161,3,6,37294,26.1840,4
FILHO,161,7,37295,27.9156,4
WAIT,161,4,7,37295,28.1158,4
FILHO,161,2,37290,29.6419,4
WAIT,161,5,2,37290,29.8161,4
FILHO,161,5,37293,30.8271,4
WAIT,161,6,5,37293,30.9731,4
FILHO,161,4,37292,32.0744,4
WAIT,161,7,4,37292,32.2292,4
FILHO,162,3,37301,16.2247,4
WAIT,162,0,3,37301,16.4405,4
FILHO,162,1,37299,17.1739,4
WAIT,162,1,1,37299,17.3714,4
FILHO,162,2,37300,26.3323,4
WAIT,162,2,2,37300,26.5135,4
FILHO,162,4,37302,26.5436,4
FILHO,162,6,37304,26.6657,4
WAIT,162,3,4,37302,26.7373,4
WAIT,162,4,6,37304,26.8387,4
FILHO,162,0,37298,30.2984,4
WAIT,162,5,0,37298,30.4639,4
FILHO,162,5,37303,32.0479,4
WAIT,162,6,5,37303,32.1833,4
FILHO,162,7,37305,32.6208,4
WAIT,162,7,7,37305,32.7632,4
FILHO,163,0,37308,17.7733,4
WAIT,163,0,0,37308,17.9769,4
FILHO,163,1,37309,19.6965,4
WAIT,163,1,1,37309,19.8871,4
FILHO,163,5,37313,30.4250,4
FILHO,163,6,37314,30.5230,4
WAIT,163,2,5,37313,30.6678,4
WAIT,163,3,6,37314,30.7345,4
FILHO,163,7,37315,31.4868,4
WAIT,163,4,7,37315,31.6677,4
FILHO,163,2,37310,36.7751,4
WAIT,163,5,2,37310,36.9427,4
FILHO,163,3,37311,37.1939,4
WAIT,163,6,3,37311,37.3774,4
FILHO,163,4,37312,38.0727,4
WAIT,163,7,4,37312,38.2232,4
FILHO,164,1,37319,15.0727,4
WAIT,164,0,1,37319,17.8703,4
FILHO,164,3,37321,21.4782,4
WAIT,164,1,3,37321,21.6621,4
FILHO,164,7,37325,24.3811,4
WAIT,164,2,7,37325,25.8881,4
FILHO,164,0,37318,29.0889,4
FILHO,164,4,37322,30.2046,4
FILHO,164,6,37324,30.3554,4
WAIT,164,3,0,37318,30.4319,4
WAIT,164,4,4,37322,30.4512,4
WAIT,164,5,6,37324,30.5617,4
FILHO,164,5,37323,33.7725,4
WAIT,164,6,5,37323,33.9371,4
FILHO,164,2,37320,34.0481,4
WAIT,164,7,2,37320,34.2156,4
FILHO,165,4,37332,15.9160,4
WAIT,165,0,4,37332,19.8587,4
FILHO,165,0,37328,22.6760,4
WAIT,165,1,0,37328,22.9258,4
FILHO,165,5,37333,30.7455,4
WAIT,165,2,5,37333,31.8836,4
FILHO,165,1,37329,35.3722,4
WAIT,165,3,1,37329,35.5713,4
FILHO,165,2,37330,36.0141,4
WAIT,165,4,2,37330,36.2045,4
FILHO,165,3,37331,36.5446,4
WAIT,165,5,3,37331,36.7266,4
FILHO,165,6,37334,37.0299,4
WAIT,165,6,6,37334,37.2015,4
FILHO,165,7,37335,37.2596,4
WAIT,165,7,7,37335,37.4660,4
FILHO,166,1,37342,44.5368,4
FILHO,166,6,37347,44.6127,4
FILHO,166,7,37348,45.2641,4
FILHO,166,3,37344,46.6810,4
FILHO,166,5,37346,46.9588,4
FILHO,166,2,37343,47.0491,4
WAIT,166,0,2,37343,47.2347,4
WAIT,166,1,3,37344,47.2669,4
WAIT,166,2,5,37346,47.2819,4
WAIT,166,3,6,37347,47.2954,4
WAIT,166,4,7,37348,47.3084,4
FILHO,166,0,37341,47.5271,4
WAIT,166,5,0,37341,47.8153,4
WAIT,166,6,1,37342,47.8351,4
FILHO,166,4,37345,47.9563,4
WAIT,166,7,4,37345,48.1510,4
FILHO,167,7,37379,15.9287,4
FILHO,167,4,37376,16.5569,4
WAIT,167,0,4,37376,16.7733,4
WAIT,167,1,7,37379,16.8024,4
FILHO,167,5,37377,23.9366,4
FILHO,167,6,37378,24.1501,4
WAIT,167,2,5,37377,24.6737,4
WAIT,167,3,6,37378,24.6867,4
FILHO,167,1,37373,30.8842,4
WAIT,167,4,1,37373,31.0635,4
FILHO,167,0,37372,32.3328,4
FILHO,167,2,37374,32.3566,4
WAIT,167,5,0,37372,32.5057,4
WAIT,167,6,2,37374,32.5155,4
FILHO,167,3,37375,32.9400,4
WAIT,167,7,3,37375,33.0835,4
FILHO,168,4,37386,17.5987,4
FILHO,168,1,37383,17.6619,4
WAIT,168,0,4,37386,17.8140,4
WAIT,168,1,1,37383,17.8520,4
FILHO,168,3,37385,27.1260,4
FILHO,168,2,37384,27.1991,4
WAIT,168,2,3,37385,27.3233,4
WAIT,168,3,2,37384,27.3675,4
FILHO,168,6,37388,27.5019,4
WAIT,168,4,6,37388,27.6889,4
FILHO,168,0,37382,30.3148,4
WAIT,168,5,0,37382,30.4639,4
FILHO,168,7,37389,34.1458,4
WAIT,168,6,7,37389,34.3271,4
FILHO,168,5,37387,34.7305,4
WAIT,168,7,5,37387,34.8941,4
FILHO,169,3,37395,15.2525,4
FILHO,169,1,37393,15.3851,4
WAIT,169,0,3,37395,15.5044,4
WAIT,169,1,1,37393,15.5888,4
FILHO,169,4,37396,27.1519,4
WAIT,169,2,4,37396,27.3832,4
FILHO,169,7,37399,28.4136,4
WAIT,169,3,7,37399,28.6440,4
FILHO,169,5,37397,29.3465,4
FILHO,169,0,37392,29.8239,4
WAIT,169,4,0,37392,30.0105,4
WAIT,169,5,5,37397,30.0194,4
FILHO,169,6,37398,31.3215,4
WAIT,169,6,6,37398,31.4777,4
FILHO,169,2,37394,31.5767,4
WAIT,169,7,2,37394,31.7121,4
FILHO,170,1,37403,15.3051,4
WAIT,170,0,1,37403,15.5199,4
FILHO,170,3,37405,15.9097,4
WAIT,170,1,3,37405,16.0948,4
FILHO,170,0,37402,22.6684,4
WAIT,170,2,0,37402,22.8431,4
FILHO,170,6,37408,26.6413,4
WAIT,170,3,6,37408,26.8230,4
FILHO,170,7,37409,27.5233,4
WAIT,170,4,7,37409,27.6977,4
FILHO,170,4,37406,29.1888,4
WAIT,170,5,4,37406,29.3487,4
FILHO,170,2,37404,32.3338,4
WAIT,170,6,2,37404,32.5321,4
FILHO,170,5,37407,33.1205,4
WAIT,170,7,5,37407,33.2537,4
FILHO,171,3,37415,15.5907,4
WAIT,171,0,3,37415,15.7783,4
FILHO,171,1,37413,19.0734,4
WAIT,171,1,1,37413,19.2489,4
FILHO,171,0,37412,24.8305,4
WAIT,171,2,0,37412,25.0225,4
FILHO,171,7,37419,28.3367,4
FILHO,171,4,37416,28.3912,4
WAIT,171,3,7,37419,28.5268,4
WAIT,171,4,4,37416,28.5846,4
FILHO,171,2,37414,30.7941,4
WAIT,171,5,2,37414,30.9585,4
FILHO,171,6,37418,31.1487,4
WAIT,171,6,6,37418,31.3167,4
FILHO,171,5,37417,32.5669,4
WAIT,171,7,5,37417,32.7065,4
FILHO,172,3,37425,17.5247,4
WAIT,172,0,3,37425,17.7079,4
FILHO,172,1,37423,23.3190,4
WAIT,172,1,1,37423,23.4862,4
FILHO,172,6,37428,23.9169,4
WAIT,172,2,6,37428,24.1458,4
FILHO,172,5,37427,30.5127,4
FILHO,172,0,37422,30.5548,4
WAIT,172,3,0,37422,30.7116,4
WAIT,172,4,5,37427,30.7317,4
FILHO,172,2,37424,31.5450,4
FILHO,172,4,37426,31.5388,4
WAIT,172,5,2,37424,31.6891,4
WAIT,172,6,4,37426,31.7115,4
FILHO,172,7,37429,31.9048,4
WAIT,172,7,7,37429,32.0573,4
FILHO,173,1,37434,20.3239,4
WAIT,173,0,1,37434,20.5028,4
FILHO,173,0,37433,24.0431,4
WAIT,173,1,0,37433,28.7235,4
FILHO,173,7,37440,29.4404,4
WAIT,173,2,7,37440,29.6395,4
FILHO,173,2,37435,30.0826,4
FILHO,173,4,37437,30.3873,4
WAIT,173,3,2,37435,30.4663,4
WAIT,173,4,4,37437,30.6137,4
FILHO,173,6,37439,30.9413,4
WAIT,173,5,6,37439,31.1057,4
FILHO,173,3,37436,31.3898,4
WAIT,173,6,3,37436,31.5178,4
FILHO,173,5,37438,31.7973,4
WAIT,173,7,5,37438,31.9320,4
FILHO,174,1,37444,24.7022,4
WAIT,174,0,1,37444,24.9267,4
FILHO,174,6,37449,28.9634,4
WAIT,174,1,6,37449,30.1160,4
FILHO,174,4,37447,30.4883,4
WAIT,174,2,4,37447,30.7109,4
FILHO,174,5,37448,31.4278,4
WAIT,174,3,5,37448,31.6282,4
FILHO,174,2,37445,32.2175,4
WAIT,174,4,2,37445,32.3863,4
FILHO,174,0,37443,32.5216,4
WAIT,174,5,0,37443,32.7307,4
FILHO,174,3,37446,32.7409,4
WAIT,174,6,3,37446,33.0379,4
FILHO,174,7,37450,33.7338,4
WAIT,174,7,7,37450,33.8831,4
FILHO,175,5,37458,15.4430,4
WAIT,175,0,5,37458,17.3416,4
FILHO,175,0,37453,22.6912,4
WAIT,175,1,0,37453,22.8770,4
FILHO,175,7,37460,23.5673,4
WAIT,175,2,7,37460,23.7532,4
FILHO,175,1,37454,29.8254,4
WAIT,175,3,1,37454,30.0000,4
FILHO,175,4,37457,30.3409,4
FILHO,175,2,37455,30.3959,4
WAIT,175,4,2,37455,30.5744,4
WAIT,175,5,4,37457,30.5925,4
FILHO,175,3,37456,30.6648,4
WAIT,175,6,3,37456,30.8082,4
FILHO,175,6,37459,31.5132,4
WAIT,175,7,6,37459,31.6459,4
FILHO,176,1,37464,15.1111,4
WAIT,176,0,1,37464,15.2980,4
FILHO,176,5,37468,16.9520,4
WAIT,176,1,5,37468,17.1286,4
FILHO,176,2,37465,24.4631,4
WAIT,176,2,2,37465,24.6384,4
FILHO,176,0,37463,26.8788,4
WAIT,176,3,0,37463,27.0498,4
FILHO,176,3,37466,30.7822,4
WAIT,176,4,3,37466,31.0033,4
FILHO,176,6,37469,31.0000,4
FILHO,176,4,37467,31.0348,4
WAIT,176,5,6,37469,31.1583,4
WAIT,176,6,4,37467,31.2086,4
FILHO,176,7,37470,31.6818,4
WAIT,176,7,7,37470,31.8196,4
FILHO,177,5,37478,18.9327,4
WAIT,177,0,5,37478,19.1759,4
FILHO,177,1,37474,21.1792,4
WAIT,177,1,1,37474,21.3712,4
FILHO,177,6,37479,27.3874,4
FILHO,177,0,37473,27.4860,4
WAIT,177,2,6,37479,27.6150,4
WAIT,177,3,0,37473,27.6695,4
FILHO,177,4,37477,30.6133,4
WAIT,177,4,4,37477,30.8037,4
FILHO,177,2,37475,30.8667,4
FILHO,177,7,37480,30.9507,4
WAIT,177,5,2,37475,31.0357,4
WAIT,177,6,7,37480,31.1210,4
FILHO,177,3,37476,32.7346,4
WAIT,177,7,3,37476,32.8696,4
FILHO,178,5,37488,17.4520,4
WAIT,178,0,5,37488,17.6591,4
FILHO,178,1,37484,23.3763,4
WAIT,178,1,1,37484,23.5674,4
FILHO,178,6,37489,23.8160,4
WAIT,178,2,6,37489,25.9494,4
FILHO,178,0,37483,29.7664,4
FILHO,178,3,37486,29.8230,4
WAIT,178,3,0,37483,29.9624,4
WAIT,178,4,3,37486,30.0375,4
FILHO,178,7,37490,30.2389,4
WAIT,178,5,7,37490,30.3923,4
FILHO,178,2,37485,30.5059,4
WAIT,178,6,2,37485,30.6770,4
FILHO,178,4,37487,32.2128,4
WAIT,178,7,4,37487,32.3574,4
FILHO,179,1,37494,13.4264,4
WAIT,179,0,1,37494,16.3764,4
FILHO,179,5,37498,23.2201,4
WAIT,179,1,5,37498,23.4116,4
FILHO,179,0,37493,24.0448,4
WAIT,179,2,0,37493,24.2189,4
FILHO,179,6,37499,25.6588,4
WAIT,179,3,6,37499,25.8390,4
FILHO,179,7,37500,30.2995,4
FILHO,179,3,37496,30.3182,4
WAIT,179,4,3,37496,30.4975,4
WAIT,179,5,7,37500,30.5095,4
FILHO,179,2,37495,31.9034,4
WAIT,179,6,2,37495,32.0785,4
FILHO,179,4,37497,32.3062,4
WAIT,179,7,4,37497,32.4592,4
FILHO,180,1,37504,15.8193,4
WAIT,180,0,1,37504,16.0036,4
FILHO,180,3,37506,16.1395,4
WAIT,180,1,3,37506,16.3092,4
FILHO,180,4,37507,25.2833,4
WAIT,180,2,4,37507,25.4539,4
FILHO,180,2,37505,25.9095,4
WAIT,180,3,2,37505,26.0823,4
FILHO,180,5,37508,26.7596,4
WAIT,180,4,5,37508,26.9327,4
FILHO,180,0,37503,26.9902,4
WAIT,180,5,0,37503,27.1402,4
FILHO,180,6,37509,34.4427,4
WAIT,180,6,6,37509,34.6297,4
FILHO,180,7,37510,34.9235,4
WAIT,180,7,7,37510,35.0542,4
FILHO,181,1,37514,15.5941,4
WAIT,181,0,1,37514,15.7656,4
FILHO,181,3,37516,15.9630,4
WAIT,181,1,3,37516,16.1239,4
FILHO,181,2,37515,24.8594,4
WAIT,181,2,2,37515,25.0238,4
FILHO,181,0,37513,26.9833,4
WAIT,181,3,0,37513,27.1511,4
FILHO,181,6,37519,28.0585,4
WAIT,181,4,6,37519,28.2303,4
FILHO,181,5,37518,30.3054,4
FILHO,181,4,37517,30.3543,4
WAIT,181,5,5,37518,30.4804,4
WAIT,181,6,4,37517,30.5245,4
FILHO,181,7,37520,32.2664,4
WAIT,181,7,7,37520,32.4129,4
FILHO,182,1,37524,15.5535,4
FILHO,182,2,37525,15.6125,4
WAIT,182,0,1,37524,15.7808,4
WAIT,182,1,2,37525,15.8479,4
FILHO,182,0,37523,25.1116,4
WAIT,182,2,0,37523,27.7006,4
FILHO,182,7,37530,27.8426,4
WAIT,182,3,7,37530,28.0198,4
FILHO,182,4,37527,29.5188,4
WAIT,182,4,4,37527,29.7648,4
FILHO,182,5,37528,30.7945,4
WAIT,182,5,5,37528,30.9403,4
FILHO,182,3,37526,30.9299,4
WAIT,182,6,3,37526,31.1003,4
FILHO,182,6,37529,32.1368,4
WAIT,182,7,6,37529,32.2764,4
FILHO,183,0,37533,15.1181,4
WAIT,183,0,0,37533,20.1103,4
FILHO,183,2,37535,24.7071,4
WAIT,183,1,2,37535,24.8928,4
FILHO,183,1,37534,25.9187,4
WAIT,183,2,1,37534,26.1124,4
FILHO,183,7,37540,29.6027,4
FILHO,183,3,37536,30.1312,4
WAIT,183,3,3,37536,30.3543,4
FILHO,183,5,37538,30.3183,4
WAIT,183,4,7,37540,30.3739,4
WAIT,183,5,5,37538,30.4921,4
FILHO,183,4,37537,30.7832,4
WAIT,183,6,4,37537,30.9253,4
FILHO,183,6,37539,31.5266,4
WAIT,183,7,6,37539,31.6628,4
FILHO,184,1,37544,14.5225,4
WAIT,184,0,1,37544,16.3368,4
FILHO,184,5,37548,23.9235,4
WAIT,184,1,5,37548,24.1407,4
FILHO,184,6,37549,25.5777,4
WAIT,184,2,6,37549,25.7842,4
FILHO,184,0,37543,26.8766,4
WAIT,184,3,0,37543,28.1644,4
FILHO,184,7,37550,28.8229,4
WAIT,184,4,7,37550,28.9837,4
FILHO,184,2,37545,29.8578,4
WAIT,184,5,2,37545,30.0013,4
FILHO,184,3,37546,33.0885,4
FILHO,184,4,37547,33.1289,4
WAIT,184,6,3,37546,33.2760,4
WAIT,184,7,4,37547,33.3248,4
FILHO,185,1,37554,16.2009,4
WAIT,185,0,1,37554,16.4440,4
FILHO,185,4,37557,17.7358,4
WAIT,185,1,4,37557,17.9453,4
FILHO,185,6,37559,28.5466,4
WAIT,185,2,6,37559,28.7442,4
FILHO,185,3,37556,29.5446,4
FILHO,185,2,37555,29.8981,4
FILHO,185,7,37560,29.9759,4
WAIT,185,3,2,37555,30.0708,4
WAIT,185,4,3,37556,30.0777,4
WAIT,185,5,7,37560,30.1368,4
FILHO,185,5,37558,32.8275,4
WAIT,185,6,5,37558,32.9984,4
FILHO,185,0,37553,33.1713,4
WAIT,185,7,0,37553,33.3109,4
FILHO,186,3,37566,15.7433,4
WAIT,186,0,3,37566,17.7313,4
FILHO,186,1,37564,21.5946,4
WAIT,186,1,1,37564,21.8113,4
FILHO,186,7,37570,25.1805,4
WAIT,186,2,7,37570,25.3657,4
FILHO,186,0,37563,26.9164,4
WAIT,186,3,0,37563,29.8505,4
FILHO,186,4,37567,30.2276,4
FILHO,186,6,37569,30.3231,4
WAIT,186,4,4,37567,30.4275,4
WAIT,186,5,6,37569,30.5016,4
FILHO,186,2,37565,31.2836,4
WAIT,186,6,2,37565,31.4512,4
FILHO,186,5,37568,31.4904,4
WAIT,186,7,5,37568,31.6257,4
FILHO,187,0,37573,15.3113,4
WAIT,187,0,0,37573,19.7839,4
FILHO,187,1,37574,22.9266,4
FILHO,187,2,37575,25.3961,4
WAIT,187,1,1,37574,25.7845,4
WAIT,187,2,2,37575,25.7992,4
FILHO,187,7,37580,29.0501,4
FILHO,187,3,37576,29.6553,4
WAIT,187,3,3,37576,29.8857,4
WAIT,187,4,7,37580,29.9057,4
FILHO,187,5,37578,30.0923,4
WAIT,187,5,5,37578,30.2611,4
FILHO,187,4,37577,31.0256,4
WAIT,187,6,4,37577,31.1669,4
FILHO,187,6,37579,31.5445,4
WAIT,187,7,6,37579,31.6743,4
FILHO,188,5,37588,18.2865,4
WAIT,188,0,5,37588,18.5078,4
FILHO,188,1,37584,20.9408,4
WAIT,188,1,1,37584,21.1242,4
FILHO,188,6,37589,27.8830,4
WAIT,188,2,6,37589,28.2084,4
FILHO,188,0,37583,28.7791,4
WAIT,188,3,0,37583,28.9857,4
FILHO,188,7,37590,29.5963,4
WAIT,188,4,7,37590,29.8771,4
FILHO,188,3,37586,31.9142,4
WAIT,188,5,3,37586,32.0784,4
FILHO,188,4,37587,32.0514,4
WAIT,188,6,4,37587,32.2260,4
FILHO,188,2,37585,32.3659,4
WAIT,188,7,2,37585,32.5049,4
FILHO,189,3,37596,15.6763,4
WAIT,189,0,3,37596,15.8613,4
FILHO,189,1,37594,19.1747,4
WAIT,189,1,1,37594,19.3455,4
FILHO,189,0,37593,24.1269,4
WAIT,189,2,0,37593,24.3058,4
FILHO,189,7,37600,26.8427,4
WAIT,189,3,7,37600,27.0433,4
FILHO,189,4,37597,27.9519,4
WAIT,189,4,4,37597,28.1331,4
FILHO,189,6,37599,30.3329,4
FILHO,189,2,37595,30.8914,4
WAIT,189,5,2,37595,31.0898,4
WAIT,189,6,6,37599,31.1033,4
FILHO,189,5,37598,32.6169,4
WAIT,189,7,5,37598,32.7615,4
FILHO,190,0,37603,18.0035,4
WAIT,190,0,0,37603,18.2649,4
FILHO,190,2,37605,20.3610,4
WAIT,190,1,2,37605,21.6970,4
FILHO,190,1,37604,31.6090,4
WAIT,190,2,1,37604,31.9073,4
FILHO,190,7,37610,41.6048,4
WAIT,190,3,7,37610,41.8779,4
FILHO,190,6,37609,43.5569,4
FILHO,190,3,37606,43.8276,4
WAIT,190,4,3,37606,44.0438,4
WAIT,190,5,6,37609,44.0795,4
FILHO,190,5,37608,46.4651,4
WAIT,190,6,5,37608,46.6316,4
FILHO,190,4,37607,48.3199,4
WAIT,190,7,4,37607,48.6531,4
FILHO,191,1,37620,17.5257,4
WAIT,191,0,1,37620,17.8393,4
FILHO,191,4,37623,20.9721,4
WAIT,191,1,4,37623,21.5787,4
FILHO,191,6,37625,24.9638,4
WAIT,191,2,6,37625,27.8101,4
FILHO,191,3,37622,32.8155,4
WAIT,191,3,3,37622,33.0447,4
FILHO,191,0,37619,33.6885,4
WAIT,191,4,0,37619,34.8284,4
FILHO,191,2,37621,34.8352,4
WAIT,191,5,2,37621,34.9981,4
FILHO,191,7,37626,37.8201,4
WAIT,191,6,7,37626,38.0034,4
FILHO,191,5,37624,38.1329,4
WAIT,191,7,5,37624,38.2783,4
FILHO,192,0,37629,16.4195,4
FILHO,192,4,37633,16.8348,4
WAIT,192,0,0,37629,16.9915,4
WAIT,192,1,4,37633,17.0168,4
FILHO,192,3,37632,26.7151,4
WAIT,192,2,3,37632,26.9274,4
FILHO,192,6,37635,27.6767,4
WAIT,192,3,6,37635,27.8976,4
FILHO,192,1,37630,29.4303,4
WAIT,192,4,1,37630,29.6507,4
FILHO,192,2,37631,29.9258,4
WAIT,192,5,2,37631,30.0767,4
FILHO,192,7,37636,34.2743,4
WAIT,192,6,7,37636,34.4529,4
FILHO,192,5,37634,34.6736,4
WAIT,192,7,5,37634,34.8153,4
FILHO,193,3,37642,16.3680,4
WAIT,193,0,3,37642,16.5919,4
FILHO,193,1,37640,23.0010,4
WAIT,193,1,1,37640,23.2046,4
FILHO,193,5,37644,23.8009,4
WAIT,193,2,5,37644,23.9978,4
FILHO,193,0,37639,30.0119,4
WAIT,193,3,0,37639,30.2153,4
FILHO,193,2,37641,31.1667,4
WAIT,193,4,2,37641,31.3418,4
FILHO,193,7,37646,31.3189,4
WAIT,193,5,7,37646,31.4681,4
FILHO,193,6,37645,31.6550,4
WAIT,193,6,6,37645,31.8241,4
FILHO,193,4,37643,32.1919,4
WAIT,193,7,4,37643,32.3229,4
FILHO,194,4,37653,15.7068,4
WAIT,194,0,4,37653,18.4886,4
FILHO,194,7,37656,28.0761,4
WAIT,194,1,7,37656,28.2649,4
FILHO,194,0,37649,29.9290,4
WAIT,194,2,0,37649,30.1229,4
FILHO,194,5,37654,30.2341,4
FILHO,194,3,37652,29.4135,4
WAIT,194,3,5,37654,30.4266,4
WAIT,194,4,3,37652,30.5964,4
FILHO,194,1,37650,30.6327,4
WAIT,194,5,1,37650,30.8148,4
FILHO,194,2,37651,30.8567,4
WAIT,194,6,2,37651,31.0074,4
FILHO,194,6,37655,33.7213,4
WAIT,194,7,6,37655,33.8683,4
FILHO,195,7,37670,16.1638,4
WAIT,195,0,7,37670,21.0849,4
FILHO,195,6,37669,25.9198,4
WAIT,195,1,6,37669,26.1461,4
FILHO,195,0,37663,29.5869,4
FILHO,195,4,37667,30.5917,4
FILHO,195,5,37668,30.9854,4
WAIT,195,2,0,37663,31.1092,4
WAIT,195,3,4,37667,31.1212,4
WAIT,195,4,5,37668,31.1757,4
FILHO,195,2,37665,32.5034,4
WAIT,195,5,2,37665,32.6569,4
FILHO,195,1,37664,35.0999,4
FILHO,195,3,37666,35.1018,4
WAIT,195,6,1,37664,35.2697,4
WAIT,195,7,3,37666,35.2831,4
FILHO,196,5,37689,20.2912,4
WAIT,196,0,5,37689,20.5644,4
FILHO,196,1,37685,23.7963,4
WAIT,196,1,1,37685,23.9904,4
FILHO,196,6,37690,26.6224,4
WAIT,196,2,6,37690,26.8349,4
FILHO,196,0,37684,30.1871,4
WAIT,196,3,0,37684,30.5739,4
FILHO,196,7,37691,31.1981,4
FILHO,196,4,37688,31.2113,4
WAIT,196,4,7,37691,31.3830,4
WAIT,196,5,4,37688,31.5761,4
FILHO,196,3,37687,33.1168,4
WAIT,196,6,3,37687,33.3031,4
FILHO,196,2,37686,33.7480,4
WAIT,196,7,2,37686,33.9213,4
FILHO,197,1,37695,20.8298,4
WAIT,197,0,1,37695,21.1017,4
FILHO,197,0,37694,28.3067,4
WAIT,197,1,0,37694,28.5760,4
FILHO,197,6,37700,37.7616,4
WAIT,197,2,6,37700,38.1503,4
FILHO,197,7,37701,38.6837,4
WAIT,197,3,7,37701,38.9046,4
FILHO,197,5,37699,42.4424,4
WAIT,197,4,5,37699,42.6385,4
FILHO,197,2,37696,45.7081,4
WAIT,197,5,2,37696,45.9401,4
FILHO,197,3,37697,45.9173,4
WAIT,197,6,3,37697,46.1348,4
FILHO,197,4,37698,46.2076,4
WAIT,197,7,4,37698,46.3937,4
FILHO,198,3,37707,34.2711,4
WAIT,198,0,3,37707,34.5751,4
FILHO,198,5,37709,42.5185,4
WAIT,198,1,5,37709,42.7573,4
FILHO,198,7,37711,43.6074,4
FILHO,198,1,37705,44.8663,4
WAIT,198,2,1,37705,45.2004,4
WAIT,198,3,7,37711,45.2224,4
FILHO,198,2,37706,46.8456,4
WAIT,198,4,2,37706,47.5486,4
FILHO,198,0,37704,48.4876,4
WAIT,198,5,0,37704,48.7078,4
FILHO,198,6,37710,46.4948,4
WAIT,198,6,6,37710,48.9052,4
FILHO,198,4,37708,50.1850,4
WAIT,198,7,4,37708,50.3728,4
FILHO,199,2,37716,34.1653,4
WAIT,199,0,2,37716,34.4731,4
FILHO,199,7,37721,34.7198,4
WAIT,199,1,7,37721,34.9074,4
FILHO,199,5,37719,38.1621,4
WAIT,199,2,5,37719,38.3388,4
FILHO,199,4,37718,38.5942,4
WAIT,199,3,4,37718,38.7903,4
FILHO,199,3,37717,39.4953,4
WAIT,199,4,3,37717,39.6923,4
FILHO,199,0,37714,40.3608,4
WAIT,199,5,0,37714,40.5204,4
FILHO,199,6,37720,41.7765,4
FILHO,199,1,37715,41.8207,4
WAIT,199,6,6,37720,41.9511,4
WAIT,199,7,1,37715,41.9918,4
FILHO,200,0,37725,14.9604,4
WAIT,200,0,0,37725,15.1694,4
FILHO,200,6,37731,15.6341,4
FILHO,200,5,37730,15.6679,4
WAIT,200,1,6,37731,15.8469,4
WAIT,200,2,5,37730,15.8671,4
FILHO,200,2,37727,27.4757,4
WAIT,200,3,2,37727,27.6796,4
FILHO,200,4,37729,27.7963,4
FILHO,200,3,37728,28.1116,4
WAIT,200,4,3,37728,28.3019,4
WAIT,200,5,4,37729,28.3105,4
FILHO,200,7,37732,33.5321,4
WAIT,200,6,7,37732,33.7362,4
FILHO,200,1,37726,33.7162,4
WAIT,200,7,1,37726,33.8782,4
FILHO,201,7,37742,17.3636,4
WAIT,201,0,7,37742,17.6171,4
FILHO,201,4,37739,41.1779,4
WAIT,201,1,4,37739,41.8462,4
FILHO,201,3,37738,42.3660,4
FILHO,201,0,37735,41.2436,4
WAIT,201,2,0,37735,42.7520,4
WAIT,201,3,3,37738,42.7692,4
FILHO,201,1,37736,44.8488,4
WAIT,201,4,1,37736,45.0771,4
FILHO,201,2,37737,45.8905,4
WAIT,201,5,2,37737,46.0635,4
FILHO,201,6,37741,48.0627,4
FILHO,201,5,37740,48.1983,4
WAIT,201,6,6,37741,48.2593,4
WAIT,201,7,5,37740,48.3887,4
FILHO,202,0,37745,15.4435,4
WAIT,202,0,0,37745,15.7093,4
FILHO,202,6,37751,16.0054,4
WAIT,202,1,6,37751,16.2063,4
FILHO,202,2,37747,25.6232,4
FILHO,202,1,37746,25.7599,4
WAIT,202,2,2,37747,25.8174,4
WAIT,202,3,1,37746,25.9430,4
FILHO,202,3,37748,26.5468,4
WAIT,202,4,3,37748,26.7652,4
FILHO,202,7,37752,31.2923,4
WAIT,202,5,7,37752,31.4751,4
FILHO,202,4,37749,32.0101,4
WAIT,202,6,4,37749,32.1926,4
FILHO,202,5,37750,32.4851,4
WAIT,202,7,5,37750,32.6314,4
FILHO,203,2,37757,15.5724,4
WAIT,203,0,2,37757,15.8070,4
FILHO,203,5,37760,15.8670,4
WAIT,203,1,5,37760,16.0697,4
FILHO,203,0,37755,22.7708,4
WAIT,203,2,0,37755,22.9565,4
FILHO,203,3,37758,23.0942,4
WAIT,203,3,3,37758,23.3227,4
FILHO,203,1,37756,29.2685,4
WAIT,203,4,1,37756,29.4824,4
FILHO,203,4,37759,30.2652,4
WAIT,203,5,4,37759,30.4439,4
FILHO,203,6,37761,30.6006,4
WAIT,203,6,6,37761,30.7496,4
FILHO,203,7,37762,31.6743,4
WAIT,203,7,7,37762,31.8140,4
FILHO,204,0,37765,29.8476,4
FILHO,204,1,37766,29.9399,4
FILHO,204,4,37769,29.6135,4
FILHO,204,2,37767,30.7189,4
FILHO,204,6,37771,30.7974,4
WAIT,204,0,0,37765,31.0182,4
WAIT,204,1,1,37766,31.0649,4
WAIT,204,2,2,37767,31.0733,4
WAIT,204,3,4,37769,31.0786,4
WAIT,204,4,6,37771,31.0837,4
FILHO,204,7,37772,31.3567,4
WAIT,204,5,7,37772,31.5330,4
FILHO,204,5,37770,31.6130,4
WAIT,204,6,5,37770,31.7971,4
FILHO,204,3,37768,32.0286,4
WAIT,204,7,3,37768,32.1710,4
FILHO,205,7,37782,29.6700,4
FILHO,205,5,37780,29.9441,4
FILHO,205,0,37775,30.1302,4
FILHO,205,1,37776,30.3506,4
FILHO,205,3,37778,30.4721,4
FILHO,205,4,37779,30.5587,4
FILHO,205,2,37777,30.6520,4
WAIT,205,0,0,37775,30.7485,4
WAIT,205,1,1,37776,30.7831,4
WAIT,205,2,3,37778,30.7908,4
WAIT,205,3,4,37779,30.7962,4
WAIT,205,4,2,37777,30.8017,4
WAIT,205,5,5,37780,30.8113,4
WAIT,205,6,7,37782,30.8171,4
FILHO,205,6,37781,31.0581,4
WAIT,205,7,6,37781,31.1971,4
FILHO,206,6,37791,15.7421,4
WAIT,206,0,6,37791,15.9683,4
FILHO,206,1,37786,22.3581,4
WAIT,206,1,1,37786,22.5554,4
FILHO,206,7,37792,24.1825,4
WAIT,206,2,7,37792,24.4039,4
FILHO,206,3,37788,29.0929,4
FILHO,206,2,37787,29.1703,4
WAIT,206,3,3,37788,29.3200,4
WAIT,206,4,2,37787,29.3864,4
FILHO,206,4,37789,30.8595,4
WAIT,206,5,4,37789,31.0174,4
FILHO,206,0,37785,33.6473,4
WAIT,206,6,0,37785,33.8259,4
FILHO,206,5,37790,34.7965,4
WAIT,206,7,5,37790,34.9517,4
FILHO,207,3,37798,15.4073,4
WAIT,207,0,3,37798,15.5977,4
FILHO,207,1,37796,22.1022,4
WAIT,207,1,1,37796,22.2782,4
FILHO,207,7,37802,23.5014,4
WAIT,207,2,7,37802,23.6754,4
FILHO,207,0,37795,25.6956,4
WAIT,207,3,0,37795,25.8837,4
FILHO,207,4,37799,29.8714,4
WAIT,207,4,4,37799,30.0561,4
FILHO,207,6,37801,30.1414,4
FILHO,207,2,37797,30.2092,4
WAIT,207,5,6,37801,30.2898,4
WAIT,207,6,2,37797,30.3796,4
FILHO,207,5,37800,31.0041,4
WAIT,207,7,5,37800,31.1443,4
FILHO,208,1,37806,14.7829,4
WAIT,208,0,1,37806,15.0048,4
FILHO,208,5,37810,16.6195,4
WAIT,208,1,5,37810,16.7953,4
FILHO,208,2,37807,24.3626,4
WAIT,208,2,2,37807,24.5456,4
FILHO,208,0,37805,27.1271,4
FILHO,208,6,37811,27.6412,4
WAIT,208,3,0,37805,27.8480,4
WAIT,208,4,6,37811,27.8579,4
FILHO,208,7,37812,28.7779,4
WAIT,208,5,7,37812,28.9462,4
FILHO,208,4,37809,31.4971,4
FILHO,208,3,37808,31.6012,4
WAIT,208,6,4,37809,31.6329,4
WAIT,208,7,3,37808,31.7384,4
FILHO,209,6,37821,18.7962,4
WAIT,209,0,6,37821,18.9975,4
FILHO,209,1,37816,21.5379,4
WAIT,209,1,1,37816,21.7221,4
FILHO,209,7,37822,26.3378,4
WAIT,209,2,7,37822,26.5326,4
FILHO,209,0,37815,28.0383,4
WAIT,209,3,0,37815,28.2428,4
FILHO,209,5,37820,29.2878,4
WAIT,209,4,5,37820,29.5347,4
FILHO,209,4,37819,30.2469,4
WAIT,209,5,4,37819,30.4341,4
FILHO,209,2,37817,30.9927,4
WAIT,209,6,2,37817,31.1214,4
FILHO,209,3,37818,32.0602,4
WAIT,209,7,3,37818,32.1981,4
FILHO,210,1,37826,15.4407,4
WAIT,210,0,1,37826,15.6226,4
FILHO,210,3,37828,23.1478,4
WAIT,210,1,3,37828,23.3457,4
FILHO,210,4,37829,24.1288,4
WAIT,210,2,4,37829,24.3144,4
FILHO,210,2,37827,26.8188,4
WAIT,210,3,2,37827,27.0046,4
FILHO,210,7,37832,28.3302,4
WAIT,210,4,7,37832,28.5082,4
FILHO,210,0,37825,32.1439,4
FILHO,210,6,37831,32.1496,4
WAIT,210,5,6,37831,32.3086,4
WAIT,210,6,0,37825,32.3203,4
FILHO,210,5,37830,33.7024,4
WAIT,210,7,5,37830,33.8415,4
FILHO,211,1,37836,15.6354,4
WAIT,211,0,1,37836,15.8180,4
FILHO,211,2,37837,15.9784,4
WAIT,211,1,2,37837,16.1519,4
FILHO,211,0,37835,23.9042,4
WAIT,211,2,0,37835,24.0969,4
FILHO,211,4,37839,25.0917,4
WAIT,211,3,4,37839,25.2656,4
FILHO,211,3,37838,30.1159,4
WAIT,211,4,3,37838,30.3146,4
FILHO,211,6,37841,30.6400,4
WAIT,211,5,6,37841,30.7848,4
FILHO,211,5,37840,31.0779,4
WAIT,211,6,5,37840,31.2520,4
FILHO,211,7,37842,31.4603,4
WAIT,211,7,7,37842,31.5968,4
FILHO,212,1,37846,14.9968,4
WAIT,212,0,1,37846,15.2096,4
FILHO,212,6,37851,23.7271,4
WAIT,212,1,6,37851,23.9077,4
FILHO,212,7,37852,24.4052,4
WAIT,212,2,7,37852,24.5916,4
FILHO,212,0,37845,29.9284,4
WAIT,212,3,0,37845,30.1078,4
FILHO,212,3,37848,30.3243,4
FILHO,212,5,37850,30.3256,4
FILHO,212,2,37847,30.8971,4
WAIT,212,4,3,37848,30.9706,4
WAIT,212,5,5,37850,30.9840,4
WAIT,212,6,2,37847,31.0660,4
FILHO,212,4,37849,32.2987,4
WAIT,212,7,4,37849,32.4336,4
FILHO,213,3,37858,15.7134,4
WAIT,213,0,3,37858,18.3680,4
FILHO,213,1,37856,21.4489,4
WAIT,213,1,1,37856,21.6397,4
FILHO,213,7,37862,25.3357,4
WAIT,213,2,7,37862,25.5696,4
FILHO,213,0,37855,27.0226,4
WAIT,213,3,0,37855,28.3817,4
FILHO,213,6,37861,30.1633,4
WAIT,213,4,6,37861,30.3427,4
FILHO,213,2,37857,30.4462,4
WAIT,213,5,2,37857,30.6046,4
FILHO,213,5,37860,30.5830,4
WAIT,213,6,5,37860,30.7589,4
FILHO,213,4,37859,31.4502,4
WAIT,213,7,4,37859,31.5897,4
FILHO,214,1,37866,15.2555,4
WAIT,214,0,1,37866,15.4912,4
FILHO,214,3,37868,15.6167,4
WAIT,214,1,3,37868,15.7986,4
FILHO,214,0,37865,20.8120,4
WAIT,214,2,0,37865,21.0024,4
FILHO,214,6,37871,27.8961,4
WAIT,214,3,6,37871,28.0997,4
FILHO,214,7,37872,28.3745,4
WAIT,214,4,7,37872,28.6082,4
FILHO,214,4,37869,30.3019,4
FILHO,214,2,37867,30.4580,4
WAIT,214,5,4,37869,30.4970,4
WAIT,214,6,2,37867,30.6157,4
FILHO,214,5,37870,32.3809,4
WAIT,214,7,5,37870,32.5399,4
FILHO,215,3,37878,15.9448,4
WAIT,215,0,3,37878,16.1285,4
FILHO,215,1,37876,18.0247,4
WAIT,215,1,1,37876,18.2279,4
FILHO,215,0,37875,20.9032,4
WAIT,215,2,0,37875,21.0850,4
FILHO,215,7,37882,28.0743,4
WAIT,215,3,7,37882,28.2422,4
FILHO,215,4,37879,28.2910,4
WAIT,215,4,4,37879,28.4617,4
FILHO,215,2,37877,29.1345,4
WAIT,215,5,2,37877,29.2782,4
FILHO,215,5,37880,35.1997,4
WAIT,215,6,5,37880,35.3679,4
FILHO,215,6,37881,35.4448,4
WAIT,215,7,6,37881,35.5745,4
FILHO,216,6,37891,16.4164,4
WAIT,216,0,6,37891,21.3731,4
FILHO,216,1,37886,23.6641,4
WAIT,216,1,1,37886,23.8610,4
FILHO,216,7,37892,24.9278,4
WAIT,216,2,7,37892,25.1157,4
FILHO,216,0,37885,29.5378,4
WAIT,216,3,0,37885,29.8499,4
FILHO,216,5,37890,31.4231,4
FILHO,216,2,37887,31.4989,4
WAIT,216,4,5,37890,31.6561,4
WAIT,216,5,2,37887,31.7008,4
FILHO,216,3,37888,33.0438,4
WAIT,216,6,3,37888,33.2040,4
FILHO,216,4,37889,34.4785,4
WAIT,216,7,4,37889,34.6206,4
FILHO,217,3,37898,15.4330,4
WAIT,217,0,3,37898,15.6247,4
FILHO,217,1,37896,23.1601,4
WAIT,217,1,1,37896,23.4107,4
FILHO,217,7,37902,25.1047,4
WAIT,217,2,7,37902,25.3621,4
FILHO,217,2,37897,30.6415,4
WAIT,217,3,2,37897,30.8783,4
FILHO,217,4,37899,33.0995,4
WAIT,217,4,4,37899,33.3277,4
FILHO,217,0,37895,34.1210,4
WAIT,217,5,0,37895,34.3395,4
FILHO,217,5,37900,36.0803,4
WAIT,217,6,5,37900,36.2303,4
FILHO,217,6,37901,36.9320,4
WAIT,217,7,6,37901,37.0993,4
FILHO,218,4,37909,15.6387,4
FILHO,218,2,37907,15.7225,4
WAIT,218,0,4,37909,15.8749,4
WAIT,218,1,2,37907,15.9137,4
FILHO,218,0,37905,22.3632,4
WAIT,218,2,0,37905,22.5938,4
FILHO,218,3,37908,23.7579,4
WAIT,218,3,3,37908,23.9373,4
FILHO,218,5,37910,30.5872,4
FILHO,218,1,37906,30.5962,4
WAIT,218,4,1,37906,30.8011,4
WAIT,218,5,5,37910,30.8139,4
FILHO,218,6,37911,31.0029,4
FILHO,218,7,37912,31.1025,4
WAIT,218,6,6,37911,31.1544,4
WAIT,218,7,7,37912,31.2523,4
FILHO,219,1,37916,17.4302,4
WAIT,219,0,1,37916,17.6734,4
FILHO,219,0,37915,27.2504,4
WAIT,219,1,0,37915,27.4443,4
FILHO,219,7,37922,29.7067,4
WAIT,219,2,7,37922,29.8925,4
FILHO,219,2,37917,30.2163,4
WAIT,219,3,2,37917,30.4174,4
FILHO,219,3,37918,30.4014,4
WAIT,219,4,3,37918,30.5925,4
FILHO,219,5,37920,30.7439,4
WAIT,219,5,5,37920,30.9389,4
FILHO,219,4,37919,31.2135,4
WAIT,219,6,4,37919,31.3546,4
FILHO,219,6,37921,32.3297,4
WAIT,219,7,6,37921,32.4916,4
FILHO,220,1,37926,29.4703,4
FILHO,220,0,37925,30.3032,4
FILHO,220,7,37932,30.4567,4
FILHO,220,2,37927,30.4743,4
WAIT,220,0,0,37925,30.6554,4
WAIT,220,1,1,37926,30.6893,4
WAIT,220,2,2,37927,30.7040,4
WAIT,220,3,7,37932,30.7188,4
FILHO,220,6,37931,30.7909,4
FILHO,220,3,37928,30.9241,4
FILHO,220,4,37929,31.0694,4
WAIT,220,4,3,37928,31.1366,4
WAIT,220,5,6,37931,31.1478,4
WAIT,220,6,4,37929,31.2311,4
FILHO,220,5,37930,31.4427,4
WAIT,220,7,5,37930,31.5814,4
FILHO,221,1,37936,13.3920,4
WAIT,221,0,1,37936,13.5912,4
FILHO,221,4,37939,19.9936,4
WAIT,221,1,4,37939,20.2071,4
FILHO,221,0,37935,26.3703,4
WAIT,221,2,0,37935,26.5753,4
FILHO,221,2,37937,27.2187,4
WAIT,221,3,2,37937,27.4307,4
FILHO,221,7,37942,27.6951,4
WAIT,221,4,7,37942,27.9899,4
FILHO,221,3,37938,29.8872,4
WAIT,221,5,3,37938,30.1133,4
FILHO,221,5,37940,33.0867,4
WAIT,221,6,5,37940,33.2343,4
FILHO,221,6,37941,34.1494,4
WAIT,221,7,6,37941,34.3218,4
FILHO,222,0,37945,15.3432,4
WAIT,222,0,0,37945,17.7123,4
FILHO,222,6,37951,25.2893,4
WAIT,222,1,6,37951,25.4866,4
FILHO,222,3,37948,30.1779,4
FILHO,222,4,37949,30.9349,4
FILHO,222,1,37946,32.2749,4
FILHO,222,2,37947,32.7855,4
FILHO,222,5,37950,33.4968,4
WAIT,222,2,1,37946,33.6800,4
WAIT,222,3,2,37947,33.7079,4
WAIT,222,4,3,37948,33.7139,4
WAIT,222,5,4,37949,33.7195,4
WAIT,222,6,5,37950,33.7250,4
FILHO,222,7,37952,35.0888,4
WAIT,222,7,7,37952,35.2387,4
FILHO,223,4,37962,21.0853,4
WAIT,223,0,4,37962,23.7037,4
FILHO,223,2,37960,30.3959,4
FILHO,223,0,37958,30.5806,4
WAIT,223,1,0,37958,30.8013,4
FILHO,223,7,37965,31.5156,4
WAIT,223,2,7,37965,31.7308,4
WAIT,223,3,2,37960,31.9099,4
FILHO,223,1,37959,31.8976,4
WAIT,223,4,1,37959,32.2079,4
FILHO,223,5,37963,35.7170,4
WAIT,223,5,5,37963,35.9495,4
FILHO,223,6,37964,37.8482,4
WAIT,223,6,6,37964,38.0600,4
FILHO,223,3,37961,38.9856,4
WAIT,223,7,3,37961,39.1723,4
FILHO,224,0,37968,15.1701,4
WAIT,224,0,0,37968,18.1633,4
FILHO,224,1,37969,22.2541,4
WAIT,224,1,1,37969,22.4706,4
FILHO,224,7,37975,23.5572,4
WAIT,224,2,7,37975,27.6391,4
FILHO,224,6,37974,32.9463,4
WAIT,224,3,6,37974,33.1991,4
FILHO,224,2,37970,34.7272,4
WAIT,224,4,2,37970,36.1911,4
FILHO,224,3,37971,38.5812,4
WAIT,224,5,3,37971,38.7991,4
FILHO,224,5,37973,40.0047,4
WAIT,224,6,5,37973,40.2304,4
FILHO,224,4,37972,40.6120,4
WAIT,224,7,4,37972,40.8126,4
FILHO,225,2,37983,15.9436,4
WAIT,225,0,2,37983,16.1543,4
FILHO,225,0,37981,20.4904,4
WAIT,225,1,0,37981,20.6742,4
FILHO,225,4,37985,26.3247,4
WAIT,225,2,4,37985,26.5181,4
FILHO,225,3,37984,27.4155,4
WAIT,225,3,3,37984,27.6055,4
FILHO,225,5,37986,29.7331,4
WAIT,225,4,5,37986,29.9798,4
FILHO,225,1,37982,30.0260,4
WAIT,225,5,1,37982,30.1915,4
FILHO,225,6,37987,30.8999,4
WAIT,225,6,6,37987,31.0819,4
FILHO,225,7,37988,32.1745,4
WAIT,225,7,7,37988,32.3334,4
FILHO,226,1,37992,15.1226,4
WAIT,226,0,1,37992,15.3857,4
FILHO,226,2,37993,15.4601,4
WAIT,226,1,2,37993,17.9751,4
FILHO,226,5,37996,27.6408,4
WAIT,226,2,5,37996,27.8578,4
FILHO,226,0,37991,29.0819,4
FILHO,226,7,37998,29.1508,4
FILHO,226,6,37997,29.3014,4
WAIT,226,3,7,37998,29.3640,4
WAIT,226,4,0,37991,29.4430,4
WAIT,226,5,6,37997,29.4993,4
FILHO,226,4,37995,33.0240,4
FILHO,226,3,37994,33.0372,4
WAIT,226,6,3,37994,33.2104,4
WAIT,226,7,4,37995,33.2252,4
FILHO,227,3,38005,15.5045,4
WAIT,227,0,3,38005,18.2806,4
FILHO,227,0,38002,27.3717,4
WAIT,227,1,0,38002,27.5847,4
FILHO,227,7,38009,27.8287,4
WAIT,227,2,7,38009,28.0651,4
FILHO,227,1,38003,29.1048,4
WAIT,227,3,1,38003,29.3578,4
FILHO,227,2,38004,29.4421,4
WAIT,227,4,2,38004,29.6268,4
FILHO,227,5,38007,30.5397,4
WAIT,227,5,5,38007,30.7223,4
FILHO,227,4,38006,30.8128,4
WAIT,227,6,4,38006,30.9515,4
FILHO,227,6,38008,31.3327,4
WAIT,227,7,6,38008,31.4922,4
FILHO,228,1,38013,15.6866,4
FILHO,228,2,38014,15.9146,4
WAIT,228,0,1,38013,15.9402,4
WAIT,228,1,2,38014,18.1347,4
FILHO,228,4,38016,27.0392,4
WAIT,228,2,4,38016,27.2540,4
FILHO,228,0,38012,27.7532,4
WAIT,228,3,0,38012,27.9253,4
FILHO,228,5,38017,27.9485,4
WAIT,228,4,5,38017,28.1551,4
FILHO,228,7,38019,30.1790,4
WAIT,228,5,7,38019,30.3597,4
FILHO,228,3,38015,30.7954,4
WAIT,228,6,3,38015,30.9407,4
FILHO,228,6,38018,32.7846,4
WAIT,228,7,6,38018,32.9189,4
FILHO,229,0,38022,15.1848,4
FILHO,229,1,38023,15.3302,4
WAIT,229,0,0,38022,15.4522,4
WAIT,229,1,1,38023,15.5892,4
FILHO,229,2,38024,16.0793,4
WAIT,229,2,2,38024,16.2600,4
FILHO,229,6,38028,27.1519,4
WAIT,229,3,6,38028,27.3849,4
FILHO,229,3,38025,27.8904,4
WAIT,229,4,3,38025,28.0702,4
FILHO,229,7,38029,28.6666,4
WAIT,229,5,7,38029,28.8665,4
FILHO,229,4,38026,31.6328,4
WAIT,229,6,4,38026,31.7860,4
FILHO,229,5,38027,32.6123,4
WAIT,229,7,5,38027,32.7545,4
FILHO,230,1,38033,15.0193,4
WAIT,230,0,1,38033,15.2434,4
FILHO,230,3,38035,19.3491,4
WAIT,230,1,3,38035,19.5393,4
FILHO,230,4,38036,29.0624,4
WAIT,230,2,4,38036,29.2956,4
FILHO,230,2,38034,29.9790,4
FILHO,230,5,38037,30.4484,4
WAIT,230,3,2,38034,30.6508,4
FILHO,230,6,38038,30.5941,4
WAIT,230,4,5,38037,30.6694,4
WAIT,230,5,6,38038,30.8252,4
FILHO,230,0,38032,30.9960,4
WAIT,230,6,0,38032,31.1333,4
FILHO,230,7,38039,33.1011,4
WAIT,230,7,7,38039,33.2511,4
FILHO,231,3,38045,17.1364,4
WAIT,231,0,3,38045,17.3821,4
FILHO,231,1,38043,23.6153,4
WAIT,231,1,1,38043,23.8402,4
FILHO,231,4,38046,23.9083,4
WAIT,231,2,4,38046,24.0913,4
FILHO,231,2,38044,29.4600,4
FILHO,231,5,38047,30.2784,4
WAIT,231,3,2,38044,30.5123,4
WAIT,231,4,5,38047,30.5275,4
FILHO,231,0,38042,30.7070,4
WAIT,231,5,0,38042,30.8573,4
FILHO,231,7,38049,30.8586,4
WAIT,231,6,7,38049,31.0392,4
FILHO,231,6,38048,32.6627,4
WAIT,231,7,6,38048,32.8108,4
FILHO,232,5,38057,15.3609,4
FILHO,232,1,38053,15.6750,4
WAIT,232,0,1,38053,15.8843,4
WAIT,232,1,5,38057,15.9081,4
FILHO,232,3,38055,25.3662,4
WAIT,232,2,3,38055,25.5501,4
FILHO,232,2,38054,25.6940,4
WAIT,232,3,2,38054,25.8500,4
FILHO,232,4,38056,27.4634,4
WAIT,232,4,4,38056,27.6918,4
FILHO,232,7,38059,31.2131,4
WAIT,232,5,7,38059,31.3691,4
FILHO,232,6,38058,32.0016,4
WAIT,232,6,6,38058,32.1949,4
FILHO,232,0,38052,32.5106,4
WAIT,232,7,0,38052,32.6499,4
FILHO,233,6,38068,15.8038,4
WAIT,233,0,6,38068,20.9323,4
FILHO,233,1,38063,22.5315,4
WAIT,233,1,1,38063,22.7430,4
FILHO,233,7,38069,23.9781,4
WAIT,233,2,7,38069,24.2090,4
FILHO,233,3,38065,30.0397,4
WAIT,233,3,3,38065,30.2472,4
FILHO,233,2,38064,30.7128,4
WAIT,233,4,2,38064,30.9520,4
FILHO,233,0,38062,32.2867,4
WAIT,233,5,0,38062,32.4737,4
FILHO,233,4,38066,32.5111,4
WAIT,233,6,4,38066,32.6676,4
FILHO,233,5,38067,33.3246,4
WAIT,233,7,5,38067,33.4729,4
FILHO,234,1,38073,15.8150,4
WAIT,234,0,1,38073,16.0592,4
FILHO,234,2,38074,16.2139,4
WAIT,234,1,2,38074,16.3974,4
FILHO,234,3,38075,26.2778,4
WAIT,234,2,3,38075,26.4642,4
FILHO,234,4,38076,26.9404,4
FILHO,234,0,38072,28.1478,4
WAIT,234,3,0,38072,28.3329,4
WAIT,234,4,4,38076,28.3519,4
FILHO,234,5,38077,29.1647,4
WAIT,234,5,5,38077,29.3239,4
FILHO,234,6,38078,32.7689,4
WAIT,234,6,6,38078,32.9813,4
FILHO,234,7,38079,33.4639,4
WAIT,234,7,7,38079,33.5989,4
FILHO,235,1,38083,15.4081,4
WAIT,235,0,1,38083,15.6537,4
FILHO,235,2,38084,15.8275,4
WAIT,235,1,2,38084,16.0169,4
FILHO,235,3,38085,26.0935,4
WAIT,235,2,3,38085,26.2794,4
FILHO,235,4,38086,26.5251,4
FILHO,235,0,38082,26.9090,4
WAIT,235,3,0,38082,27.1253,4
WAIT,235,4,4,38086,27.1442,4
FILHO,235,5,38087,28.8409,4
WAIT,235,5,5,38087,28.9907,4
FILHO,235,6,38088,32.3940,4
WAIT,235,6,6,38088,32.5707,4
FILHO,235,7,38089,33.3454,4
WAIT,235,7,7,38089,33.4896,4
FILHO,236,1,38093,16.3404,4
WAIT,236,0,1,38093,16.5526,4
FILHO,236,4,38096,22.8687,4
WAIT,236,1,4,38096,23.0468,4
FILHO,236,5,38097,26.3138,4
WAIT,236,2,5,38097,26.4972,4
FILHO,236,6,38098,30.2345,4
FILHO,236,2,38094,30.4529,4
FILHO,236,3,38095,30.5794,4
WAIT,236,3,2,38094,30.6635,4
WAIT,236,4,6,38098,30.6824,4
WAIT,236,5,3,38095,30.7527,4
FILHO,236,0,38092,32.0211,4
WAIT,236,6,0,38092,32.1941,4
FILHO,236,7,38099,32.5825,4
WAIT,236,7,7,38099,32.7268,4
FILHO,237,3,38105,15.6015,4
WAIT,237,0,3,38105,15.8080,4
FILHO,237,1,38103,19.0788,4
WAIT,237,1,1,38103,19.2646,4
FILHO,237,7,38109,26.8289,4
WAIT,237,2,7,38109,27.0340,4
FILHO,237,2,38104,27.4268,4
WAIT,237,3,2,38104,27.6125,4
FILHO,237,0,38102,27.8948,4
WAIT,237,4,0,38102,28.0644,4
FILHO,237,5,38107,29.3197,4
WAIT,237,5,5,38107,29.4817,4
FILHO,237,4,38106,30.6131,4
WAIT,237,6,4,38106,30.7940,4
FILHO,237,6,38108,32.9341,4
WAIT,237,7,6,38108,33.0843,4
FILHO,238,1,38113,15.5689,4
WAIT,238,0,1,38113,15.8237,4
FILHO,238,2,38114,15.8717,4
WAIT,238,1,2,38114,16.0584,4
FILHO,238,3,38115,25.4460,4
WAIT,238,2,3,38115,25.6545,4
FILHO,238,4,38116,27.1738,4
WAIT,238,3,4,38116,28.2501,4
FILHO,238,7,38119,28.6434,4
WAIT,238,4,7,38119,28.8394,4
FILHO,238,0,38112,28.8466,4
WAIT,238,5,0,38112,29.0261,4
FILHO,238,5,38117,32.3867,4
WAIT,238,6,5,38117,32.5693,4
FILHO,238,6,38118,32.9444,4
WAIT,238,7,6,38118,33.0937,4
FILHO,239,5,38127,20.4589,4
FILHO,239,1,38123,24.4426,4
WAIT,239,0,1,38123,24.6988,4
WAIT,239,1,5,38127,24.7295,4
FILHO,239,7,38129,26.4740,4
WAIT,239,2,7,38129,26.6730,4
FILHO,239,0,38122,28.8092,4
WAIT,239,3,0,38122,28.9972,4
FILHO,239,2,38124,30.7292,4
WAIT,239,4,2,38124,30.9249,4
FILHO,239,6,38128,30.9834,4
WAIT,239,5,6,38128,31.1544,4
FILHO,239,3,38125,32.1459,4
WAIT,239,6,3,38125,32.2830,4
FILHO,239,4,38126,33.6311,4
WAIT,239,7,4,38126,33.7738,4
FILHO,240,1,38133,15.0465,4
WAIT,240,0,1,38133,15.3181,4
FILHO,240,2,38134,15.4257,4
WAIT,240,1,2,38134,18.2813,4
FILHO,240,5,38137,27.3952,4
WAIT,240,2,5,38137,27.6251,4
FILHO,240,6,38138,27.6181,4
WAIT,240,3,6,38138,27.7820,4
FILHO,240,0,38132,28.5838,4
WAIT,240,4,0,38132,28.7938,4
FILHO,240,7,38139,29.1420,4
WAIT,240,5,7,38139,29.3476,4
FILHO,240,3,38135,30.3406,4
WAIT,240,6,3,38135,30.4878,4
FILHO,240,4,38136,31.8701,4
WAIT,240,7,4,38136,32.0094,4
FILHO,241,2,38144,15.2026,4
WAIT,241,0,2,38144,18.1182,4
FILHO,241,1,38143,21.8376,4
WAIT,241,1,1,38143,22.0368,4
FILHO,241,7,38149,23.5843,4
WAIT,241,2,7,38149,23.8152,4
FILHO,241,5,38147,29.3758,4
FILHO,241,6,38148,29.3825,4
WAIT,241,3,5,38147,29.5621,4
WAIT,241,4,6,38148,29.5744,4
FILHO,241,0,38142,29.9170,4
WAIT,241,5,0,38142,30.0781,4
FILHO,241,4,38146,30.9926,4
FILHO,241,3,38145,31.0645,4
WAIT,241,6,4,38146,31.1736,4
WAIT,241,7,3,38145,31.2328,4
FILHO,242,1,38153,15.7079,4
FILHO,242,2,38154,15.9538,4
WAIT,242,0,1,38153,16.0632,4
WAIT,242,1,2,38154,16.1408,4
FILHO,242,3,38155,25.1962,4
WAIT,242,2,3,38155,25.3886,4
FILHO,242,4,38156,26.0260,4
WAIT,242,3,4,38156,26.2325,4
FILHO,242,5,38157,27.2031,4
WAIT,242,4,5,38157,27.4370,4
FILHO,242,7,38159,31.0383,4
WAIT,242,5,7,38159,31.2066,4
FILHO,242,0,38152,32.1799,4
WAIT,242,6,0,38152,32.3552,4
FILHO,242,6,38158,32.6676,4
WAIT,242,7,6,38158,32.8104,4
FILHO,243,1,38163,15.0144,4
WAIT,243,0,1,38163,15.2407,4
FILHO,243,2,38164,21.8557,4
WAIT,243,1,2,38164,22.0430,4
FILHO,243,3,38165,24.1008,4
WAIT,243,2,3,38165,24.2905,4
FILHO,243,0,38162,30.2710,4
WAIT,243,3,0,38162,30.5152,4
FILHO,243,7,38169,30.7361,4
FILHO,243,4,38166,30.7559,4
FILHO,243,5,38167,30.8070,4
WAIT,243,4,4,38166,30.9442,4
WAIT,243,5,7,38169,30.9620,4
WAIT,243,6,5,38167,31.0063,4
FILHO,243,6,38168,31.0271,4
WAIT,243,7,6,38168,31.1595,4
FILHO,244,1,38173,13.8201,4
WAIT,244,0,1,38173,14.0249,4
FILHO,244,4,38176,18.1071,4
WAIT,244,1,4,38176,18.3032,4
FILHO,244,7,38179,26.8191,4
FILHO,244,3,38175,27.7547,4
WAIT,244,2,3,38175,27.9640,4
WAIT,244,3,7,38179,27.9850,4
FILHO,244,2,38174,29.4420,4
WAIT,244,4,2,38174,29.6316,4
FILHO,244,5,38177,30.3566,4
WAIT,244,5,5,38177,30.5300,4
FILHO,244,0,38172,30.8082,4
WAIT,244,6,0,38172,30.9716,4
FILHO,244,6,38178,31.5271,4
WAIT,244,7,6,38178,31.6639,4
FILHO,245,4,38186,20.6290,4
WAIT,245,0,4,38186,20.8463,4
FILHO,245,1,38183,26.8393,4
FILHO,245,0,38182,26.8833,4
FILHO,245,7,38189,30.2584,4
FILHO,245,3,38185,30.5319,4
FILHO,245,2,38184,31.5488,4
FILHO,245,5,38187,31.8678,4
WAIT,245,1,0,38182,32.0366,4
WAIT,245,2,1,38183,32.0499,4
WAIT,245,3,2,38184,32.0564,4
WAIT,245,4,3,38185,32.0647,4
WAIT,245,5,5,38187,32.0711,4
WAIT,245,6,7,38189,32.0808,4
FILHO,245,6,38188,34.2372,4
WAIT,245,7,6,38188,34.4270,4
FILHO,246,4,38196,16.9228,4
FILHO,246,6,38198,18.2468,4
WAIT,246,0,4,38196,18.4412,4
WAIT,246,1,6,38198,18.4710,4
FILHO,246,3,38195,27.3947,4
FILHO,246,5,38197,27.5033,4
WAIT,246,2,3,38195,27.6059,4
WAIT,246,3,5,38197,30.4247,4
FILHO,246,1,38193,31.3640,4
FILHO,246,0,38192,31.4526,4
WAIT,246,4,1,38193,31.5622,4
FILHO,246,2,38194,31.5291,4
WAIT,246,5,0,38192,31.6321,4
WAIT,246,6,2,38194,31.7381,4
FILHO,246,7,38199,32.1767,4
WAIT,246,7,7,38199,32.3134,4
FILHO,247,3,38205,15.6632,4
WAIT,247,0,3,38205,17.6608,4
FILHO,247,1,38203,21.0394,4
WAIT,247,1,1,38203,21.2342,4
FILHO,247,7,38209,25.0769,4
WAIT,247,2,7,38209,25.2836,4
FILHO,247,0,38202,26.6776,4
WAIT,247,3,0,38202,29.8484,4
FILHO,247,5,38207,30.6230,4
FILHO,247,2,38204,30.6804,4
WAIT,247,4,5,38207,30.8620,4
WAIT,247,5,2,38204,30.8810,4
FILHO,247,6,38208,30.8604,4
WAIT,247,6,6,38208,31.0066,4
FILHO,247,4,38206,31.4303,4
WAIT,247,7,4,38206,31.5729,4
FILHO,248,3,38215,16.9230,4
WAIT,248,0,3,38215,17.1160,4
FILHO,248,1,38213,21.2319,4
WAIT,248,1,1,38213,21.4029,4
FILHO,248,7,38219,26.7612,4
WAIT,248,2,7,38219,26.9492,4
FILHO,248,2,38214,28.0970,4
FILHO,248,0,38212,28.1101,4
WAIT,248,3,2,38214,28.2722,4
WAIT,248,4,0,38212,28.2789,4
FILHO,248,4,38216,30.5311,4
WAIT,248,5,4,38216,30.6876,4
FILHO,248,6,38218,31.8762,4
WAIT,248,6,6,38218,32.0566,4
FILHO,248,5,38217,33.7417,4
WAIT,248,7,5,38217,33.8829,4
FILHO,249,3,38225,16.0727,4
WAIT,249,0,3,38225,16.3068,4
FILHO,249,1,38223,21.3092,4
WAIT,249,1,1,38223,24.4091,4
FILHO,249,7,38229,25.7352,4
WAIT,249,2,7,38229,25.9398,4
FILHO,249,0,38222,27.0430,4
FILHO,249,2,38224,27.2729,4
WAIT,249,3,0,38222,28.4108,4
WAIT,249,4,2,38224,28.4228,4
FILHO,249,4,38226,29.5346,4
WAIT,249,5,4,38226,29.6963,4
FILHO,249,5,38227,32.3172,4
WAIT,249,6,5,38227,32.5312,4
FILHO,249,6,38228,33.0610,4
WAIT,249,7,6,38228,33.2109,4
FILHO,250,3,38235,15.6178,4
WAIT,250,0,3,38235,15.8331,4
FILHO,250,1,38233,23.9161,4
FILHO,250,7,38239,24.8018,4
WAIT,250,1,1,38233,26.6859,4
WAIT,250,2,7,38239,26.6972,4
FILHO,250,0,38232,28.5362,4
WAIT,250,3,0,38232,28.7419,4
FILHO,250,2,38234,29.6943,4
WAIT,250,4,2,38234,29.8789,4
FILHO,250,4,38236,30.0284,4
WAIT,250,5,4,38236,30.2028,4
FILHO,250,5,38237,31.9816,4
WAIT,250,6,5,38237,32.1214,4
FILHO,250,6,38238,32.7576,4
WAIT,250,7,6,38238,32.8990,4
FILHO,251,1,38243,15.0428,4
WAIT,251,0,1,38243,15.3479,4
FILHO,251,3,38245,16.9975,4
WAIT,251,1,3,38245,18.2882,4
FILHO,251,5,38247,27.4037,4
WAIT,251,2,5,38247,27.5970,4
FILHO,251,6,38248,29.1934,4
WAIT,251,3,6,38248,29.4279,4
FILHO,251,2,38244,29.6775,4
WAIT,251,4,2,38244,29.8597,4
FILHO,251,7,38249,30.1591,4
WAIT,251,5,7,38249,30.3700,4
FILHO,251,4,38246,31.0279,4
WAIT,251,6,4,38246,31.1747,4
FILHO,251,0,38242,31.7085,4
WAIT,251,7,0,38242,31.8594,4
FILHO,252,1,38253,15.2492,4
WAIT,252,0,1,38253,15.4915,4
FILHO,252,2,38254,15.5227,4
WAIT,252,1,2,38254,15.7058,4
FILHO,252,3,38255,25.5190,4
WAIT,252,2,3,38255,25.7271,4
FILHO,252,4,38256,26.7016,4
FILHO,252,0,38252,27.1150,4
WAIT,252,3,0,38252,27.3259,4
WAIT,252,4,4,38256,27.3444,4
FILHO,252,7,38259,29.0166,4
WAIT,252,5,7,38259,29.1781,4
FILHO,252,5,38257,32.4914,4
FILHO,252,6,38258,32.6300,4
WAIT,252,6,5,38257,32.6699,4
WAIT,252,7,6,38258,32.7858,4
FILHO,253,5,38267,15.3994,4
WAIT,253,0,5,38267,15.7464,4
FILHO,253,0,38262,22.3330,4
WAIT,253,1,0,38262,22.5818,4
FILHO,253,7,38269,23.9354,4
WAIT,253,2,7,38269,25.4887,4
FILHO,253,1,38263,29.6025,4
WAIT,253,3,1,38263,29.8048,4
FILHO,253,2,38264,30.2867,4
WAIT,253,4,2,38264,30.4911,4
FILHO,253,3,38265,30.4445,4
FILHO,253,6,38268,30.4866,4
WAIT,253,5,3,38265,30.6534,4
WAIT,253,6,6,38268,30.6862,4
FILHO,253,4,38266,31.2747,4
WAIT,253,7,4,38266,31.4269,4
FILHO,254,6,38278,18.4086,4
WAIT,254,0,6,38278,18.7241,4
FILHO,254,5,38277,25.4880,4
WAIT,254,1,5,38277,25.7107,4
FILHO,254,7,38279,26.0045,4
WAIT,254,2,7,38279,26.1708,4
FILHO,254,4,38276,31.1651,4
FILHO,254,1,38273,31.8895,4
WAIT,254,3,1,38273,32.1495,4
WAIT,254,4,4,38276,32.1602,4
FILHO,254,2,38274,34.3645,4
WAIT,254,5,2,38274,34.5304,4
FILHO,254,0,38272,34.7650,4
WAIT,254,6,0,38272,34.9444,4
FILHO,254,3,38275,35.9295,4
WAIT,254,7,3,38275,36.0808,4
FILHO,255,1,38284,15.5462,4
WAIT,255,0,1,38284,15.8713,4
FILHO,255,2,38285,15.8769,4
WAIT,255,1,2,38285,18.6999,4
FILHO,255,3,38286,26.9502,4
WAIT,255,2,3,38286,27.1622,4
FILHO,255,0,38283,27.5705,4
WAIT,255,3,0,38283,27.7675,4
FILHO,255,4,38287,27.9791,4
WAIT,255,4,4,38287,28.1782,4
FILHO,255,7,38290,29.1926,4
WAIT,255,5,7,38290,29.3606,4
FILHO,255,6,38289,31.7919,4
WAIT,255,6,6,38289,31.9724,4
FILHO,255,5,38288,33.6210,4
WAIT,255,7,5,38288,33.7874,4
FILHO,256,4,38297,15.9185,4
WAIT,256,0,4,38297,18.3639,4
FILHO,256,1,38294,23.5084,4
WAIT,256,1,1,38294,23.7326,4
FILHO,256,7,38300,23.9875,4
WAIT,256,2,7,38300,24.2097,4
FILHO,256,6,38299,29.2167,4
FILHO,256,0,38293,30.1213,4
FILHO,256,3,38296,30.3077,4
WAIT,256,3,0,38293,30.4189,4
WAIT,256,4,6,38299,30.4408,4
WAIT,256,5,3,38296,30.5283,4
FILHO,256,2,38295,30.5475,4
WAIT,256,6,2,38295,30.7233,4
FILHO,256,5,38298,32.0756,4
WAIT,256,7,5,38298,32.2205,4
FILHO,257,1,38304,15.5686,4
FILHO,257,2,38305,15.7376,4
WAIT,257,0,1,38304,15.7974,4
WAIT,257,1,2,38305,15.9018,4
FILHO,257,5,38308,27.8898,4
FILHO,257,6,38309,27.8973,4
WAIT,257,2,5,38308,28.0673,4
WAIT,257,3,6,38309,28.0883,4
FILHO,257,0,38303,29.4256,4
FILHO,257,7,38310,29.5725,4
WAIT,257,4,0,38303,29.6538,4
WAIT,257,5,7,38310,29.7776,4
FILHO,257,3,38306,31.3124,4
WAIT,257,6,3,38306,31.4539,4
FILHO,257,4,38307,31.9987,4
WAIT,257,7,4,38307,32.1336,4
FILHO,258,3,38316,15.4065,4
WAIT,258,0,3,38316,18.2323,4
FILHO,258,1,38314,18.4162,4
WAIT,258,1,1,38314,18.5765,4
FILHO,258,0,38313,22.6868,4
WAIT,258,2,0,38313,22.8476,4
FILHO,258,2,38315,26.4929,4
WAIT,258,3,2,38315,26.6547,4
FILHO,258,7,38320,27.0349,4
WAIT,258,4,7,38320,27.2070,4
FILHO,258,4,38317,27.6836,4
WAIT,258,5,4,38317,27.8568,4
FILHO,258,5,38318,31.6165,4
WAIT,258,6,5,38318,31.7557,4
FILHO,258,6,38319,32.1291,4
WAIT,258,7,6,38319,32.2839,4
FILHO,259,1,38324,15.3427,4
WAIT,259,0,1,38324,15.5525,4
FILHO,259,3,38326,22.5905,4
WAIT,259,1,3,38326,22.8004,4
FILHO,259,4,38327,23.9081,4
WAIT,259,2,4,38327,24.1136,4
FILHO,259,0,38323,30.0826,4
FILHO,259,6,38329,30.1310,4
WAIT,259,3,0,38323,30.2600,4
WAIT,259,4,6,38329,30.3189,4
FILHO,259,5,38328,30.5197,4
WAIT,259,5,5,38328,30.6809,4
FILHO,259,2,38325,30.8209,4
WAIT,259,6,2,38325,30.9909,4
FILHO,259,7,38330,31.5234,4
WAIT,259,7,7,38330,31.6642,4
FILHO,260,1,38334,15.3669,4
WAIT,260,0,1,38334,15.6023,4
FILHO,260,5,38338,15.7678,4
WAIT,260,1,5,38338,15.9532,4
FILHO,260,6,38339,24.9526,4
FILHO,260,0,38333,24.9967,4
WAIT,260,2,6,38339,25.1452,4
WAIT,260,3,0,38333,25.1780,4
FILHO,260,7,38340,26.7600,4
WAIT,260,4,7,38340,26.9974,4
FILHO,260,4,38337,31.1688,4
FILHO,260,3,38336,31.2787,4
WAIT,260,5,4,38337,31.3481,4
WAIT,260,6,3,38336,31.4423,4
FILHO,260,2,38335,31.4549,4
WAIT,260,7,2,38335,31.6253,4
FILHO,261,1,38344,14.4192,4
WAIT,261,0,1,38344,14.6950,4
FILHO,261,4,38347,18.2117,4
WAIT,261,1,4,38347,18.4114,4
FILHO,261,6,38349,27.7604,4
WAIT,261,2,6,38349,28.6119,4
FILHO,261,3,38346,29.1585,4
WAIT,261,3,3,38346,29.3089,4
FILHO,261,2,38345,29.8215,4
WAIT,261,4,2,38345,29.9659,4
FILHO,261,5,38348,30.3972,4
WAIT,261,5,5,38348,30.5836,4
FILHO,261,0,38343,32.1453,4
WAIT,261,6,0,38343,32.2816,4
FILHO,261,7,38350,32.9091,4
WAIT,261,7,7,38350,33.0506,4
FILHO,262,1,38354,15.1111,4
WAIT,262,0,1,38354,15.4155,4
FILHO,262,5,38358,15.4679,4
WAIT,262,1,5,38358,16.0816,4
FILHO,262,0,38353,21.7978,4
WAIT,262,2,0,38353,22.0687,4
FILHO,262,6,38359,29.0691,4
WAIT,262,3,6,38359,29.2868,4
FILHO,262,7,38360,29.9364,4
WAIT,262,4,7,38360,30.2046,4
FILHO,262,3,38356,30.7211,4
WAIT,262,5,3,38356,30.9180,4
FILHO,262,4,38357,32.0891,4
WAIT,262,6,4,38357,32.2440,4
FILHO,262,2,38355,32.4728,4
WAIT,262,7,2,38355,32.6141,4
FILHO,263,1,38364,15.2504,4
WAIT,263,0,1,38364,15.5299,4
FILHO,263,2,38365,16.0108,4
WAIT,263,1,2,38365,16.2123,4
FILHO,263,3,38366,27.3460,4
FILHO,263,4,38367,27.4320,4
WAIT,263,2,3,38366,27.5715,4
FILHO,263,0,38363,27.7041,4
WAIT,263,3,0,38363,28.8944,4
WAIT,263,4,4,38367,28.9164,4
FILHO,263,5,38368,29.3466,4
WAIT,263,5,5,38368,29.5089,4
FILHO,263,6,38369,33.5388,4
FILHO,263,7,38370,33.5433,4
WAIT,263,6,6,38369,33.7190,4
WAIT,263,7,7,38370,33.7329,4
FILHO,264,1,38374,15.0678,4
WAIT,264,0,1,38374,17.5706,4
FILHO,264,2,38375,22.2484,4
WAIT,264,1,2,38375,22.4676,4
FILHO,264,3,38376,23.5682,4
WAIT,264,2,3,38376,23.7675,4
FILHO,264,6,38379,29.8472,4
FILHO,264,5,38378,29.5404,4
FILHO,264,0,38373,30.0972,4
WAIT,264,3,0,38373,30.2848,4
WAIT,264,4,5,38378,30.3047,4
WAIT,264,5,6,38379,30.3206,4
FILHO,264,7,38380,30.5188,4
WAIT,264,6,7,38380,30.7189,4
FILHO,264,4,38377,31.3954,4
WAIT,264,7,4,38377,31.5391,4
FILHO,265,1,38384,15.6049,4
WAIT,265,0,1,38384,15.9161,4
FILHO,265,6,38389,16.0393,4
WAIT,265,1,6,38389,16.2302,4
FILHO,265,2,38385,25.4161,4
WAIT,265,2,2,38385,25.6373,4
FILHO,265,0,38383,26.1407,4
WAIT,265,3,0,38383,26.3230,4
FILHO,265,5,38388,29.7419,4
WAIT,265,4,5,38388,29.9298,4
FILHO,265,3,38386,30.4306,4
WAIT,265,5,3,38386,30.6340,4
FILHO,265,4,38387,31.8128,4
WAIT,265,6,4,38387,32.0187,4
FILHO,265,7,38390,32.3681,4
WAIT,265,7,7,38390,32.5735,4
FILHO,266,2,38395,36.9067,4
FILHO,266,4,38397,38.3777,4
FILHO,266,0,38393,38.7601,4
FILHO,266,5,38398,38.9460,4
WAIT,266,0,0,38393,38.9775,4
WAIT,266,1,2,38395,39.0036,4
WAIT,266,2,4,38397,39.0094,4
WAIT,266,3,5,38398,39.1246,4
FILHO,266,1,38394,39.4447,4
WAIT,266,4,1,38394,39.6174,4
FILHO,266,3,38396,40.0754,4
WAIT,266,5,3,38396,40.2672,4
FILHO,266,6,38399,41.8704,4
WAIT,266,6,6,38399,42.0206,4
FILHO,266,7,38400,42.9487,4
WAIT,266,7,7,38400,43.0954,4
FILHO,267,2,38405,15.5868,4
FILHO,267,3,38406,15.6636,4
WAIT,267,0,2,38405,15.7938,4
WAIT,267,1,3,38406,15.8552,4
FILHO,267,1,38404,20.8413,4
WAIT,267,2,1,38404,21.0219,4
FILHO,267,6,38409,24.8569,4
WAIT,267,3,6,38409,25.0319,4
FILHO,267,5,38408,29.6752,4
WAIT,267,4,5,38408,29.8569,4
FILHO,267,0,38403,29.8375,4
WAIT,267,5,0,38403,30.0112,4
FILHO,267,7,38410,30.4176,4
WAIT,267,6,7,38410,30.5898,4
FILHO,267,4,38407,32.7135,4
WAIT,267,7,4,38407,32.8693,4
FILHO,268,1,38414,14.1856,4
WAIT,268,0,1,38414,14.4396,4
FILHO,268,4,38417,17.9130,4
WAIT,268,1,4,38417,18.1084,4
FILHO,268,2,38415,24.4030,4
WAIT,268,2,2,38415,24.6256,4
FILHO,268,0,38413,28.2761,4
WAIT,268,3,0,38413,28.4822,4
FILHO,268,5,38418,30.2138,4
WAIT,268,4,5,38418,30.5931,4
FILHO,268,3,38416,31.5441,4
WAIT,268,5,3,38416,31.7647,4
FILHO,268,7,38420,32.1986,4
WAIT,268,6,7,38420,32.3575,4
FILHO,268,6,38419,32.8115,4
WAIT,268,7,6,38419,32.9582,4
FILHO,269,5,38428,15.5389,4
FILHO,269,2,38425,15.6016,4
WAIT,269,0,2,38425,15.8068,4
WAIT,269,1,5,38428,15.8452,4
FILHO,269,0,38423,25.0918,4
WAIT,269,2,0,38423,25.2942,4
FILHO,269,7,38430,26.8572,4
WAIT,269,3,7,38430,27.0999,4
FILHO,269,3,38426,29.7732,4
WAIT,269,4,3,38426,30.0229,4
FILHO,269,6,38429,30.0438,4
WAIT,269,5,6,38429,30.2260,4
FILHO,269,1,38424,30.7504,4
WAIT,269,6,1,38424,30.9190,4
FILHO,269,4,38427,30.9403,4
WAIT,269,7,4,38427,31.0857,4
FILHO,270,1,38434,23.1750,4
FILHO,270,0,38433,27.8699,4
FILHO,270,6,38439,29.3548,4
FILHO,270,4,38437,30.4328,4
WAIT,270,0,0,38433,30.6654,4
WAIT,270,1,1,38434,30.7040,4
WAIT,270,2,4,38437,30.7194,4
WAIT,270,3,6,38439,30.7351,4
FILHO,270,3,38436,30.8224,4
WAIT,270,4,3,38436,30.9966,4
FILHO,270,2,38435,31.0054,4
FILHO,270,7,38440,31.0572,4
WAIT,270,5,2,38435,31.1820,4
WAIT,270,6,7,38440,31.2191,4
FILHO,270,5,38438,31.7357,4
WAIT,270,7,5,38438,31.8855,4
FILHO,271,1,38444,13.4406,4
WAIT,271,0,1,38444,13.7105,4
FILHO,271,4,38447,19.3163,4
WAIT,271,1,4,38447,19.5223,4
FILHO,271,3,38446,23.8110,4
WAIT,271,2,3,38446,24.9768,4
FILHO,271,2,38445,26.4508,4
WAIT,271,3,2,38445,26.6382,4
FILHO,271,7,38450,28.8063,4
WAIT,271,4,7,38450,29.0468,4
FILHO,271,0,38443,29.5214,4
WAIT,271,5,0,38443,29.6725,4
FILHO,271,5,38448,32.9143,4
WAIT,271,6,5,38448,33.1064,4
FILHO,271,6,38449,33.3702,4
WAIT,271,7,6,38449,33.5081,4
FILHO,272,3,38456,15.4397,4
WAIT,272,0,3,38456,15.6703,4
FILHO,272,1,38454,21.8100,4
WAIT,272,1,1,38454,22.0329,4
FILHO,272,7,38460,23.9891,4
WAIT,272,2,7,38460,24.2271,4
FILHO,272,6,38459,29.8267,4
FILHO,272,4,38457,30.0003,4
FILHO,272,0,38453,26.9704,4
WAIT,272,3,0,38453,30.2272,4
WAIT,272,4,4,38457,30.2423,4
WAIT,272,5,6,38459,30.2493,4
FILHO,272,2,38455,30.6722,4
WAIT,272,6,2,38455,30.8627,4
FILHO,272,5,38458,31.0006,4
WAIT,272,7,5,38458,31.1690,4
FILHO,273,3,38466,15.4396,4
WAIT,273,0,3,38466,15.6601,4
FILHO,273,1,38464,21.0253,4
WAIT,273,1,1,38464,21.2136,4
FILHO,273,7,38470,24.6529,4
WAIT,273,2,7,38470,24.8687,4
FILHO,273,0,38463,25.9614,4
WAIT,273,3,0,38463,26.1840,4
FILHO,273,2,38465,27.2157,4
WAIT,273,4,2,38465,27.4061,4
FILHO,273,6,38469,29.2364,4
WAIT,273,5,6,38469,29.4118,4
FILHO,273,4,38467,31.1610,4
WAIT,273,6,4,38467,31.3615,4
FILHO,273,5,38468,32.6349,4
WAIT,273,7,5,38468,32.7850,4
FILHO,274,1,38474,15.8252,4
FILHO,274,3,38476,16.0482,4
WAIT,274,0,1,38474,17.1038,4
WAIT,274,1,3,38476,17.1380,4
FILHO,274,0,38473,25.9751,4
WAIT,274,2,0,38473,26.2276,4
FILHO,274,6,38479,33.5833,4
WAIT,274,3,6,38479,33.8157,4
FILHO,274,4,38477,34.2908,4
FILHO,274,7,38480,34.3427,4
WAIT,274,4,4,38477,34.4929,4
WAIT,274,5,7,38480,34.5408,4
FILHO,274,2,38475,35.5792,4
WAIT,274,6,2,38475,35.7282,4
FILHO,274,5,38478,36.5590,4
WAIT,274,7,5,38478,36.7249,4
FILHO,275,2,38485,15.6560,4
FILHO,275,4,38487,15.7148,4
WAIT,275,0,2,38485,15.9676,4
WAIT,275,1,4,38487,16.0038,4
FILHO,275,0,38483,22.3820,4
WAIT,275,2,0,38483,22.5771,4
FILHO,275,3,38486,23.7452,4
WAIT,275,3,3,38486,23.9604,4
FILHO,275,1,38484,29.2674,4
WAIT,275,4,1,38484,29.4753,4
FILHO,275,5,38488,29.7474,4
WAIT,275,5,5,38488,29.9257,4
FILHO,275,6,38489,30.9329,4
WAIT,275,6,6,38489,31.0907,4
FILHO,275,7,38490,32.0198,4
WAIT,275,7,7,38490,32.1721,4
FILHO,276,7,38500,15.9402,4
WAIT,276,0,7,38500,16.2463,4
FILHO,276,6,38499,26.5529,4
WAIT,276,1,6,38499,26.7990,4
FILHO,276,5,38498,29.7488,4
FILHO,276,3,38496,29.8513,4
WAIT,276,2,5,38498,29.9870,4
FILHO,276,4,38497,27.9529,4
WAIT,276,3,4,38497,30.2173,4
FILHO,276,0,38493,30.2858,4
WAIT,276,4,0,38493,30.4980,4
WAIT,276,5,3,38496,30.5871,4
FILHO,276,2,38495,30.8213,4
WAIT,276,6,2,38495,30.9561,4
FILHO,276,1,38494,31.7526,4
WAIT,276,7,1,38494,31.9016,4
FILHO,277,2,38505,15.9565,4
FILHO,277,1,38504,16.0742,4
WAIT,277,0,1,38504,16.2497,4
WAIT,277,1,2,38505,16.2879,4
FILHO,277,7,38510,26.2017,4
FILHO,277,6,38509,26.5771,4
WAIT,277,2,6,38509,26.7608,4
WAIT,277,3,7,38510,26.7819,4
FILHO,277,0,38503,29.0586,4
WAIT,277,4,0,38503,29.2512,4
FILHO,277,5,38508,29.9374,4
WAIT,277,5,5,38508,30.0954,4
FILHO,277,3,38506,33.4704,4
WAIT,277,6,3,38506,33.6653,4
FILHO,277,4,38507,33.8484,4
WAIT,277,7,4,38507,33.9886,4
FILHO,278,5,38518,15.7172,4
WAIT,278,0,5,38518,16.0390,4
FILHO,278,1,38514,22.5013,4
WAIT,278,1,1,38514,22.7427,4
FILHO,278,7,38520,24.0242,4
WAIT,278,2,7,38520,24.2650,4
FILHO,278,6,38519,30.8809,4
WAIT,278,3,6,38519,31.1172,4
FILHO,278,0,38513,32.3680,4
WAIT,278,4,0,38513,32.5315,4
FILHO,278,2,38515,33.1027,4
WAIT,278,5,2,38515,34.6973,4
FILHO,278,3,38516,35.5718,4
WAIT,278,6,3,38516,35.7285,4
FILHO,278,4,38517,35.8587,4
WAIT,278,7,4,38517,36.0279,4
FILHO,279,2,38525,15.6063,4
WAIT,279,0,2,38525,15.8068,4
FILHO,279,4,38527,26.6138,4
WAIT,279,1,4,38527,26.8150,4
FILHO,279,1,38524,27.0493,4
WAIT,279,2,1,38524,27.2438,4
FILHO,279,3,38526,30.0978,4
FILHO,279,6,38529,30.2817,4
WAIT,279,3,3,38526,30.4342,4
WAIT,279,4,6,38529,30.4827,4
FILHO,279,7,38530,30.5222,4
WAIT,279,5,7,38530,30.6701,4
FILHO,279,5,38528,30.7284,4
FILHO,279,0,38523,30.8441,4
WAIT,279,6,5,38528,30.8947,4
WAIT,279,7,0,38523,30.9895,4
FILHO,280,1,38534,29.4107,4
WAIT,280,0,1,38534,29.5958,4
FILHO,280,0,38533,29.9131,4
WAIT,280,1,0,38533,30.0865,4
FILHO,280,5,38538,30.1980,4
FILHO,280,2,38535,30.2763,4
WAIT,280,2,5,38538,30.3945,4
WAIT,280,3,2,38535,30.4551,4
FILHO,280,4,38537,30.4563,4
FILHO,280,7,38540,30.8000,4
FILHO,280,6,38539,30.8719,4
WAIT,280,4,4,38537,30.9810,4
WAIT,280,5,7,38540,30.9924,4
FILHO,280,3,38536,30.9556,4
WAIT,280,6,6,38539,31.0438,4
WAIT,280,7,3,38536,31.1098,4
FILHO,281,3,38546,15.7364,4
WAIT,281,0,3,38546,15.9117,4
FILHO,281,1,38544,17.8248,4
WAIT,281,1,1,38544,18.0116,4
FILHO,281,4,38547,26.9764,4
WAIT,281,2,4,38547,27.1418,4
FILHO,281,5,38548,32.8052,4
WAIT,281,3,5,38548,33.0340,4
FILHO,281,0,38543,36.2335,4
FILHO,281,2,38545,36.5510,4
WAIT,281,4,0,38543,36.7538,4
WAIT,281,5,2,38545,36.7834,4
FILHO,281,6,38549,37.5086,4
WAIT,281,6,6,38549,37.6838,4
FILHO,281,7,38550,39.1729,4
WAIT,281,7,7,38550,39.3158,4
FILHO,282,0,38556,30.6538,4
WAIT,282,0,0,38556,32.1074,4
FILHO,282,7,38563,32.3802,4
FILHO,282,3,38559,33.2656,4
WAIT,282,1,3,38559,33.4490,4
WAIT,282,2,7,38563,33.4561,4
FILHO,282,5,38561,33.5186,4
WAIT,282,3,5,38561,33.6863,4
FILHO,282,2,38558,34.7065,4
WAIT,282,4,2,38558,34.8773,4
FILHO,282,4,38560,35.5430,4
WAIT,282,5,4,38560,35.7190,4
FILHO,282,6,38562,36.4683,4
WAIT,282,6,6,38562,36.6201,4
FILHO,282,1,38557,37.3207,4
WAIT,282,7,1,38557,37.5110,4
FILHO,283,4,38574,18.6068,4
WAIT,283,0,4,38574,26.3996,4
FILHO,283,5,38575,28.2938,4
WAIT,283,1,5,38575,28.5218,4
FILHO,283,3,38573,28.5610,4
WAIT,283,2,3,38573,28.7239,4
FILHO,283,2,38572,29.0099,4
WAIT,283,3,2,38572,29.1953,4
FILHO,283,6,38576,30.9407,4
WAIT,283,4,6,38576,31.4415,4
FILHO,283,1,38571,33.8048,4
WAIT,283,5,1,38571,33.9628,4
FILHO,283,0,38570,33.9802,4
WAIT,283,6,0,38570,34.1642,4
FILHO,283,7,38577,34.3344,4
WAIT,283,7,7,38577,34.5020,4
FILHO,284,3,38583,15.5340,4
WAIT,284,0,3,38583,15.7293,4
FILHO,284,1,38581,19.2372,4
WAIT,284,1,1,38581,19.4092,4
FILHO,284,7,38587,26.6477,4
WAIT,284,2,7,38587,26.8296,4
FILHO,284,0,38580,27.9749,4
WAIT,284,3,0,38580,28.1757,4
FILHO,284,2,38582,29.3554,4
FILHO,284,4,38584,29.4417,4
FILHO,284,5,38585,29.5108,4
WAIT,284,4,2,38582,29.5525,4
WAIT,284,5,4,38584,29.6504,4
WAIT,284,6,5,38585,29.7081,4
FILHO,284,6,38586,32.2726,4
WAIT,284,7,6,38586,32.4154,4
FILHO,285,1,38591,15.2930,4
WAIT,285,0,1,38591,15.5515,4
FILHO,285,3,38593,15.6876,4
WAIT,285,1,3,38593,15.8884,4
FILHO,285,4,38594,25.4700,4
WAIT,285,2,4,38594,25.6671,4
FILHO,285,2,38592,25.6913,4
WAIT,285,3,2,38592,25.9289,4
FILHO,285,5,38595,27.0856,4
WAIT,285,4,5,38595,27.2997,4
FILHO,285,0,38590,29.4444,4
WAIT,285,5,0,38590,29.6235,4
FILHO,285,6,38596,31.0702,4
WAIT,285,6,6,38596,31.2203,4
FILHO,285,7,38597,32.9956,4
WAIT,285,7,7,38597,33.1335,4
FILHO,286,1,38601,14.1344,4
WAIT,286,0,1,38601,14.3541,4
FILHO,286,5,38605,17.4870,4
WAIT,286,1,5,38605,17.6759,4
FILHO,286,3,38603,24.3245,4
WAIT,286,2,3,38603,26.3507,4
FILHO,286,4,38604,26.4592,4
WAIT,286,3,4,38604,26.6385,4
FILHO,286,2,38602,26.7225,4
WAIT,286,4,2,38602,26.8810,4
FILHO,286,0,38600,30.0336,4
WAIT,286,5,0,38600,30.2056,4
FILHO,286,6,38606,30.8735,4
WAIT,286,6,6,38606,31.0200,4
FILHO,286,7,38607,32.4631,4
WAIT,286,7,7,38607,32.5989,4
FILHO,287,1,38611,15.9086,4
WAIT,287,0,1,38611,16.0907,4
FILHO,287,3,38613,16.3100,4
WAIT,287,1,3,38613,16.4959,4
FILHO,287,0,38610,21.4888,4
WAIT,287,2,0,38610,21.6593,4
FILHO,287,6,38616,28.1630,4
WAIT,287,3,6,38616,28.3330,4
FILHO,287,7,38617,28.4870,4
WAIT,287,4,7,38617,28.6492,4
FILHO,287,2,38612,30.6101,4
WAIT,287,5,2,38612,30.7553,4
FILHO,287,5,38615,31.0937,4
WAIT,287,6,5,38615,31.2605,4
FILHO,287,4,38614,32.6556,4
WAIT,287,7,4,38614,32.7949,4
FILHO,288,1,38621,14.9875,4
WAIT,288,0,1,38621,15.1750,4
FILHO,288,3,38623,15.4204,4
WAIT,288,1,3,38623,15.5968,4
FILHO,288,0,38620,20.8694,4
WAIT,288,2,0,38620,21.0503,4
FILHO,288,6,38626,27.5208,4
FILHO,288,7,38627,27.5647,4
WAIT,288,3,6,38626,27.6941,4
WAIT,288,4,7,38627,27.7466,4
FILHO,288,4,38624,29.9589,4
WAIT,288,5,4,38624,30.1320,4
FILHO,288,2,38622,30.2529,4
WAIT,288,6,2,38622,30.3986,4
FILHO,288,5,38625,31.7454,4
WAIT,288,7,5,38625,31.8787,4
FILHO,289,3,38633,16.0108,4
WAIT,289,0,3,38633,18.3432,4
FILHO,289,1,38631,21.1921,4
WAIT,289,1,1,38631,21.3896,4
FILHO,289,7,38637,26.1757,4
WAIT,289,2,7,38637,26.3766,4
FILHO,289,0,38630,30.7421,4
WAIT,289,3,0,38630,30.9135,4
FILHO,289,4,38634,30.9386,4
FILHO,289,6,38636,31.1922,4
FILHO,289,5,38635,31.1966,4
WAIT,289,4,4,38634,31.3827,4
WAIT,289,5,5,38635,31.3955,4
WAIT,289,6,6,38636,31.4014,4
FILHO,289,2,38632,31.3993,4
WAIT,289,7,2,38632,31.5394,4
FILHO,290,1,38641,18.6381,4
WAIT,290,0,1,38641,18.8170,4
FILHO,290,4,38644,24.6520,4
FILHO,290,3,38643,24.7694,4
WAIT,290,1,4,38644,24.8236,4
WAIT,290,2,3,38643,24.9401,4
FILHO,290,2,38642,30.3810,4
WAIT,290,3,2,38642,30.6703,4
FILHO,290,5,38645,30.8113,4
FILHO,290,7,38647,30.8890,4
WAIT,290,4,5,38645,30.9864,4
WAIT,290,5,7,38647,31.0804,4
FILHO,290,0,38640,31.2762,4
WAIT,290,6,0,38640,31.4072,4
FILHO,290,6,38646,32.2219,4
WAIT,290,7,6,38646,32.3538,4
FILHO,291,3,38653,15.4543,4
WAIT,291,0,3,38653,15.6356,4
FILHO,291,1,38651,19.1069,4
WAIT,291,1,1,38651,19.2703,4
FILHO,291,7,38657,27.0949,4
WAIT,291,2,7,38657,27.2569,4
FILHO,291,2,38652,29.1649,4
WAIT,291,3,2,38652,29.3389,4
FILHO,291,4,38654,29.5475,4
WAIT,291,4,4,38654,29.7106,4
FILHO,291,6,38656,30.5036,4
WAIT,291,5,6,38656,30.6615,4
FILHO,291,5,38655,31.8647,4
WAIT,291,6,5,38655,32.0338,4
FILHO,291,0,38650,32.2651,4
WAIT,291,7,0,38650,32.3939,4
FILHO,292,1,38661,13.0117,4
WAIT,292,0,1,38661,13.1850,4
FILHO,292,5,38665,22.4385,4
WAIT,292,1,5,38665,22.6235,4
FILHO,292,0,38660,22.7437,4
WAIT,292,2,0,38660,22.9046,4
FILHO,292,4,38664,28.7123,4
WAIT,292,3,4,38664,28.8755,4
FILHO,292,3,38663,29.7825,4
WAIT,292,4,3,38663,29.9613,4
FILHO,292,2,38662,30.4634,4
WAIT,292,5,2,38662,30.6433,4
FILHO,292,6,38666,31.3018,4
WAIT,292,6,6,38666,31.4301,4
FILHO,292,7,38667,31.7986,4
WAIT,292,7,7,38667,31.9349,4
FILHO,293,1,38671,15.1314,4
WAIT,293,0,1,38671,15.3136,4
FILHO,293,3,38673,21.6503,4
WAIT,293,1,3,38673,21.8372,4
FILHO,293,4,38674,24.2875,4
WAIT,293,2,4,38674,24.4851,4
FILHO,293,5,38675,29.2161,4
FILHO,293,0,38670,29.8790,4
WAIT,293,3,0,38670,30.0465,4
WAIT,293,4,5,38675,30.1943,4
FILHO,293,6,38676,30.3746,4
FILHO,293,2,38672,30.3995,4
WAIT,293,5,6,38676,30.5473,4
WAIT,293,6,2,38672,30.5590,4
FILHO,293,7,38677,30.9296,4
WAIT,293,7,7,38677,31.0602,4
FILHO,294,3,38683,16.2497,4
WAIT,294,0,3,38683,16.4635,4
FILHO,294,1,38681,22.2225,4
WAIT,294,1,1,38681,22.3984,4
FILHO,294,6,38686,24.0787,4
WAIT,294,2,6,38686,24.2753,4
FILHO,294,2,38682,30.1191,4
FILHO,294,0,38680,30.3081,4
WAIT,294,3,2,38682,30.3620,4
FILHO,294,5,38685,30.3446,4
WAIT,294,4,0,38680,30.4992,4
WAIT,294,5,5,38685,30.5175,4
FILHO,294,4,38684,30.7762,4
WAIT,294,6,4,38684,30.9040,4
FILHO,294,7,38687,31.0398,4
WAIT,294,7,7,38687,31.1959,4
FILHO,295,1,38691,15.7161,4
FILHO,295,3,38693,15.8852,4
WAIT,295,0,1,38691,15.9142,4
WAIT,295,1,3,38693,16.0875,4
FILHO,295,0,38690,23.9447,4
FILHO,295,5,38695,25.6564,4
WAIT,295,2,0,38690,25.8771,4
WAIT,295,3,5,38695,25.8851,4
FILHO,295,7,38697,27.5443,4
WAIT,295,4,7,38697,27.7750,4
FILHO,295,2,38692,31.0980,4
WAIT,295,5,2,38692,31.2781,4
FILHO,295,6,38696,31.7451,4
WAIT,295,6,6,38696,31.8995,4
FILHO,295,4,38694,31.9812,4
WAIT,295,7,4,38694,32.1229,4
FILHO,296,1,38701,15.5644,4
WAIT,296,0,1,38701,18.0667,4
FILHO,296,6,38706,22.9316,4
WAIT,296,1,6,38706,23.1330,4
FILHO,296,7,38707,23.6224,4
WAIT,296,2,7,38707,23.7691,4
FILHO,296,0,38700,28.2301,4
WAIT,296,3,0,38700,28.4201,4
FILHO,296,2,38702,28.5114,4
WAIT,296,4,2,38702,28.6939,4
FILHO,296,5,38705,29.9770,4
WAIT,296,5,5,38705,30.1700,4
FILHO,296,3,38703,32.2505,4
WAIT,296,6,3,38703,32.3835,4
FILHO,296,4,38704,32.5064,4
WAIT,296,7,4,38704,32.6410,4
FILHO,297,1,38711,15.0720,4
WAIT,297,0,1,38711,15.2959,4
FILHO,297,3,38713,21.6793,4
WAIT,297,1,3,38713,21.8761,4
FILHO,297,4,38714,24.2093,4
WAIT,297,2,4,38714,24.3961,4
FILHO,297,5,38715,29.0038,4
WAIT,297,3,5,38715,30.2101,4
FILHO,297,2,38712,30.9210,4
WAIT,297,4,2,38712,31.1471,4
FILHO,297,0,38710,31.2173,4
WAIT,297,5,0,38710,31.4048,4
FILHO,297,6,38716,31.5631,4
WAIT,297,6,6,38716,31.7504,4
FILHO,297,7,38717,32.6991,4
WAIT,297,7,7,38717,32.8409,4
FILHO,298,3,38723,15.4896,4
WAIT,298,0,3,38723,15.6791,4
FILHO,298,1,38721,18.8073,4
WAIT,298,1,1,38721,18.9788,4
FILHO,298,0,38720,24.2332,4
WAIT,298,2,0,38720,24.4106,4
FILHO,298,2,38722,27.3324,4
FILHO,298,7,38727,27.3351,4
WAIT,298,3,2,38722,27.5276,4
WAIT,298,4,7,38727,27.5470,4
FILHO,298,6,38726,29.3778,4
WAIT,298,5,6,38726,29.5205,4
FILHO,298,4,38724,31.3093,4
WAIT,298,6,4,38724,31.4867,4
FILHO,298,5,38725,32.9904,4
WAIT,298,7,5,38725,33.1505,4
FILHO,299,1,38731,15.1072,4
WAIT,299,0,1,38731,15.2797,4
FILHO,299,3,38733,15.5389,4
WAIT,299,1,3,38733,15.7192,4
FILHO,299,0,38730,24.0928,4
WAIT,299,2,0,38730,24.2666,4
FILHO,299,5,38735,24.8870,4
WAIT,299,3,5,38735,25.0497,4
FILHO,299,7,38737,27.3920,4
WAIT,299,4,7,38737,27.5675,4
FILHO,299,6,38736,31.0104,4
WAIT,299,5,6,38736,31.1543,4
FILHO,299,4,38734,31.1499,4
WAIT,299,6,4,38734,31.3131,4
FILHO,299,2,38732,31.6351,4
WAIT,299,7,2,38732,31.7946,4
